0.00,5.000,18.271,17.771,17.771,0.271,0.000,0.7241,0.000,5.000,0.500,2720.67
5.00,5.000,18.247,6.547,31.398,25.098,24.851,0.9303,3.760,5.640,11.700,382.63
6.00,1.000,18.243,6.543,33.723,27.423,27.180,0.9634,22.251,6.281,11.700,412.35
11.00,5.000,18.243,6.543,26.689,20.389,20.146,0.9989,25.000,6.921,11.700,444.55
16.00,5.000,18.239,6.548,6.548,0.239,0.000,1.0000,25.000,6.977,11.691,447.30
21.00,5.000,18.235,6.553,22.612,16.293,16.058,1.0000,25.000,7.032,11.681,449.55
26.00,5.000,18.231,6.559,34.767,28.439,28.208,1.0000,25.000,7.087,11.672,451.78
31.00,5.000,18.227,6.564,17.655,11.318,11.091,1.0000,25.000,7.142,11.663,453.98
36.00,5.000,18.223,6.569,6.569,0.223,0.000,1.0000,25.000,7.196,11.654,456.17
41.00,5.000,18.219,6.574,30.284,23.929,23.710,1.0000,25.000,7.249,11.645,458.33
46.00,5.000,18.214,6.579,31.613,25.248,25.034,1.0000,25.000,7.303,11.636,460.48
51.00,5.000,18.210,6.584,6.967,0.594,0.384,1.0000,25.000,7.356,11.627,462.60
56.00,5.000,18.206,6.590,6.590,0.206,0.000,1.0000,25.000,7.416,11.617,465.14
61.00,5.000,18.202,6.594,6.594,0.202,0.000,1.0000,25.000,7.468,11.608,467.23
66.00,5.000,18.198,6.599,6.599,0.198,0.000,1.0000,25.000,7.520,11.599,469.30
71.00,5.000,18.194,6.603,6.603,0.194,0.000,1.0000,25.000,7.571,11.590,471.35
76.00,5.000,18.189,6.608,6.608,0.189,0.000,1.0000,25.000,7.622,11.582,473.39
81.00,5.000,18.185,6.612,6.612,0.185,0.000,1.0000,25.000,7.673,11.573,475.41
86.00,5.000,18.181,6.616,6.616,0.181,0.000,1.0000,25.000,7.724,11.565,477.41
91.00,5.000,18.177,6.620,6.620,0.177,0.000,1.0000,25.000,7.774,11.556,479.39
96.00,5.000,18.172,6.625,6.625,0.172,0.000,1.0000,25.000,7.823,11.548,481.36
101.00,5.000,18.168,6.629,6.629,0.168,0.000,1.0000,25.000,7.873,11.540,483.31
106.00,5.000,18.164,6.633,6.633,0.164,0.000,1.0000,25.000,7.922,11.531,485.25
111.00,5.000,18.160,6.636,6.636,0.160,0.000,1.0000,25.000,7.971,11.523,487.17
116.00,5.000,18.155,6.640,6.640,0.155,0.000,1.0000,25.000,8.019,11.515,489.07
121.00,5.000,18.151,6.644,6.644,0.151,0.000,1.0000,25.000,8.067,11.507,490.96
126.00,5.000,18.146,6.648,6.648,0.146,0.000,1.0000,25.000,8.115,11.499,492.83
131.00,5.000,18.142,6.651,6.651,0.142,0.000,1.0000,25.000,8.163,11.491,494.69
136.00,5.000,18.138,6.655,6.655,0.138,0.000,1.0000,25.000,8.210,11.483,496.54
141.00,5.000,18.133,6.658,6.658,0.133,0.000,1.0000,25.000,8.257,11.475,498.37
146.00,5.000,18.129,6.662,6.662,0.129,0.000,1.0000,25.000,8.304,11.467,500.18
151.00,5.000,18.124,6.665,6.665,0.124,0.000,1.0000,25.000,8.351,11.459,501.98
156.00,5.000,18.120,6.669,6.669,0.120,0.000,1.0000,25.000,8.397,11.451,503.77
161.00,5.000,18.115,6.672,6.672,0.115,0.000,1.0000,25.000,8.443,11.443,505.54
166.00,5.000,18.111,6.675,6.675,0.111,0.000,1.0000,25.000,8.489,11.436,507.29
171.00,5.000,18.106,6.678,6.678,0.106,0.000,1.0000,25.000,8.534,11.428,509.04
176.00,5.000,18.102,6.681,6.681,0.102,0.000,1.0000,25.000,8.580,11.420,510.77
181.00,5.000,18.097,6.684,6.684,0.097,0.000,1.0000,25.000,8.625,11.413,512.48
186.00,5.000,18.092,6.687,6.687,0.092,0.000,1.0000,25.000,8.670,11.405,514.19
191.00,5.000,18.088,6.690,6.690,0.088,0.000,1.0000,25.000,8.714,11.398,515.88
196.00,5.000,18.083,6.693,6.693,0.083,0.000,1.0000,25.000,8.759,11.390,517.55
201.00,5.000,18.079,6.696,6.696,0.079,0.000,1.0000,25.000,8.803,11.383,519.22
206.00,5.000,18.074,6.699,6.699,0.074,0.000,1.0000,25.000,8.847,11.375,520.87
211.00,5.000,18.069,6.701,6.701,0.069,0.000,1.0000,25.000,8.890,11.368,522.50
216.00,5.000,18.065,6.704,6.704,0.065,0.000,1.0000,25.000,8.934,11.361,524.13
221.00,5.000,18.060,6.706,6.706,0.060,0.000,1.0000,25.000,8.977,11.353,525.74
226.00,5.000,18.055,6.709,6.709,0.055,0.000,1.0000,25.000,9.020,11.346,527.34
231.00,5.000,18.050,6.711,6.711,0.050,0.000,1.0000,25.000,9.063,11.339,528.93
236.00,5.000,18.046,6.714,6.714,0.046,0.000,1.0000,25.000,9.106,11.332,530.50
241.00,5.000,18.041,6.716,6.716,0.041,0.000,1.0000,25.000,9.148,11.325,532.07
246.00,5.000,18.036,6.719,6.719,0.036,0.000,1.0000,25.000,9.190,11.317,533.62
251.00,5.000,18.031,6.721,6.721,0.031,0.000,1.0000,25.000,9.232,11.310,535.16
256.00,5.000,18.026,6.723,6.723,0.026,0.000,1.0000,25.000,9.274,11.303,536.68
261.00,5.000,18.022,6.725,6.725,0.022,0.000,1.0000,25.000,9.316,11.296,538.20
266.00,5.000,18.017,6.727,6.727,0.017,0.000,1.0000,25.000,9.357,11.289,539.70
271.00,5.000,18.012,6.730,6.730,0.012,0.000,1.0000,25.000,9.398,11.282,541.20
276.00,5.000,18.007,6.732,6.732,0.007,0.000,1.0000,25.000,9.439,11.275,542.68
281.00,5.000,18.002,6.734,6.734,0.002,0.000,1.0000,25.000,9.480,11.268,544.15
286.00,5.000,17.997,6.736,6.736,0.000,0.000,1.0000,25.000,9.521,11.262,545.60
291.00,5.000,17.992,6.738,6.738,0.000,0.000,1.0000,25.000,9.562,11.255,547.05
296.00,5.000,17.987,6.739,6.739,0.000,0.000,1.0000,25.000,9.602,11.248,548.49
301.00,5.000,17.982,6.741,6.741,0.000,0.000,1.0000,25.000,9.642,11.241,549.91
306.00,5.000,17.977,6.743,6.743,0.000,0.000,1.0000,25.000,9.682,11.234,551.32
311.00,5.000,17.973,6.745,6.745,0.000,0.000,1.0000,25.000,9.722,11.228,552.73
316.00,5.000,17.968,6.746,6.746,0.000,0.000,1.0000,25.000,9.762,11.221,554.12
321.00,5.000,17.963,6.748,6.748,0.000,0.000,1.0000,25.000,9.801,11.214,555.50
326.00,5.000,17.958,6.750,6.750,0.000,0.000,1.0000,25.000,9.840,11.208,556.87
331.00,5.000,17.952,6.751,6.751,0.000,0.000,1.0000,25.000,9.880,11.201,558.23
336.00,5.000,17.947,6.753,6.753,0.000,0.000,1.0000,25.000,9.919,11.195,559.58
341.00,5.000,17.942,6.754,6.754,0.000,0.000,1.0000,25.000,9.957,11.188,560.92
346.00,5.000,17.937,6.756,6.756,0.000,0.000,1.0000,25.000,9.996,11.182,562.25
351.00,5.000,17.932,6.757,6.757,0.000,0.000,1.0000,25.000,10.035,11.175,563.57
356.00,5.000,17.927,6.759,6.759,0.000,0.000,1.0000,25.000,10.073,11.169,564.87
361.00,5.000,17.922,6.760,6.760,0.000,0.000,1.0000,25.000,10.111,11.162,566.17
366.00,5.000,17.917,6.761,6.761,0.000,0.000,1.0000,25.000,10.149,11.156,567.46
371.00,5.000,17.912,6.762,6.762,0.000,0.000,1.0000,25.000,10.187,11.149,568.74
376.00,5.000,17.907,6.764,6.764,0.000,0.000,1.0000,25.000,10.225,11.143,570.01
381.00,5.000,17.901,6.765,6.765,0.000,0.000,1.0000,25.000,10.263,11.137,571.26
386.00,5.000,17.896,6.766,6.766,0.000,0.000,1.0000,25.000,10.300,11.130,572.51
391.00,5.000,17.891,6.767,6.767,0.000,0.000,1.0000,25.000,10.337,11.124,573.75
396.00,5.000,17.886,6.768,6.768,0.000,0.000,1.0000,25.000,10.375,11.118,574.98
401.00,5.000,17.881,6.769,6.769,0.000,0.000,1.0000,25.000,10.412,11.111,576.20
406.00,5.000,17.876,6.770,6.770,0.000,0.000,1.0000,25.000,10.448,11.105,577.41
411.00,5.000,17.870,6.771,6.771,0.000,0.000,1.0000,25.000,10.485,11.099,578.61
416.00,5.000,17.865,6.772,6.772,0.000,0.000,1.0000,25.000,10.522,11.093,579.80
421.00,5.000,17.860,6.773,6.773,0.000,0.000,1.0000,25.000,10.558,11.087,580.98
426.00,5.000,17.855,6.774,6.774,0.000,0.000,1.0000,25.000,10.595,11.081,582.15
431.00,5.000,17.849,6.775,6.775,0.000,0.000,1.0000,25.000,10.631,11.074,583.31
436.00,5.000,17.844,6.776,6.776,0.000,0.000,1.0000,25.000,10.667,11.068,584.47
441.00,5.000,17.839,6.776,6.776,0.000,0.000,1.0000,25.000,10.703,11.062,585.61
446.00,5.000,17.833,6.777,6.777,0.000,0.000,1.0000,25.000,10.739,11.056,586.75
451.00,5.000,17.828,6.778,6.778,0.000,0.000,1.0000,25.000,10.774,11.050,587.87
456.00,5.000,17.823,6.778,6.778,0.000,0.000,1.0000,25.000,10.810,11.044,588.99
461.00,5.000,17.817,6.779,6.779,0.000,0.000,1.0000,25.000,10.845,11.038,590.10
466.00,5.000,17.812,6.780,6.780,0.000,0.000,1.0000,25.000,10.881,11.032,591.20
471.00,5.000,17.807,6.780,6.780,0.000,0.000,1.0000,25.000,10.916,11.026,592.29
476.00,5.000,17.801,6.781,6.781,0.000,0.000,1.0000,25.000,10.951,11.021,593.38
481.00,5.000,17.796,6.781,6.781,0.000,0.000,1.0000,25.000,10.987,11.015,594.46
486.00,5.000,17.790,6.782,6.782,0.000,0.000,1.0000,25.000,11.022,11.009,595.54
491.00,5.000,17.785,6.782,6.782,0.000,0.000,1.0000,25.000,11.057,11.003,596.61
496.00,5.000,17.780,6.782,6.782,0.000,0.000,1.0000,25.000,11.093,10.997,597.68
501.00,5.000,17.774,6.783,6.783,0.000,0.000,1.0000,25.000,11.128,10.991,598.74
506.00,5.000,17.769,6.783,6.783,0.000,0.000,1.0000,25.000,11.163,10.985,599.80
511.00,5.000,17.763,6.783,6.783,0.000,0.000,1.0000,25.000,11.199,10.980,600.85
516.00,5.000,17.758,6.784,6.784,0.000,0.000,1.0000,25.000,11.234,10.974,601.89
521.00,5.000,17.752,6.784,6.784,0.000,0.000,1.0000,25.000,11.269,10.968,602.93
526.00,5.000,17.747,6.784,6.784,0.000,0.000,1.0000,25.000,11.304,10.963,603.96
531.00,5.000,17.741,6.784,6.784,0.000,0.000,1.0000,25.000,11.339,10.957,604.99
536.00,5.000,17.736,6.784,6.784,0.000,0.000,1.0000,25.000,11.375,10.951,606.01
541.00,5.000,17.730,6.785,6.785,0.000,0.000,1.0000,25.000,11.410,10.946,607.02
546.00,5.000,17.725,6.785,6.785,0.000,0.000,1.0000,25.000,11.445,10.940,608.03
551.00,5.000,17.719,6.785,6.785,0.000,0.000,1.0000,25.000,11.480,10.934,609.04
556.00,5.000,17.713,6.785,6.785,0.000,0.000,1.0000,25.000,11.515,10.929,610.04
561.00,5.000,17.708,6.785,6.785,0.000,0.000,1.0000,25.000,11.550,10.923,611.03
566.00,5.000,17.702,6.785,6.785,0.000,0.000,1.0000,25.000,11.585,10.918,612.02
571.00,5.000,17.697,6.785,6.785,0.000,0.000,1.0000,25.000,11.621,10.912,613.00
576.00,5.000,17.691,6.785,6.785,0.000,0.000,1.0000,25.000,11.656,10.907,613.97
581.00,5.000,17.686,6.784,6.784,0.000,0.000,1.0000,25.000,11.691,10.901,614.94
586.00,5.000,17.680,6.784,6.784,0.000,0.000,1.0000,25.000,11.726,10.896,615.91
591.00,5.000,17.674,6.784,6.784,0.000,0.000,1.0000,25.000,11.761,10.890,616.87
596.00,5.000,17.669,6.784,6.784,0.000,0.000,1.0000,25.000,11.796,10.885,617.82
601.00,5.000,17.663,6.784,6.784,0.000,0.000,1.0000,25.000,11.831,10.879,618.77
606.00,5.000,17.657,6.783,6.783,0.000,0.000,1.0000,25.000,11.866,10.874,619.71
611.00,5.000,17.652,6.783,6.783,0.000,0.000,1.0000,25.000,11.901,10.868,620.65
616.00,5.000,17.646,6.783,6.783,0.000,0.000,1.0000,25.000,11.936,10.863,621.58
621.00,5.000,17.640,6.782,6.782,0.000,0.000,1.0000,25.000,11.971,10.858,622.50
626.00,5.000,17.635,6.782,6.782,0.000,0.000,1.0000,25.000,12.006,10.852,623.42
631.00,5.000,17.629,6.782,6.782,0.000,0.000,1.0000,25.000,12.041,10.847,624.34
636.00,5.000,17.623,6.781,6.781,0.000,0.000,1.0000,25.000,12.075,10.842,625.24
641.00,5.000,17.617,6.781,6.781,0.000,0.000,1.0000,25.000,12.110,10.837,626.15
646.00,5.000,17.612,6.780,6.780,0.000,0.000,1.0000,25.000,12.145,10.831,627.05
651.00,5.000,17.606,6.780,6.780,0.000,0.000,1.0000,25.000,12.180,10.826,627.94
656.00,5.000,17.600,6.779,6.779,0.000,0.000,1.0000,25.000,12.215,10.821,628.82
661.00,5.000,17.594,6.779,6.779,0.000,0.000,1.0000,25.000,12.250,10.816,629.70
666.00,5.000,17.589,6.778,6.778,0.000,0.000,1.0000,25.000,12.285,10.810,630.58
671.00,5.000,17.583,6.777,6.777,0.000,0.000,1.0000,25.000,12.319,10.805,631.45
676.00,5.000,17.577,6.777,6.777,0.000,0.000,1.0000,25.000,12.354,10.800,632.31
681.00,5.000,17.571,6.776,6.776,0.000,0.000,1.0000,25.000,12.389,10.795,633.17
686.00,5.000,17.565,6.775,6.775,0.000,0.000,1.0000,25.000,12.424,10.790,634.03
691.00,5.000,17.559,6.775,6.775,0.000,0.000,1.0000,25.000,12.459,10.785,634.87
696.00,5.000,17.554,6.774,6.774,0.000,0.000,1.0000,25.000,12.493,10.780,635.72
701.00,5.000,17.548,6.773,6.773,0.000,0.000,1.0000,25.000,12.528,10.775,636.55
706.00,5.000,17.542,6.772,6.772,0.000,0.000,1.0000,25.000,12.563,10.770,637.38
711.00,5.000,17.536,6.772,6.772,0.000,0.000,1.0000,25.000,12.597,10.764,638.21
716.00,5.000,17.530,6.771,6.771,0.000,0.000,1.0000,25.000,12.632,10.759,639.03
721.00,5.000,17.524,6.770,6.770,0.000,0.000,1.0000,25.000,12.667,10.754,639.85
726.00,5.000,17.518,6.769,6.769,0.000,0.000,1.0000,25.000,12.701,10.749,640.66
731.00,5.000,17.512,6.768,6.768,0.000,0.000,1.0000,25.000,12.736,10.745,641.46
736.00,5.000,17.507,6.767,6.767,0.000,0.000,1.0000,25.000,12.771,10.740,642.26
741.00,5.000,17.501,6.766,6.766,0.000,0.000,1.0000,25.000,12.805,10.735,643.05
746.00,5.000,17.495,6.765,6.765,0.000,0.000,1.0000,25.000,12.840,10.730,643.84
751.00,5.000,17.489,6.764,6.764,0.000,0.000,1.0000,25.000,12.875,10.725,644.62
756.00,5.000,17.483,6.763,6.763,0.000,0.000,1.0000,25.000,12.909,10.720,645.40
761.00,5.000,17.477,6.762,6.762,0.000,0.000,1.0000,25.000,12.944,10.715,646.17
766.00,5.000,17.471,6.761,6.761,0.000,0.000,1.0000,25.000,12.978,10.710,646.94
771.00,5.000,17.465,6.760,6.760,0.000,0.000,1.0000,25.000,13.013,10.705,647.70
776.00,5.000,17.459,6.758,6.758,0.000,0.000,1.0000,25.000,13.047,10.700,648.45
781.00,5.000,17.453,6.757,6.757,0.000,0.000,1.0000,25.000,13.082,10.696,649.20
786.00,5.000,17.447,6.756,6.756,0.000,0.000,1.0000,25.000,13.116,10.691,649.95
791.00,5.000,17.441,6.755,6.755,0.000,0.000,1.0000,25.000,13.151,10.686,650.69
796.00,5.000,17.435,6.754,6.754,0.000,0.000,1.0000,25.000,13.185,10.681,651.42
801.00,5.000,17.429,6.752,6.752,0.000,0.000,1.0000,25.000,13.220,10.677,652.15
806.00,5.000,17.423,6.751,6.751,0.000,0.000,1.0000,25.000,13.254,10.672,652.88
811.00,5.000,17.417,6.750,6.750,0.000,0.000,1.0000,25.000,13.289,10.667,653.59
816.00,5.000,17.411,6.748,6.748,0.000,0.000,1.0000,25.000,13.323,10.662,654.31
821.00,5.000,17.405,6.747,6.747,0.000,0.000,1.0000,25.000,13.357,10.658,655.01
826.00,5.000,17.399,6.746,6.746,0.000,0.000,1.0000,25.000,13.392,10.653,655.72
831.00,5.000,17.392,6.744,6.744,0.000,0.000,1.0000,25.000,13.426,10.648,656.41
836.00,5.000,17.386,6.743,6.743,0.000,0.000,1.0000,25.000,13.460,10.644,657.11
841.00,5.000,17.380,6.741,6.741,0.000,0.000,1.0000,25.000,13.495,10.639,657.79
846.00,5.000,17.374,6.740,6.740,0.000,0.000,1.0000,25.000,13.529,10.634,658.47
851.00,5.000,17.368,6.738,6.738,0.000,0.000,1.0000,25.000,13.563,10.630,659.15
856.00,5.000,17.362,6.737,6.737,0.000,0.000,1.0000,25.000,13.598,10.625,659.82
861.00,5.000,17.356,6.735,6.735,0.000,0.000,1.0000,25.000,13.632,10.621,660.49
866.00,5.000,17.350,6.734,6.734,0.000,0.000,1.0000,25.000,13.666,10.616,661.15
871.00,5.000,17.344,6.732,6.732,0.000,0.000,1.0000,25.000,13.700,10.612,661.80
876.00,5.000,17.337,6.730,6.730,0.000,0.000,1.0000,25.000,13.735,10.607,662.45
881.00,5.000,17.331,6.729,6.729,0.000,0.000,1.0000,25.000,13.769,10.603,663.10
886.00,5.000,17.325,6.727,6.727,0.000,0.000,1.0000,25.000,13.803,10.598,663.74
891.00,5.000,17.319,6.725,6.725,0.000,0.000,1.0000,25.000,13.837,10.594,664.37
896.00,5.000,17.313,6.724,6.724,0.000,0.000,1.0000,25.000,13.872,10.589,665.00
901.00,5.000,17.307,6.722,6.722,0.000,0.000,1.0000,25.000,13.906,10.585,665.63
906.00,5.000,17.300,6.720,6.720,0.000,0.000,1.0000,25.000,13.940,10.580,666.25
911.00,5.000,17.294,6.718,6.718,0.000,0.000,1.0000,25.000,13.974,10.576,666.86
916.00,5.000,17.288,6.717,6.717,0.000,0.000,1.0000,25.000,14.008,10.571,667.47
921.00,5.000,17.282,6.715,6.715,0.000,0.000,1.0000,25.000,14.042,10.567,668.07
926.00,5.000,17.275,6.713,6.713,0.000,0.000,1.0000,25.000,14.076,10.563,668.67
931.00,5.000,17.269,6.711,6.711,0.000,0.000,1.0000,25.000,14.110,10.558,669.26
936.00,5.000,17.263,6.709,6.709,0.000,0.000,1.0000,25.000,14.144,10.554,669.85
941.00,5.000,17.257,6.707,6.707,0.000,0.000,1.0000,25.000,14.179,10.549,670.44
946.00,5.000,17.250,6.705,6.705,0.000,0.000,1.0000,25.000,14.213,10.545,671.01
951.00,5.000,17.244,6.703,6.703,0.000,0.000,1.0000,25.000,14.247,10.541,671.59
956.00,5.000,17.238,6.701,6.701,0.000,0.000,1.0000,25.000,14.281,10.537,672.16
961.00,5.000,17.232,6.699,6.699,0.000,0.000,1.0000,25.000,14.315,10.532,672.72
966.00,5.000,17.225,6.697,6.697,0.000,0.000,1.0000,25.000,14.349,10.528,673.28
971.00,5.000,17.219,6.695,6.695,0.000,0.000,1.0000,25.000,14.383,10.524,673.83
976.00,5.000,17.213,6.693,6.693,0.000,0.000,1.0000,25.000,14.417,10.519,674.38
981.00,5.000,17.206,6.691,6.691,0.000,0.000,1.0000,25.000,14.450,10.515,674.92
986.00,5.000,17.200,6.689,6.689,0.000,0.000,1.0000,25.000,14.484,10.511,675.46
991.00,5.000,17.194,6.687,6.687,0.000,0.000,1.0000,25.000,14.518,10.507,675.99
996.00,5.000,17.188,6.685,6.685,0.000,0.000,1.0000,25.000,14.552,10.503,676.52
1001.00,5.000,17.181,6.683,6.683,0.000,0.000,1.0000,25.000,14.586,10.498,677.04
1006.00,5.000,17.175,6.681,6.681,0.000,0.000,1.0000,25.000,14.620,10.494,677.56
1011.00,5.000,17.168,6.678,6.678,0.000,0.000,1.0000,25.000,14.654,10.490,678.08
1016.00,5.000,17.162,6.676,6.676,0.000,0.000,1.0000,25.000,14.688,10.486,678.58
1021.00,5.000,17.156,6.674,6.674,0.000,0.000,1.0000,25.000,14.722,10.482,679.09
1026.00,5.000,17.149,6.672,6.672,0.000,0.000,1.0000,25.000,14.755,10.478,679.59
1031.00,5.000,17.143,6.670,6.670,0.000,0.000,1.0000,25.000,14.789,10.473,680.08
1036.00,5.000,17.137,6.667,6.667,0.000,0.000,1.0000,25.000,14.823,10.469,680.57
1041.00,5.000,17.130,6.665,6.665,0.000,0.000,1.0000,25.000,14.857,10.465,681.05
1046.00,5.000,17.124,6.663,6.663,0.000,0.000,1.0000,25.000,14.890,10.461,681.53
1051.00,5.000,17.117,6.660,6.660,0.000,0.000,1.0000,25.000,14.924,10.457,682.01
1056.00,5.000,17.111,6.658,6.658,0.000,0.000,1.0000,25.000,14.958,10.453,682.48
1061.00,5.000,17.105,6.656,6.656,0.000,0.000,1.0000,25.000,14.992,10.449,682.94
1066.00,5.000,17.098,6.653,6.653,0.000,0.000,1.0000,25.000,15.025,10.445,683.40
1071.00,5.000,17.092,6.651,6.651,0.000,0.000,1.0000,25.000,15.059,10.441,683.85
1076.00,5.000,17.085,6.648,6.648,0.000,0.000,1.0000,25.000,15.093,10.437,684.30
1081.00,5.000,17.079,6.646,6.646,0.000,0.000,1.0000,25.000,15.126,10.433,684.75
1086.00,5.000,17.072,6.643,6.643,0.000,0.000,1.0000,25.000,15.160,10.429,685.19
1091.00,5.000,17.066,6.641,6.641,0.000,0.000,1.0000,25.000,15.194,10.425,685.63
1096.00,5.000,17.060,6.638,6.638,0.000,0.000,1.0000,25.000,15.227,10.421,686.06
1101.00,5.000,17.053,6.636,6.636,0.000,0.000,1.0000,25.000,15.261,10.417,686.48
1106.00,5.000,17.047,6.633,6.633,0.000,0.000,1.0000,25.000,15.294,10.413,686.90
1111.00,5.000,17.040,6.631,6.631,0.000,0.000,1.0000,25.000,15.328,10.409,687.32
1116.00,5.000,17.034,6.628,6.628,0.000,0.000,1.0000,25.000,15.362,10.405,687.73
1121.00,5.000,17.027,6.626,6.626,0.000,0.000,1.0000,25.000,15.395,10.401,688.14
1126.00,5.000,17.021,6.623,6.623,0.000,0.000,1.0000,25.000,15.429,10.398,688.54
1131.00,5.000,17.014,6.620,6.620,0.000,0.000,1.0000,25.000,15.462,10.394,688.94
1136.00,5.000,17.008,6.618,6.618,0.000,0.000,1.0000,25.000,15.496,10.390,689.33
1141.00,5.000,17.001,6.615,6.615,0.000,0.000,1.0000,25.000,15.529,10.386,689.72
1146.00,5.000,16.995,6.612,6.612,0.000,0.000,1.0000,25.000,15.563,10.382,690.11
1151.00,5.000,16.988,6.610,6.610,0.000,0.000,1.0000,25.000,15.596,10.378,690.49
1156.00,5.000,16.982,6.607,6.607,0.000,0.000,1.0000,25.000,15.629,10.375,690.86
1161.00,5.000,16.975,6.604,6.604,0.000,0.000,1.0000,25.000,15.663,10.371,691.23
1166.00,5.000,16.969,6.602,6.602,0.000,0.000,1.0000,25.000,15.696,10.367,691.60
1171.00,5.000,16.962,6.599,6.599,0.000,0.000,1.0000,25.000,15.730,10.363,691.96
1176.00,5.000,16.955,6.596,6.596,0.000,0.000,1.0000,25.000,15.763,10.359,692.31
1181.00,5.000,16.949,6.593,6.593,0.000,0.000,1.0000,25.000,15.796,10.356,692.66
1186.00,5.000,16.942,6.590,6.590,0.000,0.000,1.0000,25.000,15.830,10.352,693.01
1191.00,5.000,16.936,6.588,6.588,0.000,0.000,1.0000,25.000,15.863,10.348,693.35
1196.00,5.000,16.929,6.585,6.585,0.000,0.000,1.0000,25.000,15.897,10.344,693.69
1201.00,5.000,16.923,6.582,6.582,0.000,0.000,1.0000,25.000,15.930,10.341,694.02
1206.00,5.000,16.916,6.579,6.579,0.000,0.000,1.0000,25.000,15.963,10.337,694.35
1211.00,5.000,16.909,6.576,6.576,0.000,0.000,1.0000,25.000,15.996,10.333,694.68
1216.00,5.000,16.903,6.573,6.573,0.000,0.000,1.0000,25.000,16.030,10.330,695.00
1221.00,5.000,16.896,6.570,6.570,0.000,0.000,1.0000,25.000,16.063,10.326,695.31
1226.00,5.000,16.890,6.567,6.567,0.000,0.000,1.0000,25.000,16.096,10.322,695.62
1231.00,5.000,16.883,6.564,6.564,0.000,0.000,1.0000,25.000,16.129,10.319,695.93
1236.00,5.000,16.876,6.561,6.561,0.000,0.000,1.0000,25.000,16.163,10.315,696.23
1241.00,5.000,16.870,6.558,6.558,0.000,0.000,1.0000,25.000,16.196,10.311,696.53
1246.00,5.000,16.863,6.555,6.555,0.000,0.000,1.0000,25.000,16.229,10.308,696.82
1251.00,5.000,16.857,6.552,6.552,0.000,0.000,1.0000,25.000,16.262,10.304,697.11
1256.00,5.000,16.850,6.549,6.549,0.000,0.000,1.0000,25.000,16.295,10.301,697.39
1261.00,5.000,16.843,6.546,6.546,0.000,0.000,1.0000,25.000,16.328,10.297,697.67
1266.00,5.000,16.837,6.543,6.543,0.000,0.000,1.0000,25.000,16.362,10.293,697.95
1271.00,5.000,16.830,6.540,6.540,0.000,0.000,1.0000,25.000,16.395,10.290,698.22
1276.00,5.000,16.823,6.537,6.537,0.000,0.000,1.0000,25.000,16.428,10.286,698.49
1281.00,5.000,16.817,6.534,6.534,0.000,0.000,1.0000,25.000,16.461,10.283,698.75
1286.00,5.000,16.810,6.531,6.531,0.000,0.000,1.0000,25.000,16.494,10.279,699.01
1291.00,5.000,16.803,6.528,6.528,0.000,0.000,1.0000,25.000,16.527,10.276,699.26
1296.00,5.000,16.797,6.525,6.525,0.000,0.000,1.0000,25.000,16.560,10.272,699.51
1301.00,5.000,16.790,6.521,6.521,0.000,0.000,1.0000,25.000,16.593,10.269,699.75
1306.00,5.000,16.783,6.518,6.518,0.000,0.000,1.0000,25.000,16.626,10.265,699.99
1311.00,5.000,16.777,6.515,6.515,0.000,0.000,1.0000,25.000,16.659,10.262,700.23
1316.00,5.000,16.770,6.512,6.512,0.000,0.000,1.0000,25.000,16.692,10.258,700.46
1321.00,5.000,16.763,6.509,6.509,0.000,0.000,1.0000,25.000,16.725,10.255,700.69
1326.00,5.000,16.757,6.505,6.505,0.000,0.000,1.0000,25.000,16.758,10.251,700.91
1331.00,5.000,16.750,6.502,6.502,0.000,0.000,1.0000,25.000,16.791,10.248,701.13
1336.00,5.000,16.743,6.499,6.499,0.000,0.000,1.0000,25.000,16.824,10.244,701.35
1341.00,5.000,16.736,6.495,6.495,0.000,0.000,1.0000,25.000,16.857,10.241,701.56
1346.00,5.000,16.730,6.492,6.492,0.000,0.000,1.0000,25.000,16.890,10.238,701.76
1351.00,5.000,16.723,6.489,6.489,0.000,0.000,1.0000,25.000,16.922,10.234,701.97
1356.00,5.000,16.716,6.486,6.486,0.000,0.000,1.0000,25.000,16.955,10.231,702.16
1361.00,5.000,16.710,6.482,6.482,0.000,0.000,1.0000,25.000,16.988,10.227,702.36
1366.00,5.000,16.703,6.479,6.479,0.000,0.000,1.0000,25.000,17.021,10.224,702.55
1371.00,5.000,16.696,6.475,6.475,0.000,0.000,1.0000,25.000,17.054,10.221,702.73
1376.00,5.000,16.689,6.472,6.472,0.000,0.000,1.0000,25.000,17.087,10.217,702.91
1381.00,5.000,16.683,6.469,6.469,0.000,0.000,1.0000,25.000,17.119,10.214,703.09
1386.00,5.000,16.676,6.465,6.465,0.000,0.000,1.0000,25.000,17.152,10.211,703.26
1391.00,5.000,16.669,6.462,6.462,0.000,0.000,1.0000,25.000,17.185,10.207,703.43
1396.00,5.000,16.662,6.458,6.458,0.000,0.000,1.0000,25.000,17.218,10.204,703.60
1401.00,5.000,16.656,6.455,6.455,0.000,0.000,1.0000,25.000,17.250,10.201,703.76
1406.00,5.000,16.649,6.451,6.451,0.000,0.000,1.0000,25.000,17.283,10.197,703.92
1411.00,5.000,16.642,6.448,6.448,0.000,0.000,1.0000,25.000,17.316,10.194,704.07
1416.00,5.000,16.635,6.445,6.445,0.000,0.000,1.0000,25.000,17.349,10.191,704.22
1421.00,5.000,16.629,6.441,6.441,0.000,0.000,1.0000,25.000,17.381,10.188,704.36
1426.00,5.000,16.622,6.438,6.438,0.000,0.000,1.0000,25.000,17.414,10.184,704.50
1431.00,5.000,16.615,6.434,6.434,0.000,0.000,1.0000,25.000,17.447,10.181,704.64
1436.00,5.000,16.608,6.430,6.430,0.000,0.000,1.0000,25.000,17.479,10.178,704.77
1441.00,5.000,16.601,6.427,6.427,0.000,0.000,1.0000,25.000,17.512,10.175,704.90
1446.00,5.000,16.595,6.423,6.423,0.000,0.000,1.0000,25.000,17.544,10.171,705.02
1451.00,5.000,16.588,6.420,6.420,0.000,0.000,1.0000,25.000,17.577,10.168,705.15
1456.00,5.000,16.581,6.416,6.416,0.000,0.000,1.0000,25.000,17.610,10.165,705.26
1461.00,5.000,16.574,6.413,6.413,0.000,0.000,1.0000,25.000,17.642,10.162,705.37
1466.00,5.000,16.567,6.409,6.409,0.000,0.000,1.0000,25.000,17.675,10.159,705.48
1471.00,5.000,16.561,6.405,6.405,0.000,0.000,1.0000,25.000,17.707,10.155,705.59
1476.00,5.000,16.554,6.402,6.402,0.000,0.000,1.0000,25.000,17.740,10.152,705.69
1481.00,5.000,16.547,6.398,6.398,0.000,0.000,1.0000,25.000,17.772,10.149,705.79
1486.00,5.000,16.540,6.394,6.394,0.000,0.000,1.0000,25.000,17.805,10.146,705.88
1491.00,5.000,16.533,6.391,6.391,0.000,0.000,1.0000,25.000,17.837,10.143,705.97
1496.00,5.000,16.527,6.387,6.387,0.000,0.000,1.0000,25.000,17.870,10.140,706.05
1501.00,5.000,16.520,6.383,6.383,0.000,0.000,1.0000,25.000,17.902,10.137,706.14
1506.00,5.000,16.513,6.380,6.380,0.000,0.000,1.0000,25.000,17.935,10.133,706.21
1511.00,5.000,16.506,6.376,6.376,0.000,0.000,1.0000,25.000,17.967,10.130,706.29
1516.00,5.000,16.499,6.372,6.372,0.000,0.000,1.0000,25.000,17.999,10.127,706.36
1521.00,5.000,16.492,6.368,6.368,0.000,0.000,1.0000,25.000,18.032,10.124,706.42
1526.00,5.000,16.486,6.365,6.365,0.000,0.000,1.0000,25.000,18.064,10.121,706.48
1531.00,5.000,16.479,6.361,6.361,0.000,0.000,1.0000,25.000,18.096,10.118,706.54
1536.00,5.000,16.472,6.357,6.357,0.000,0.000,1.0000,25.000,18.129,10.115,706.60
1541.00,5.000,16.465,6.353,6.353,0.000,0.000,1.0000,25.000,18.161,10.112,706.65
1546.00,5.000,16.458,6.349,6.349,0.000,0.000,1.0000,25.000,18.193,10.109,706.70
1551.00,5.000,16.451,6.346,6.346,0.000,0.000,1.0000,25.000,18.226,10.106,706.74
1556.00,5.000,16.445,6.342,6.342,0.000,0.000,1.0000,25.000,18.258,10.103,706.78
1561.00,5.000,16.438,6.338,6.338,0.000,0.000,1.0000,25.000,18.290,10.100,706.82
1566.00,5.000,16.431,6.334,6.334,0.000,0.000,1.0000,25.000,18.323,10.097,706.85
1571.00,5.000,16.424,6.330,6.330,0.000,0.000,1.0000,25.000,18.355,10.094,706.88
1576.00,5.000,16.417,6.326,6.326,0.000,0.000,1.0000,25.000,18.387,10.091,706.90
1581.00,5.000,16.410,6.322,6.322,0.000,0.000,1.0000,25.000,18.419,10.088,706.92
1586.00,5.000,16.403,6.319,6.319,0.000,0.000,1.0000,25.000,18.451,10.085,706.94
1591.00,5.000,16.396,6.315,6.315,0.000,0.000,1.0000,25.000,18.484,10.082,706.96
1596.00,5.000,16.390,6.311,6.311,0.000,0.000,1.0000,25.000,18.516,10.079,706.97
1601.00,5.000,16.383,6.307,6.307,0.000,0.000,1.0000,25.000,18.548,10.076,706.97
1606.00,5.000,16.376,6.303,6.303,0.000,0.000,1.0000,25.000,18.580,10.073,706.98
1611.00,5.000,16.369,6.299,6.299,0.000,0.000,1.0000,25.000,18.612,10.070,706.98
1616.00,5.000,16.362,6.295,6.295,0.000,0.000,1.0000,25.000,18.644,10.067,706.97
1621.00,5.000,16.355,6.291,6.291,0.000,0.000,1.0000,25.000,18.676,10.064,706.96
1626.00,5.000,16.348,6.287,6.287,0.000,0.000,1.0000,25.000,18.708,10.061,706.95
1631.00,5.000,16.341,6.283,6.283,0.000,0.000,1.0000,25.000,18.740,10.058,706.94
1636.00,5.000,16.334,6.279,6.279,0.000,0.000,1.0000,25.000,18.772,10.055,706.92
1641.00,5.000,16.328,6.275,6.275,0.000,0.000,1.0000,25.000,18.804,10.053,706.90
1646.00,5.000,16.321,6.271,6.271,0.000,0.000,1.0000,25.000,18.837,10.050,706.87
1651.00,5.000,16.314,6.267,6.267,0.000,0.000,1.0000,25.000,18.869,10.047,706.84
1656.00,5.000,16.307,6.263,6.263,0.000,0.000,1.0000,25.000,18.900,10.044,706.81
1661.00,5.000,16.300,6.259,6.259,0.000,0.000,1.0000,25.000,18.932,10.041,706.78
1666.00,5.000,16.293,6.255,6.255,0.000,0.000,1.0000,25.000,18.964,10.038,706.74
1671.00,5.000,16.286,6.251,6.251,0.000,0.000,1.0000,25.000,18.996,10.035,706.69
1676.00,5.000,16.279,6.247,6.247,0.000,0.000,1.0000,25.000,19.028,10.033,706.65
1681.00,5.000,16.272,6.242,6.242,0.000,0.000,1.0000,25.000,19.060,10.030,706.60
1686.00,5.000,16.265,6.238,6.238,0.000,0.000,1.0000,25.000,19.092,10.027,706.55
1691.00,5.000,16.258,6.234,6.234,0.000,0.000,1.0000,25.000,19.124,10.024,706.49
1696.00,5.000,16.252,6.230,6.230,0.000,0.000,1.0000,25.000,19.156,10.021,706.43
1701.00,5.000,16.245,6.226,6.226,0.000,0.000,1.0000,25.000,19.188,10.019,706.37
1706.00,5.000,16.238,6.222,6.222,0.000,0.000,1.0000,25.000,19.220,10.016,706.30
1711.00,5.000,16.231,6.218,6.218,0.000,0.000,1.0000,25.000,19.251,10.013,706.23
1716.00,5.000,16.224,6.214,6.214,0.000,0.000,1.0000,25.000,19.283,10.010,706.16
1721.00,5.000,16.217,6.209,6.209,0.000,0.000,1.0000,25.000,19.315,10.008,706.08
1726.00,5.000,16.210,6.205,6.205,0.000,0.000,1.0000,25.000,19.347,10.005,706.00
1731.00,5.000,16.203,6.201,6.201,0.000,0.000,1.0000,25.000,19.379,10.002,705.92
1736.00,5.000,16.196,6.197,6.197,0.000,0.000,1.0000,25.000,19.410,9.999,705.83
1741.00,5.000,16.189,6.193,6.193,0.000,0.000,1.0000,25.000,19.442,9.997,705.74
1746.00,5.000,16.182,6.188,6.188,0.000,0.000,1.0000,25.000,19.474,9.994,705.65
1751.00,5.000,16.175,6.184,6.184,0.000,0.000,1.0000,25.000,19.505,9.991,705.55
1756.00,5.000,16.168,6.180,6.180,0.000,0.000,1.0000,25.000,19.537,9.988,705.45
1761.00,5.000,16.161,6.176,6.176,0.000,0.000,1.0000,25.000,19.569,9.986,705.35
1766.00,5.000,16.155,6.171,6.171,0.000,0.000,1.0000,25.000,19.600,9.983,705.24
1771.00,5.000,16.148,6.167,6.167,0.000,0.000,1.0000,25.000,19.632,9.980,705.13
1776.00,5.000,16.141,6.163,6.163,0.000,0.000,1.0000,25.000,19.664,9.978,705.02
1781.00,5.000,16.134,6.159,6.159,0.000,0.000,1.0000,25.000,19.695,9.975,704.90
1786.00,5.000,16.127,6.154,6.154,0.000,0.000,1.0000,25.000,19.727,9.972,704.78
1791.00,5.000,16.120,6.150,6.150,0.000,0.000,1.0000,25.000,19.759,9.970,704.66
1796.00,5.000,16.113,6.146,6.146,0.000,0.000,1.0000,25.000,19.790,9.967,704.54
1801.00,5.000,16.106,6.141,6.141,0.000,0.000,1.0000,25.000,19.822,9.964,704.41
1806.00,5.000,16.099,6.137,6.137,0.000,0.000,1.0000,25.000,19.853,9.962,704.28
1811.00,5.000,16.092,6.133,6.133,0.000,0.000,1.0000,25.000,19.885,9.959,704.14
1816.00,5.000,16.085,6.128,6.128,0.000,0.000,1.0000,25.000,19.916,9.957,704.00
1821.00,5.000,16.078,6.124,6.124,0.000,0.000,1.0000,25.000,19.948,9.954,703.86
1826.00,5.000,16.071,6.120,6.120,0.000,0.000,1.0000,25.000,19.979,9.951,703.72
1831.00,5.000,16.064,6.115,6.115,0.000,0.000,1.0000,25.000,20.011,9.949,703.57
1836.00,5.000,16.057,6.111,6.111,0.000,0.000,1.0000,25.000,20.042,9.946,703.42
1841.00,5.000,16.050,6.107,6.107,0.000,0.000,1.0000,25.000,20.074,9.944,703.27
1846.00,5.000,16.043,6.102,6.102,0.000,0.000,1.0000,25.000,20.105,9.941,703.11
1851.00,5.000,16.036,6.098,6.098,0.000,0.000,1.0000,25.000,20.136,9.938,702.95
1856.00,5.000,16.029,6.093,6.093,0.000,0.000,1.0000,25.000,20.168,9.936,702.79
1861.00,5.000,16.022,6.089,6.089,0.000,0.000,1.0000,25.000,20.199,9.933,702.63
1866.00,5.000,16.015,6.085,6.085,0.000,0.000,1.0000,25.000,20.231,9.931,702.46
1871.00,5.000,16.008,6.080,6.080,0.000,0.000,1.0000,25.000,20.262,9.928,702.29
1876.00,5.000,16.002,6.076,6.076,0.000,0.000,1.0000,25.000,20.293,9.926,702.11
1881.00,5.000,15.995,6.071,6.071,0.000,0.000,1.0000,25.000,20.325,9.923,701.93
1886.00,5.000,15.988,6.067,6.067,0.000,0.000,1.0000,25.000,20.356,9.921,701.75
1891.00,5.000,15.981,6.062,6.062,0.000,0.000,1.0000,25.000,20.387,9.918,701.57
1896.00,5.000,15.974,6.058,6.058,0.000,0.000,1.0000,25.000,20.418,9.916,701.38
1901.00,5.000,15.967,6.054,6.054,0.000,0.000,1.0000,25.000,20.450,9.913,701.19
1906.00,5.000,15.960,6.049,6.049,0.000,0.000,1.0000,25.000,20.481,9.911,701.00
1911.00,5.000,15.953,6.045,6.045,0.000,0.000,1.0000,25.000,20.512,9.908,700.81
1916.00,5.000,15.946,6.040,6.040,0.000,0.000,1.0000,25.000,20.543,9.906,700.61
1921.00,5.000,15.939,6.036,6.036,0.000,0.000,1.0000,25.000,20.575,9.903,700.41
1926.00,5.000,15.932,6.031,6.031,0.000,0.000,1.0000,25.000,20.606,9.901,700.21
1931.00,5.000,15.925,6.027,6.027,0.000,0.000,1.0000,25.000,20.637,9.898,700.00
1936.00,5.000,15.918,6.022,6.022,0.000,0.000,1.0000,25.000,20.668,9.896,699.79
1941.00,5.000,15.911,6.017,6.017,0.000,0.000,1.0000,25.000,20.699,9.893,699.58
1946.00,5.000,15.904,6.013,6.013,0.000,0.000,1.0000,25.000,20.730,9.891,699.36
1951.00,5.000,15.897,6.008,6.008,0.000,0.000,1.0000,25.000,20.761,9.889,699.14
1956.00,5.000,15.890,6.004,6.004,0.000,0.000,1.0000,25.000,20.792,9.886,698.92
1961.00,5.000,15.883,5.999,5.999,0.000,0.000,1.0000,25.000,20.824,9.884,698.70
1966.00,5.000,15.876,5.995,5.995,0.000,0.000,1.0000,25.000,20.855,9.881,698.47
1971.00,5.000,15.869,5.990,5.990,0.000,0.000,1.0000,25.000,20.886,9.879,698.25
1976.00,5.000,15.862,5.986,5.986,0.000,0.000,1.0000,25.000,20.917,9.877,698.01
1981.00,5.000,15.855,5.981,5.981,0.000,0.000,1.0000,25.000,20.948,9.874,697.78
1986.00,5.000,15.848,5.976,5.976,0.000,0.000,1.0000,25.000,20.979,9.872,697.54
1991.00,5.000,15.841,5.972,5.972,0.000,0.000,1.0000,25.000,21.010,9.869,697.30
1996.00,5.000,15.834,5.967,5.967,0.000,0.000,1.0000,25.000,21.041,9.867,697.06
2001.00,5.000,15.827,5.963,5.963,0.000,0.000,1.0000,25.000,21.072,9.865,696.81
2006.00,5.000,15.820,5.958,5.958,0.000,0.000,1.0000,25.000,21.103,9.862,696.57
2011.00,5.000,15.813,5.953,5.953,0.000,0.000,1.0000,25.000,21.133,9.860,696.32
2016.00,5.000,15.806,5.949,5.949,0.000,0.000,1.0000,25.000,21.164,9.858,696.06
2021.00,5.000,15.799,5.944,5.944,0.000,0.000,1.0000,25.000,21.195,9.855,695.81
2026.00,5.000,15.792,5.939,5.939,0.000,0.000,1.0000,25.000,21.226,9.853,695.55
2031.00,5.000,15.785,5.935,5.935,0.000,0.000,1.0000,25.000,21.257,9.851,695.29
2036.00,5.000,15.778,5.930,5.930,0.000,0.000,1.0000,25.000,21.288,9.848,695.02
2041.00,5.000,15.772,5.926,5.926,0.000,0.000,1.0000,25.000,21.319,9.846,694.76
2046.00,5.000,15.765,5.921,5.921,0.000,0.000,1.0000,25.000,21.350,9.844,694.49
2051.00,5.000,15.758,5.916,5.916,0.000,0.000,1.0000,25.000,21.380,9.841,694.22
2056.00,5.000,15.751,5.912,5.912,0.000,0.000,1.0000,25.000,21.411,9.839,693.94
2061.00,5.000,15.744,5.907,5.907,0.000,0.000,1.0000,25.000,21.442,9.837,693.66
2066.00,5.000,15.737,5.902,5.902,0.000,0.000,1.0000,25.000,21.473,9.834,693.38
2071.00,5.000,15.730,5.897,5.897,0.000,0.000,1.0000,25.000,21.503,9.832,693.10
2076.00,5.000,15.723,5.893,5.893,0.000,0.000,1.0000,25.000,21.534,9.830,692.82
2081.00,5.000,15.716,5.888,5.888,0.000,0.000,1.0000,25.000,21.565,9.828,692.53
2086.00,5.000,15.709,5.883,5.883,0.000,0.000,1.0000,25.000,21.596,9.825,692.24
2091.00,5.000,15.702,5.879,5.879,0.000,0.000,1.0000,25.000,21.626,9.823,691.95
2096.00,5.000,15.695,5.874,5.874,0.000,0.000,1.0000,25.000,21.657,9.821,691.66
2101.00,5.000,15.688,5.869,5.869,0.000,0.000,1.0000,25.000,21.688,9.819,691.36
2106.00,5.000,15.681,5.864,5.864,0.000,0.000,1.0000,25.000,21.718,9.816,691.06
2111.00,5.000,15.674,5.860,5.860,0.000,0.000,1.0000,25.000,21.749,9.814,690.76
2116.00,5.000,15.667,5.855,5.855,0.000,0.000,1.0000,25.000,21.780,9.812,690.45
2121.00,5.000,15.660,5.850,5.850,0.000,0.000,1.0000,25.000,21.810,9.810,690.15
2126.00,5.000,15.653,5.845,5.845,0.000,0.000,1.0000,25.000,21.841,9.808,689.84
2131.00,5.000,15.646,5.841,5.841,0.000,0.000,1.0000,25.000,21.871,9.805,689.52
2136.00,5.000,15.639,5.836,5.836,0.000,0.000,1.0000,25.000,21.902,9.803,689.21
2141.00,5.000,15.632,5.831,5.831,0.000,0.000,1.0000,25.000,21.932,9.801,688.89
2146.00,5.000,15.625,5.826,5.826,0.000,0.000,1.0000,25.000,21.963,9.799,688.58
2151.00,5.000,15.618,5.822,5.822,0.000,0.000,1.0000,25.000,21.993,9.797,688.25
2156.00,5.000,15.611,5.817,5.817,0.000,0.000,1.0000,25.000,22.024,9.794,687.93
2161.00,5.000,15.604,5.812,5.812,0.000,0.000,1.0000,25.000,22.054,9.792,687.60
2166.00,5.000,15.597,5.807,5.807,0.000,0.000,1.0000,25.000,22.085,9.790,687.28
2171.00,5.000,15.590,5.802,5.802,0.000,0.000,1.0000,25.000,22.115,9.788,686.95
2176.00,5.000,15.583,5.798,5.798,0.000,0.000,1.0000,25.000,22.146,9.786,686.61
2181.00,5.000,15.576,5.793,5.793,0.000,0.000,1.0000,25.000,22.176,9.784,686.28
2186.00,5.000,15.570,5.788,5.788,0.000,0.000,1.0000,25.000,22.206,9.782,685.94
2191.00,5.000,15.563,5.783,5.783,0.000,0.000,1.0000,25.000,22.237,9.779,685.60
2196.00,5.000,15.556,5.778,5.778,0.000,0.000,1.0000,25.000,22.267,9.777,685.26
2201.00,5.000,15.549,5.774,5.774,0.000,0.000,1.0000,25.000,22.298,9.775,684.91
2206.00,5.000,15.542,5.769,5.769,0.000,0.000,1.0000,25.000,22.328,9.773,684.57
2211.00,5.000,15.535,5.764,5.764,0.000,0.000,1.0000,25.000,22.358,9.771,684.22
2216.00,5.000,15.528,5.759,5.759,0.000,0.000,1.0000,25.000,22.389,9.769,683.87
2221.00,5.000,15.521,5.754,5.754,0.000,0.000,1.0000,25.000,22.419,9.767,683.51
2226.00,5.000,15.514,5.749,5.749,0.000,0.000,1.0000,25.000,22.449,9.765,683.16
2231.00,5.000,15.507,5.744,5.744,0.000,0.000,1.0000,25.000,22.479,9.763,682.80
2236.00,5.000,15.500,5.740,5.740,0.000,0.000,1.0000,25.000,22.510,9.760,682.44
2241.00,5.000,15.493,5.735,5.735,0.000,0.000,1.0000,25.000,22.540,9.758,682.08
2246.00,5.000,15.486,5.730,5.730,0.000,0.000,1.0000,25.000,22.570,9.756,681.72
2251.00,5.000,15.479,5.725,5.725,0.000,0.000,1.0000,25.000,22.600,9.754,681.35
2256.00,5.000,15.472,5.720,5.720,0.000,0.000,1.0000,25.000,22.630,9.752,680.98
2261.00,5.000,15.465,5.715,5.715,0.000,0.000,1.0000,25.000,22.661,9.750,680.61
2266.00,5.000,15.458,5.710,5.710,0.000,0.000,1.0000,25.000,22.691,9.748,680.24
2271.00,5.000,15.451,5.705,5.705,0.000,0.000,1.0000,25.000,22.721,9.746,679.86
2276.00,5.000,15.445,5.701,5.701,0.000,0.000,1.0000,25.000,22.751,9.744,679.48
2281.00,5.000,15.438,5.696,5.696,0.000,0.000,1.0000,25.000,22.781,9.742,679.11
2286.00,5.000,15.431,5.691,5.691,0.000,0.000,1.0000,25.000,22.811,9.740,678.72
2291.00,5.000,15.424,5.686,5.686,0.000,0.000,1.0000,25.000,22.841,9.738,678.34
2296.00,5.000,15.417,5.681,5.681,0.000,0.000,1.0000,25.000,22.871,9.736,677.96
2301.00,5.000,15.410,5.676,5.676,0.000,0.000,1.0000,25.000,22.901,9.734,677.57
2306.00,5.000,15.403,5.671,5.671,0.000,0.000,1.0000,25.000,22.932,9.732,677.18
2311.00,5.000,15.396,5.666,5.666,0.000,0.000,1.0000,25.000,22.962,9.730,676.79
2316.00,5.000,15.389,5.661,5.661,0.000,0.000,1.0000,25.000,22.992,9.728,676.39
2321.00,5.000,15.382,5.656,5.656,0.000,0.000,1.0000,25.000,23.022,9.726,676.00
2326.00,5.000,15.375,5.651,5.651,0.000,0.000,1.0000,25.000,23.052,9.724,675.60
2331.00,5.000,15.368,5.646,5.646,0.000,0.000,1.0000,25.000,23.081,9.722,675.20
2336.00,5.000,15.361,5.641,5.641,0.000,0.000,1.0000,25.000,23.111,9.720,674.80
2341.00,5.000,15.355,5.637,5.637,0.000,0.000,1.0000,25.000,23.141,9.718,674.40
2346.00,5.000,15.348,5.632,5.632,0.000,0.000,1.0000,25.000,23.171,9.716,673.99
2351.00,5.000,15.341,5.627,5.627,0.000,0.000,1.0000,25.000,23.201,9.714,673.58
2356.00,5.000,15.334,5.622,5.622,0.000,0.000,1.0000,25.000,23.231,9.712,673.17
2361.00,5.000,15.327,5.617,5.617,0.000,0.000,1.0000,25.000,23.261,9.710,672.76
2366.00,5.000,15.320,5.612,5.612,0.000,0.000,1.0000,25.000,23.291,9.708,672.35
2371.00,5.000,15.313,5.607,5.607,0.000,0.000,1.0000,25.000,23.321,9.706,671.93
2376.00,5.000,15.306,5.602,5.602,0.000,0.000,1.0000,25.000,23.350,9.704,671.52
2381.00,5.000,15.299,5.597,5.597,0.000,0.000,1.0000,25.000,23.380,9.703,671.10
2386.00,5.000,15.292,5.592,5.592,0.000,0.000,1.0000,25.000,23.410,9.701,670.68
2391.00,5.000,15.286,5.587,5.587,0.000,0.000,1.0000,25.000,23.440,9.699,670.25
2396.00,5.000,15.279,5.582,5.582,0.000,0.000,1.0000,25.000,23.470,9.697,669.83
2401.00,5.000,15.272,5.577,5.577,0.000,0.000,1.0000,25.000,23.499,9.695,669.40
2406.00,5.000,15.265,5.572,5.572,0.000,0.000,1.0000,25.000,23.529,9.693,668.97
2411.00,5.000,15.258,5.567,5.567,0.000,0.000,1.0000,25.000,23.559,9.691,668.54
2416.00,5.000,15.251,5.562,5.562,0.000,0.000,1.0000,25.000,23.588,9.689,668.11
2421.00,5.000,15.244,5.557,5.557,0.000,0.000,1.0000,25.000,23.618,9.687,667.68
2426.00,5.000,15.237,5.552,5.552,0.000,0.000,1.0000,25.000,23.648,9.685,667.24
2431.00,5.000,15.230,5.547,5.547,0.000,0.000,1.0000,25.000,23.677,9.684,666.80
2436.00,5.000,15.224,5.542,5.542,0.000,0.000,1.0000,25.000,23.707,9.682,666.36
2441.00,5.000,15.217,5.537,5.537,0.000,0.000,1.0000,25.000,23.737,9.680,665.92
2446.00,5.000,15.210,5.532,5.532,0.000,0.000,1.0000,25.000,23.766,9.678,665.48
2451.00,5.000,15.203,5.527,5.527,0.000,0.000,1.0000,25.000,23.796,9.676,665.04
2456.00,5.000,15.196,5.522,5.522,0.000,0.000,1.0000,25.000,23.825,9.674,664.59
2461.00,5.000,15.189,5.517,5.517,0.000,0.000,1.0000,25.000,23.855,9.672,664.14
2466.00,5.000,15.182,5.512,5.512,0.000,0.000,1.0000,25.000,23.885,9.671,663.69
2471.00,5.000,15.175,5.507,5.507,0.000,0.000,1.0000,25.000,23.914,9.669,663.24
2476.00,5.000,15.169,5.502,5.502,0.000,0.000,1.0000,25.000,23.944,9.667,662.79
2481.00,5.000,15.162,5.497,5.497,0.000,0.000,1.0000,25.000,23.973,9.665,662.33
2486.00,5.000,15.155,5.492,5.492,0.000,0.000,1.0000,25.000,24.003,9.663,661.88
2491.00,5.000,15.148,5.487,5.487,0.000,0.000,1.0000,25.000,24.032,9.661,661.42
2496.00,5.000,15.141,5.482,5.482,0.000,0.000,1.0000,25.000,24.062,9.660,660.96
2501.00,5.000,15.134,5.477,5.477,0.000,0.000,1.0000,25.000,24.091,9.658,660.50
2506.00,5.000,15.127,5.471,5.471,0.000,0.000,1.0000,25.000,24.120,9.656,660.03
2511.00,5.000,15.121,5.466,5.466,0.000,0.000,1.0000,25.000,24.150,9.654,659.57
2516.00,5.000,15.114,5.461,5.461,0.000,0.000,1.0000,25.000,24.179,9.652,659.10
2521.00,5.000,15.107,5.456,5.456,0.000,0.000,1.0000,25.000,24.209,9.651,658.63
2526.00,5.000,15.100,5.451,5.451,0.000,0.000,1.0000,25.000,24.238,9.649,658.16
2531.00,5.000,15.093,5.446,5.446,0.000,0.000,1.0000,25.000,24.267,9.647,657.69
2536.00,5.000,15.086,5.441,5.441,0.000,0.000,1.0000,25.000,24.297,9.645,657.22
2541.00,5.000,15.080,5.436,5.436,0.000,0.000,1.0000,25.000,24.326,9.644,656.74
2546.00,5.000,15.073,5.431,5.431,0.000,0.000,1.0000,25.000,24.355,9.642,656.27
2551.00,5.000,15.066,5.426,5.426,0.000,0.000,1.0000,25.000,24.385,9.640,655.79
2556.00,5.000,15.059,5.421,5.421,0.000,0.000,1.0000,25.000,24.414,9.638,655.31
2561.00,5.000,15.052,5.416,5.416,0.000,0.000,1.0000,25.000,24.443,9.637,654.83
2566.00,5.000,15.046,5.411,5.411,0.000,0.000,1.0000,25.000,24.472,9.635,654.35
2571.00,5.000,15.039,5.406,5.406,0.000,0.000,1.0000,25.000,24.502,9.633,653.86
2576.00,5.000,15.032,5.401,5.401,0.000,0.000,1.0000,25.000,24.531,9.631,653.38
2581.00,5.000,15.025,5.395,5.395,0.000,0.000,1.0000,25.000,24.560,9.630,652.89
2586.00,5.000,15.018,5.390,5.390,0.000,0.000,1.0000,25.000,24.589,9.628,652.40
2591.00,5.000,15.011,5.385,5.385,0.000,0.000,1.0000,25.000,24.618,9.626,651.91
2596.00,5.000,15.005,5.380,5.380,0.000,0.000,1.0000,25.000,24.647,9.624,651.42
2601.00,5.000,14.998,5.375,5.375,0.000,0.000,1.0000,25.000,24.677,9.623,650.93
2606.00,5.000,14.991,5.370,5.370,0.000,0.000,1.0000,25.000,24.706,9.621,650.43
2611.00,5.000,14.984,5.365,5.365,0.000,0.000,1.0000,25.000,24.735,9.619,649.94
2616.00,5.000,14.977,5.360,5.360,0.000,0.000,1.0000,25.000,24.764,9.618,649.44
2621.00,5.000,14.971,5.355,5.355,0.000,0.000,1.0000,25.000,24.793,9.616,648.94
2626.00,5.000,14.964,5.350,5.350,0.000,0.000,1.0000,25.000,24.822,9.614,648.44
2631.00,5.000,14.957,5.345,5.345,0.000,0.000,1.0000,25.000,24.851,9.613,647.94
2636.00,5.000,14.950,5.340,5.340,0.000,0.000,1.0000,25.000,24.880,9.611,647.43
2641.00,5.000,14.944,5.334,5.334,0.000,0.000,1.0000,25.000,24.909,9.609,646.93
2646.00,5.000,14.937,5.329,5.329,0.000,0.000,1.0000,25.000,24.938,9.607,646.42
2651.00,5.000,14.930,5.324,5.324,0.000,0.000,1.0000,25.000,24.967,9.606,645.91
2656.00,5.000,14.923,5.319,5.319,0.000,0.000,1.0000,25.000,24.996,9.604,645.41
2661.00,5.000,14.916,5.314,5.314,0.000,0.000,1.0000,25.000,25.025,9.602,644.90
2666.00,5.000,14.910,5.309,5.309,0.000,0.000,1.0000,25.000,25.054,9.601,644.38
2671.00,5.000,14.903,5.304,5.304,0.000,0.000,1.0000,25.000,25.083,9.599,643.87
2676.00,5.000,14.896,5.299,5.299,0.000,0.000,1.0000,25.000,25.112,9.598,643.36
2681.00,5.000,14.889,5.294,5.294,0.000,0.000,1.0000,25.000,25.141,9.596,642.84
2686.00,5.000,14.883,5.288,5.288,0.000,0.000,1.0000,25.000,25.169,9.594,642.32
2691.00,5.000,14.876,5.283,5.283,0.000,0.000,1.0000,25.000,25.198,9.593,641.81
2696.00,5.000,14.869,5.278,5.278,0.000,0.000,1.0000,25.000,25.227,9.591,641.29
2701.00,5.000,14.862,5.273,5.273,0.000,0.000,1.0000,25.000,25.256,9.589,640.77
2706.00,5.000,14.856,5.268,5.268,0.000,0.000,1.0000,25.000,25.285,9.588,640.24
2711.00,5.000,14.849,5.263,5.263,0.000,0.000,1.0000,25.000,25.314,9.586,639.72
2716.00,5.000,14.842,5.258,5.258,0.000,0.000,1.0000,25.000,25.342,9.585,639.19
2721.00,5.000,14.836,5.253,5.253,0.000,0.000,1.0000,25.000,25.371,9.583,638.67
2726.00,5.000,14.829,5.247,5.247,0.000,0.000,1.0000,25.000,25.400,9.581,638.14
2731.00,5.000,14.822,5.242,5.242,0.000,0.000,1.0000,25.000,25.429,9.580,637.61
2736.00,5.000,14.815,5.237,5.237,0.000,0.000,1.0000,25.000,25.457,9.578,637.08
2741.00,5.000,14.809,5.232,5.232,0.000,0.000,1.0000,25.000,25.486,9.577,636.55
2746.00,5.000,14.802,5.227,5.227,0.000,0.000,1.0000,25.000,25.515,9.575,636.02
2751.00,5.000,14.795,5.222,5.222,0.000,0.000,1.0000,25.000,25.543,9.573,635.49
2756.00,5.000,14.789,5.217,5.217,0.000,0.000,1.0000,25.000,25.572,9.572,634.95
2761.00,5.000,14.782,5.212,5.212,0.000,0.000,1.0000,25.000,25.601,9.570,634.41
2766.00,5.000,14.775,5.206,5.206,0.000,0.000,1.0000,25.000,25.629,9.569,633.88
2771.00,5.000,14.768,5.201,5.201,0.000,0.000,1.0000,25.000,25.658,9.567,633.34
2776.00,5.000,14.762,5.196,5.196,0.000,0.000,1.0000,25.000,25.686,9.566,632.80
2781.00,5.000,14.755,5.191,5.191,0.000,0.000,1.0000,25.000,25.715,9.564,632.26
2786.00,5.000,14.748,5.186,5.186,0.000,0.000,1.0000,25.000,25.744,9.562,631.72
2791.00,5.000,14.742,5.181,5.181,0.000,0.000,1.0000,25.000,25.772,9.561,631.17
2796.00,5.000,14.735,5.176,5.176,0.000,0.000,1.0000,25.000,25.801,9.559,630.63
2801.00,5.000,14.728,5.171,5.171,0.000,0.000,1.0000,25.000,25.829,9.558,630.08
2806.00,5.000,14.722,5.165,5.165,0.000,0.000,1.0000,25.000,25.858,9.556,629.54
2811.00,5.000,14.715,5.160,5.160,0.000,0.000,1.0000,25.000,25.886,9.555,628.99
2816.00,5.000,14.708,5.155,5.155,0.000,0.000,1.0000,25.000,25.915,9.553,628.44
2821.00,5.000,14.702,5.150,5.150,0.000,0.000,1.0000,25.000,25.943,9.552,627.89
2826.00,5.000,14.695,5.145,5.145,0.000,0.000,1.0000,25.000,25.971,9.550,627.34
2831.00,5.000,14.688,5.140,5.140,0.000,0.000,1.0000,25.000,26.000,9.549,626.79
2836.00,5.000,14.682,5.135,5.135,0.000,0.000,1.0000,25.000,26.028,9.547,626.23
2841.00,5.000,14.675,5.129,5.129,0.000,0.000,1.0000,25.000,26.057,9.546,625.68
2846.00,5.000,14.668,5.124,5.124,0.000,0.000,1.0000,25.000,26.085,9.544,625.12
2851.00,5.000,14.662,5.119,5.119,0.000,0.000,1.0000,25.000,26.113,9.543,624.57
2856.00,5.000,14.655,5.114,5.114,0.000,0.000,1.0000,25.000,26.142,9.541,624.01
2861.00,5.000,14.648,5.109,5.109,0.000,0.000,1.0000,25.000,26.170,9.540,623.45
2866.00,5.000,14.642,5.104,5.104,0.000,0.000,1.0000,25.000,26.198,9.538,622.89
2871.00,5.000,14.635,5.099,5.099,0.000,0.000,1.0000,25.000,26.227,9.537,622.33
2876.00,5.000,14.629,5.093,5.093,0.000,0.000,1.0000,25.000,26.255,9.535,621.77
2881.00,5.000,14.622,5.088,5.088,0.000,0.000,1.0000,25.000,26.283,9.534,621.21
2886.00,5.000,14.615,5.083,5.083,0.000,0.000,1.0000,25.000,26.312,9.532,620.64
2891.00,5.000,14.609,5.078,5.078,0.000,0.000,1.0000,25.000,26.340,9.531,620.08
2896.00,5.000,14.602,5.073,5.073,0.000,0.000,1.0000,25.000,26.368,9.529,619.51
2901.00,5.000,14.596,5.068,5.068,0.000,0.000,1.0000,25.000,26.396,9.528,618.95
2906.00,5.000,14.589,5.063,5.063,0.000,0.000,1.0000,25.000,26.424,9.526,618.38
2911.00,5.000,14.582,5.057,5.057,0.000,0.000,1.0000,25.000,26.453,9.525,617.81
2916.00,5.000,14.576,5.052,5.052,0.000,0.000,1.0000,25.000,26.481,9.523,617.24
2921.00,5.000,14.569,5.047,5.047,0.000,0.000,1.0000,25.000,26.509,9.522,616.67
2926.00,5.000,14.563,5.042,5.042,0.000,0.000,1.0000,25.000,26.537,9.521,616.10
2931.00,5.000,14.556,5.037,5.037,0.000,0.000,1.0000,25.000,26.565,9.519,615.53
2936.00,5.000,14.549,5.032,5.032,0.000,0.000,1.0000,25.000,26.593,9.518,614.95
2941.00,5.000,14.543,5.027,5.027,0.000,0.000,1.0000,25.000,26.621,9.516,614.38
2946.00,5.000,14.536,5.021,5.021,0.000,0.000,1.0000,25.000,26.649,9.515,613.80
2951.00,5.000,14.530,5.016,5.016,0.000,0.000,1.0000,25.000,26.677,9.513,613.23
2956.00,5.000,14.523,5.011,5.011,0.000,0.000,1.0000,25.000,26.705,9.512,612.65
2961.00,5.000,14.517,5.006,5.006,0.000,0.000,1.0000,25.000,26.733,9.511,612.07
2966.00,5.000,14.510,5.001,5.001,0.000,0.000,1.0000,25.000,26.761,9.509,611.49
2971.00,5.000,14.503,4.996,4.996,0.000,0.000,1.0000,25.000,26.789,9.508,610.91
2976.00,5.000,14.497,4.991,4.991,0.000,0.000,1.0000,25.000,26.817,9.506,610.33
2981.00,5.000,14.490,4.985,4.985,0.000,0.000,1.0000,25.000,26.845,9.505,609.75
2986.00,5.000,14.484,4.980,4.980,0.000,0.000,1.0000,25.000,26.873,9.504,609.17
2991.00,5.000,14.477,4.975,4.975,0.000,0.000,1.0000,25.000,26.901,9.502,608.59
2996.00,5.000,14.471,4.970,4.970,0.000,0.000,1.0000,25.000,26.929,9.501,608.00
3001.00,5.000,14.464,4.965,4.965,0.000,0.000,1.0000,25.000,26.957,9.499,607.42
3006.00,5.000,14.458,4.960,4.960,0.000,0.000,1.0000,25.000,26.985,9.498,606.83
3011.00,5.000,14.451,4.955,4.955,0.000,0.000,1.0000,25.000,27.013,9.497,606.25
3016.00,5.000,14.445,4.949,4.949,0.000,0.000,1.0000,25.000,27.040,9.495,605.66
3021.00,5.000,14.438,4.944,4.944,0.000,0.000,1.0000,25.000,27.068,9.494,605.07
3026.00,5.000,14.432,4.939,4.939,0.000,0.000,1.0000,25.000,27.096,9.493,604.48
3031.00,5.000,14.425,4.934,4.934,0.000,0.000,1.0000,25.000,27.124,9.491,603.89
3036.00,5.000,14.419,4.929,4.929,0.000,0.000,1.0000,25.000,27.152,9.490,603.30
3041.00,5.000,14.412,4.924,4.924,0.000,0.000,1.0000,25.000,27.179,9.488,602.71
3046.00,5.000,14.406,4.919,4.919,0.000,0.000,1.0000,25.000,27.207,9.487,602.12
3051.00,5.000,14.399,4.913,4.913,0.000,0.000,1.0000,25.000,27.235,9.486,601.52
3056.00,5.000,14.393,4.908,4.908,0.000,0.000,1.0000,25.000,27.263,9.484,600.93
3061.00,5.000,14.386,4.903,4.903,0.000,0.000,1.0000,25.000,27.290,9.483,600.34
3066.00,5.000,14.380,4.898,4.898,0.000,0.000,1.0000,25.000,27.318,9.482,599.74
3071.00,5.000,14.373,4.893,4.893,0.000,0.000,1.0000,25.000,27.346,9.480,599.15
3076.00,5.000,14.367,4.888,4.888,0.000,0.000,1.0000,25.000,27.373,9.479,598.55
3081.00,5.000,14.360,4.883,4.883,0.000,0.000,1.0000,25.000,27.401,9.478,597.95
3086.00,5.000,14.354,4.877,4.877,0.000,0.000,1.0000,25.000,27.429,9.476,597.35
3091.00,5.000,14.347,4.872,4.872,0.000,0.000,1.0000,25.000,27.456,9.475,596.76
3096.00,5.000,14.341,4.867,4.867,0.000,0.000,1.0000,25.000,27.484,9.474,596.16
3101.00,5.000,14.334,4.862,4.862,0.000,0.000,1.0000,25.000,27.511,9.472,595.56
3106.00,5.000,14.328,4.857,4.857,0.000,0.000,1.0000,25.000,27.539,9.471,594.95
3111.00,5.000,14.322,4.852,4.852,0.000,0.000,1.0000,25.000,27.567,9.470,594.35
3116.00,5.000,14.315,4.847,4.847,0.000,0.000,1.0000,25.000,27.594,9.469,593.75
3121.00,5.000,14.309,4.842,4.842,0.000,0.000,1.0000,25.000,27.622,9.467,593.15
3126.00,5.000,14.302,4.836,4.836,0.000,0.000,1.0000,25.000,27.649,9.466,592.54
3131.00,5.000,14.296,4.831,4.831,0.000,0.000,1.0000,25.000,27.677,9.465,591.94
3136.00,5.000,14.289,4.826,4.826,0.000,0.000,1.0000,25.000,27.704,9.463,591.34
3141.00,5.000,14.283,4.821,4.821,0.000,0.000,1.0000,25.000,27.731,9.462,590.73
3146.00,5.000,14.277,4.816,4.816,0.000,0.000,1.0000,25.000,27.759,9.461,590.12
3151.00,5.000,14.270,4.811,4.811,0.000,0.000,1.0000,25.000,27.786,9.459,589.52
3156.00,5.000,14.264,4.806,4.806,0.000,0.000,1.0000,25.000,27.814,9.458,588.91
3161.00,5.000,14.257,4.801,4.801,0.000,0.000,1.0000,25.000,27.841,9.457,588.30
3166.00,5.000,14.251,4.795,4.795,0.000,0.000,1.0000,25.000,27.868,9.456,587.69
3171.00,5.000,14.245,4.790,4.790,0.000,0.000,1.0000,25.000,27.896,9.454,587.08
3176.00,5.000,14.238,4.785,4.785,0.000,0.000,1.0000,25.000,27.923,9.453,586.47
3181.00,5.000,14.232,4.780,4.780,0.000,0.000,1.0000,25.000,27.950,9.452,585.86
3186.00,5.000,14.226,4.775,4.775,0.000,0.000,1.0000,25.000,27.978,9.451,585.25
3191.00,5.000,14.219,4.770,4.770,0.000,0.000,1.0000,25.000,28.005,9.449,584.64
3196.00,5.000,14.213,4.765,4.765,0.000,0.000,1.0000,25.000,28.032,9.448,584.03
3201.00,5.000,14.206,4.760,4.760,0.000,0.000,1.0000,25.000,28.060,9.447,583.42
3206.00,5.000,14.200,4.754,4.754,0.000,0.000,1.0000,25.000,28.087,9.446,582.80
3211.00,5.000,14.194,4.749,4.749,0.000,0.000,1.0000,25.000,28.114,9.444,582.19
3216.00,5.000,14.187,4.744,4.744,0.000,0.000,1.0000,25.000,28.141,9.443,581.57
3221.00,5.000,14.181,4.739,4.739,0.000,0.000,1.0000,25.000,28.168,9.442,580.96
3226.00,5.000,14.175,4.734,4.734,0.000,0.000,1.0000,25.000,28.196,9.441,580.34
3231.00,5.000,14.168,4.729,4.729,0.000,0.000,1.0000,25.000,28.223,9.439,579.73
3236.00,5.000,14.162,4.724,4.724,0.000,0.000,1.0000,25.000,28.250,9.438,579.11
3241.00,5.000,14.156,4.719,4.719,0.000,0.000,1.0000,25.000,28.277,9.437,578.49
3246.00,5.000,14.149,4.714,4.714,0.000,0.000,1.0000,25.000,28.304,9.436,577.88
3251.00,5.000,14.143,4.709,4.709,0.000,0.000,1.0000,25.000,28.331,9.435,577.26
3256.00,5.000,14.137,4.703,4.703,0.000,0.000,1.0000,25.000,28.358,9.433,576.64
3261.00,5.000,14.130,4.698,4.698,0.000,0.000,1.0000,25.000,28.385,9.432,576.02
3266.00,5.000,14.124,4.693,4.693,0.000,0.000,1.0000,25.000,28.413,9.431,575.40
3271.00,5.000,14.118,4.688,4.688,0.000,0.000,1.0000,25.000,28.440,9.430,574.78
3276.00,5.000,14.112,4.683,4.683,0.000,0.000,1.0000,25.000,28.467,9.429,574.16
3281.00,5.000,14.105,4.678,4.678,0.000,0.000,1.0000,25.000,28.494,9.427,573.54
3286.00,5.000,14.099,4.673,4.673,0.000,0.000,1.0000,25.000,28.521,9.426,572.92
3291.00,5.000,14.093,4.668,4.668,0.000,0.000,1.0000,25.000,28.548,9.425,572.30
3296.00,5.000,14.086,4.663,4.663,0.000,0.000,1.0000,25.000,28.575,9.424,571.67
3301.00,5.000,14.080,4.658,4.658,0.000,0.000,1.0000,25.000,28.601,9.423,571.05
3306.00,5.000,14.074,4.653,4.653,0.000,0.000,1.0000,25.000,28.628,9.421,570.43
3311.00,5.000,14.068,4.647,4.647,0.000,0.000,1.0000,25.000,28.655,9.420,569.80
3316.00,5.000,14.061,4.642,4.642,0.000,0.000,1.0000,25.000,28.682,9.419,569.18
3321.00,5.000,14.055,4.637,4.637,0.000,0.000,1.0000,25.000,28.709,9.418,568.55
3326.00,5.000,14.049,4.632,4.632,0.000,0.000,1.0000,25.000,28.736,9.417,567.93
3331.00,5.000,14.043,4.627,4.627,0.000,0.000,1.0000,25.000,28.763,9.416,567.30
3336.00,5.000,14.036,4.622,4.622,0.000,0.000,1.0000,25.000,28.790,9.414,566.68
3341.00,5.000,14.030,4.617,4.617,0.000,0.000,1.0000,25.000,28.816,9.413,566.05
3346.00,5.000,14.024,4.612,4.612,0.000,0.000,1.0000,25.000,28.843,9.412,565.42
3351.00,5.000,14.018,4.607,4.607,0.000,0.000,1.0000,25.000,28.870,9.411,564.80
3356.00,5.000,14.012,4.602,4.602,0.000,0.000,1.0000,25.000,28.897,9.410,564.17
3361.00,5.000,14.005,4.597,4.597,0.000,0.000,1.0000,25.000,28.924,9.409,563.54
3366.00,5.000,13.999,4.592,4.592,0.000,0.000,1.0000,25.000,28.950,9.407,562.91
3371.00,5.000,13.993,4.587,4.587,0.000,0.000,1.0000,25.000,28.977,9.406,562.29
3376.00,5.000,13.987,4.582,4.582,0.000,0.000,1.0000,25.000,29.004,9.405,561.66
3381.00,5.000,13.981,4.576,4.576,0.000,0.000,1.0000,25.000,29.030,9.404,561.03
3386.00,5.000,13.974,4.571,4.571,0.000,0.000,1.0000,25.000,29.057,9.403,560.40
3391.00,5.000,13.968,4.566,4.566,0.000,0.000,1.0000,25.000,29.084,9.402,559.77
3396.00,5.000,13.962,4.561,4.561,0.000,0.000,1.0000,25.000,29.110,9.401,559.14
3401.00,5.000,13.956,4.556,4.556,0.000,0.000,1.0000,25.000,29.137,9.400,558.51
3406.00,5.000,13.950,4.551,4.551,0.000,0.000,1.0000,25.000,29.164,9.398,557.88
3411.00,5.000,13.943,4.546,4.546,0.000,0.000,1.0000,25.000,29.190,9.397,557.24
3416.00,5.000,13.937,4.541,4.541,0.000,0.000,1.0000,25.000,29.217,9.396,556.61
3421.00,5.000,13.931,4.536,4.536,0.000,0.000,1.0000,25.000,29.243,9.395,555.98
3426.00,5.000,13.925,4.531,4.531,0.000,0.000,1.0000,25.000,29.270,9.394,555.35
3431.00,5.000,13.919,4.526,4.526,0.000,0.000,1.0000,25.000,29.296,9.393,554.72
3436.00,5.000,13.913,4.521,4.521,0.000,0.000,1.0000,25.000,29.323,9.392,554.08
3441.00,5.000,13.907,4.516,4.516,0.000,0.000,1.0000,25.000,29.349,9.391,553.45
3446.00,5.000,13.900,4.511,4.511,0.000,0.000,1.0000,25.000,29.376,9.390,552.82
3451.00,5.000,13.894,4.506,4.506,0.000,0.000,1.0000,25.000,29.402,9.388,552.18
3456.00,5.000,13.888,4.501,4.501,0.000,0.000,1.0000,25.000,29.429,9.387,551.55
3461.00,5.000,13.882,4.496,4.496,0.000,0.000,1.0000,25.000,29.455,9.386,550.92
3466.00,5.000,13.876,4.491,4.491,0.000,0.000,1.0000,25.000,29.482,9.385,550.28
3471.00,5.000,13.870,4.486,4.486,0.000,0.000,1.0000,25.000,29.508,9.384,549.65
3476.00,5.000,13.864,4.481,4.481,0.000,0.000,1.0000,25.000,29.534,9.383,549.01
3481.00,5.000,13.858,4.476,4.476,0.000,0.000,1.0000,25.000,29.561,9.382,548.38
3486.00,5.000,13.852,4.471,4.471,0.000,0.000,1.0000,25.000,29.587,9.381,547.74
3491.00,5.000,13.846,4.466,4.466,0.000,0.000,1.0000,25.000,29.614,9.380,547.10
3496.00,5.000,13.839,4.461,4.461,0.000,0.000,1.0000,25.000,29.640,9.379,546.47
3501.00,5.000,13.833,4.456,4.456,0.000,0.000,1.0000,25.000,29.666,9.378,545.83
3506.00,5.000,13.827,4.451,4.451,0.000,0.000,1.0000,25.000,29.692,9.377,545.20
3511.00,5.000,13.821,4.446,4.446,0.000,0.000,1.0000,25.000,29.719,9.376,544.56
3516.00,5.000,13.815,4.441,4.441,0.000,0.000,1.0000,25.000,29.745,9.375,543.92
3521.00,5.000,13.809,4.436,4.436,0.000,0.000,1.0000,25.000,29.771,9.373,543.29
3526.00,5.000,13.803,4.431,4.431,0.000,0.000,1.0000,25.000,29.797,9.372,542.65
3531.00,5.000,13.797,4.426,4.426,0.000,0.000,1.0000,25.000,29.824,9.371,542.01
3536.00,5.000,13.791,4.421,4.421,0.000,0.000,1.0000,25.000,29.850,9.370,541.37
3541.00,5.000,13.785,4.416,4.416,0.000,0.000,1.0000,25.000,29.876,9.369,540.74
3546.00,5.000,13.779,4.411,4.411,0.000,0.000,1.0000,25.000,29.902,9.368,540.10
3551.00,5.000,13.773,4.406,4.406,0.000,0.000,1.0000,25.000,29.928,9.367,539.46
3556.00,5.000,13.767,4.401,4.401,0.000,0.000,1.0000,25.000,29.955,9.366,538.82
3561.00,5.000,13.761,4.396,4.396,0.000,0.000,1.0000,25.000,29.981,9.365,538.18
3566.00,5.000,13.755,4.391,4.391,0.000,0.000,1.0000,25.000,30.007,9.364,537.54
3571.00,5.000,13.749,4.386,4.386,0.000,0.000,1.0000,25.000,30.033,9.363,536.90
3576.00,5.000,13.743,4.381,4.381,0.000,0.000,1.0000,25.000,30.059,9.362,536.27
3581.00,5.000,13.737,4.376,4.376,0.000,0.000,1.0000,25.000,30.085,9.361,535.63
3586.00,5.000,13.731,4.371,4.371,0.000,0.000,1.0000,25.000,30.111,9.360,534.99
3591.00,5.000,13.725,4.366,4.366,0.000,0.000,1.0000,25.000,30.137,9.359,534.35
3596.00,5.000,13.719,4.361,4.361,0.000,0.000,1.0000,25.000,30.163,9.358,533.71
3601.00,5.000,13.713,4.356,4.356,0.000,0.000,1.0000,25.000,30.189,9.357,533.07
3606.00,5.000,13.707,4.351,4.351,0.000,0.000,1.0000,25.000,30.215,9.356,532.43
3611.00,5.000,13.701,4.346,4.346,0.000,0.000,1.0000,25.000,30.241,9.355,531.79
3616.00,5.000,13.695,4.341,4.341,0.000,0.000,1.0000,25.000,30.267,9.354,531.15
3621.00,5.000,13.689,4.336,4.336,0.000,0.000,1.0000,25.000,30.293,9.353,530.51
3626.00,5.000,13.683,4.331,4.331,0.000,0.000,1.0000,25.000,30.319,9.352,529.87
3631.00,5.000,13.677,4.326,4.326,0.000,0.000,1.0000,25.000,30.345,9.351,529.23
3636.00,5.000,13.671,4.321,4.321,0.000,0.000,1.0000,25.000,30.370,9.350,528.59
3641.00,5.000,13.665,4.316,4.316,0.000,0.000,1.0000,25.000,30.396,9.349,527.95
3646.00,5.000,13.659,4.311,4.311,0.000,0.000,1.0000,25.000,30.422,9.348,527.31
3651.00,5.000,13.653,4.306,4.306,0.000,0.000,1.0000,25.000,30.448,9.347,526.66
3656.00,5.000,13.648,4.302,4.302,0.000,0.000,1.0000,25.000,30.474,9.346,526.02
3661.00,5.000,13.642,4.297,4.297,0.000,0.000,1.0000,25.000,30.500,9.345,525.38
3666.00,5.000,13.636,4.292,4.292,0.000,0.000,1.0000,25.000,30.525,9.344,524.74
3671.00,5.000,13.630,4.287,4.287,0.000,0.000,1.0000,25.000,30.551,9.343,524.10
3676.00,5.000,13.624,4.282,4.282,0.000,0.000,1.0000,25.000,30.577,9.342,523.46
3681.00,5.000,13.618,4.277,4.277,0.000,0.000,1.0000,25.000,30.603,9.341,522.82
3686.00,5.000,13.612,4.272,4.272,0.000,0.000,1.0000,25.000,30.628,9.340,522.18
3691.00,5.000,13.606,4.267,4.267,0.000,0.000,1.0000,25.000,30.654,9.339,521.54
3696.00,5.000,13.600,4.262,4.262,0.000,0.000,1.0000,25.000,30.680,9.338,520.89
3701.00,5.000,13.595,4.257,4.257,0.000,0.000,1.0000,25.000,30.705,9.337,520.25
3706.00,5.000,13.589,4.252,4.252,0.000,0.000,1.0000,25.000,30.731,9.336,519.61
3711.00,5.000,13.583,4.247,4.247,0.000,0.000,1.0000,25.000,30.757,9.335,518.97
3716.00,5.000,13.577,4.243,4.243,0.000,0.000,1.0000,25.000,30.782,9.334,518.33
3721.00,5.000,13.571,4.238,4.238,0.000,0.000,1.0000,25.000,30.808,9.333,517.69
3726.00,5.000,13.565,4.233,4.233,0.000,0.000,1.0000,25.000,30.833,9.333,517.05
3731.00,5.000,13.559,4.228,4.228,0.000,0.000,1.0000,25.000,30.859,9.332,516.40
3736.00,5.000,13.554,4.223,4.223,0.000,0.000,1.0000,25.000,30.885,9.331,515.76
3741.00,5.000,13.548,4.218,4.218,0.000,0.000,1.0000,25.000,30.910,9.330,515.12
3746.00,5.000,13.542,4.213,4.213,0.000,0.000,1.0000,25.000,30.936,9.329,514.48
3751.00,5.000,13.536,4.208,4.208,0.000,0.000,1.0000,25.000,30.961,9.328,513.84
3756.00,5.000,13.530,4.203,4.203,0.000,0.000,1.0000,25.000,30.987,9.327,513.20
3761.00,5.000,13.525,4.199,4.199,0.000,0.000,1.0000,25.000,31.012,9.326,512.55
3766.00,5.000,13.519,4.194,4.194,0.000,0.000,1.0000,25.000,31.038,9.325,511.91
3771.00,5.000,13.513,4.189,4.189,0.000,0.000,1.0000,25.000,31.063,9.324,511.27
3776.00,5.000,13.507,4.184,4.184,0.000,0.000,1.0000,25.000,31.088,9.323,510.63
3781.00,5.000,13.501,4.179,4.179,0.000,0.000,1.0000,25.000,31.114,9.322,509.99
3786.00,5.000,13.496,4.174,4.174,0.000,0.000,1.0000,25.000,31.139,9.321,509.35
3791.00,5.000,13.490,4.169,4.169,0.000,0.000,1.0000,25.000,31.165,9.320,508.71
3796.00,5.000,13.484,4.165,4.165,0.000,0.000,1.0000,25.000,31.190,9.320,508.06
3801.00,5.000,13.478,4.160,4.160,0.000,0.000,1.0000,25.000,31.215,9.319,507.42
3806.00,5.000,13.472,4.155,4.155,0.000,0.000,1.0000,25.000,31.241,9.318,506.78
3811.00,5.000,13.467,4.150,4.150,0.000,0.000,1.0000,25.000,31.266,9.317,506.14
3816.00,5.000,13.461,4.145,4.145,0.000,0.000,1.0000,25.000,31.291,9.316,505.50
3821.00,5.000,13.455,4.140,4.140,0.000,0.000,1.0000,25.000,31.316,9.315,504.86
3826.00,5.000,13.450,4.135,4.135,0.000,0.000,1.0000,25.000,31.342,9.314,504.22
3831.00,5.000,13.444,4.131,4.131,0.000,0.000,1.0000,25.000,31.367,9.313,503.58
3836.00,5.000,13.438,4.126,4.126,0.000,0.000,1.0000,25.000,31.392,9.312,502.94
3841.00,5.000,13.432,4.121,4.121,0.000,0.000,1.0000,25.000,31.417,9.311,502.29
3846.00,5.000,13.427,4.116,4.116,0.000,0.000,1.0000,25.000,31.443,9.311,501.65
3851.00,5.000,13.421,4.111,4.111,0.000,0.000,1.0000,25.000,31.468,9.310,501.01
3856.00,5.000,13.415,4.106,4.106,0.000,0.000,1.0000,25.000,31.493,9.309,500.37
3861.00,5.000,13.410,4.102,4.102,0.000,0.000,1.0000,25.000,31.518,9.308,499.73
3866.00,5.000,13.404,4.097,4.097,0.000,0.000,1.0000,25.000,31.543,9.307,499.09
3871.00,5.000,13.398,4.092,4.092,0.000,0.000,1.0000,25.000,31.568,9.306,498.45
3876.00,5.000,13.392,4.087,4.087,0.000,0.000,1.0000,25.000,31.593,9.305,497.81
3881.00,5.000,13.387,4.082,4.082,0.000,0.000,1.0000,25.000,31.619,9.304,497.17
3886.00,5.000,13.381,4.078,4.078,0.000,0.000,1.0000,25.000,31.644,9.303,496.53
3891.00,5.000,13.375,4.073,4.073,0.000,0.000,1.0000,25.000,31.669,9.303,495.89
3896.00,5.000,13.370,4.068,4.068,0.000,0.000,1.0000,25.000,31.694,9.302,495.25
3901.00,5.000,13.364,4.063,4.063,0.000,0.000,1.0000,25.000,31.719,9.301,494.61
3906.00,5.000,13.358,4.058,4.058,0.000,0.000,1.0000,25.000,31.744,9.300,493.97
3911.00,5.000,13.353,4.054,4.054,0.000,0.000,1.0000,25.000,31.769,9.299,493.33
3916.00,5.000,13.347,4.049,4.049,0.000,0.000,1.0000,25.000,31.794,9.298,492.69
3921.00,5.000,13.342,4.044,4.044,0.000,0.000,1.0000,25.000,31.819,9.297,492.05
3926.00,5.000,13.336,4.039,4.039,0.000,0.000,1.0000,25.000,31.844,9.297,491.41
3931.00,5.000,13.330,4.035,4.035,0.000,0.000,1.0000,25.000,31.868,9.296,490.78
3936.00,5.000,13.325,4.030,4.030,0.000,0.000,1.0000,25.000,31.893,9.295,490.14
3941.00,5.000,13.319,4.025,4.025,0.000,0.000,1.0000,25.000,31.918,9.294,489.50
3946.00,5.000,13.313,4.020,4.020,0.000,0.000,1.0000,25.000,31.943,9.293,488.86
3951.00,5.000,13.308,4.016,4.016,0.000,0.000,1.0000,25.000,31.968,9.292,488.22
3956.00,5.000,13.302,4.011,4.011,0.000,0.000,1.0000,25.000,31.993,9.292,487.58
3961.00,5.000,13.297,4.006,4.006,0.000,0.000,1.0000,25.000,32.018,9.291,486.94
3966.00,5.000,13.291,4.001,4.001,0.000,0.000,1.0000,25.000,32.042,9.290,486.31
3971.00,5.000,13.286,3.997,3.997,0.000,0.000,1.0000,25.000,32.067,9.289,485.67
3976.00,5.000,13.280,3.992,3.992,0.000,0.000,1.0000,25.000,32.092,9.288,485.03
3981.00,5.000,13.274,3.987,3.987,0.000,0.000,1.0000,25.000,32.117,9.287,484.39
3986.00,5.000,13.269,3.982,3.982,0.000,0.000,1.0000,25.000,32.142,9.287,483.76
3991.00,5.000,13.263,3.978,3.978,0.000,0.000,1.0000,25.000,32.166,9.286,483.12
3996.00,5.000,13.258,3.973,3.973,0.000,0.000,1.0000,25.000,32.191,9.285,482.48
4001.00,5.000,13.252,3.968,3.968,0.000,0.000,1.0000,25.000,32.216,9.284,481.85
4006.00,5.000,13.247,3.963,3.963,0.000,0.000,1.0000,25.000,32.240,9.283,481.21
4011.00,5.000,13.241,3.959,3.959,0.000,0.000,1.0000,25.000,32.265,9.282,480.57
4016.00,5.000,13.236,3.954,3.954,0.000,0.000,1.0000,25.000,32.290,9.282,479.94
4021.00,5.000,13.230,3.949,3.949,0.000,0.000,1.0000,25.000,32.314,9.281,479.30
4026.00,5.000,13.225,3.945,3.945,0.000,0.000,1.0000,25.000,32.339,9.280,478.67
4031.00,5.000,13.219,3.940,3.940,0.000,0.000,1.0000,25.000,32.363,9.279,478.03
4036.00,5.000,13.214,3.935,3.935,0.000,0.000,1.0000,25.000,32.388,9.278,477.40
4041.00,5.000,13.208,3.930,3.930,0.000,0.000,1.0000,25.000,32.413,9.278,476.76
4046.00,5.000,13.203,3.926,3.926,0.000,0.000,1.0000,25.000,32.437,9.277,476.13
4051.00,5.000,13.197,3.921,3.921,0.000,0.000,1.0000,25.000,32.462,9.276,475.49
4056.00,5.000,13.192,3.916,3.916,0.000,0.000,1.0000,25.000,32.486,9.275,474.86
4061.00,5.000,13.186,3.912,3.912,0.000,0.000,1.0000,25.000,32.511,9.274,474.22
4066.00,5.000,13.181,3.907,3.907,0.000,0.000,1.0000,25.000,32.535,9.274,473.59
4071.00,5.000,13.175,3.902,3.902,0.000,0.000,1.0000,25.000,32.560,9.273,472.95
4076.00,5.000,13.170,3.898,3.898,0.000,0.000,1.0000,25.000,32.584,9.272,472.32
4081.00,5.000,13.164,3.893,3.893,0.000,0.000,1.0000,25.000,32.609,9.271,471.69
4086.00,5.000,13.159,3.888,3.888,0.000,0.000,1.0000,25.000,32.633,9.270,471.06
4091.00,5.000,13.153,3.884,3.884,0.000,0.000,1.0000,25.000,32.657,9.270,470.42
4096.00,5.000,13.148,3.879,3.879,0.000,0.000,1.0000,25.000,32.682,9.269,469.79
4101.00,5.000,13.142,3.874,3.874,0.000,0.000,1.0000,25.000,32.706,9.268,469.16
4106.00,5.000,13.137,3.870,3.870,0.000,0.000,1.0000,25.000,32.730,9.267,468.53
4111.00,5.000,13.132,3.865,3.865,0.000,0.000,1.0000,25.000,32.755,9.267,467.89
4116.00,5.000,13.126,3.860,3.860,0.000,0.000,1.0000,25.000,32.779,9.266,467.26
4121.00,5.000,13.121,3.856,3.856,0.000,0.000,1.0000,25.000,32.803,9.265,466.63
4126.00,5.000,13.115,3.851,3.851,0.000,0.000,1.0000,25.000,32.828,9.264,466.00
4131.00,5.000,13.110,3.847,3.847,0.000,0.000,1.0000,25.000,32.852,9.263,465.37
4136.00,5.000,13.105,3.842,3.842,0.000,0.000,1.0000,25.000,32.876,9.263,464.74
4141.00,5.000,13.099,3.837,3.837,0.000,0.000,1.0000,25.000,32.900,9.262,464.11
4146.00,5.000,13.094,3.833,3.833,0.000,0.000,1.0000,25.000,32.925,9.261,463.48
4151.00,5.000,13.088,3.828,3.828,0.000,0.000,1.0000,25.000,32.949,9.260,462.85
4156.00,5.000,13.083,3.823,3.823,0.000,0.000,1.0000,25.000,32.973,9.260,462.22
4161.00,5.000,13.078,3.819,3.819,0.000,0.000,1.0000,25.000,32.997,9.259,461.59
4166.00,5.000,13.072,3.814,3.814,0.000,0.000,1.0000,25.000,33.021,9.258,460.96
4171.00,5.000,13.067,3.810,3.810,0.000,0.000,1.0000,25.000,33.045,9.257,460.33
4176.00,5.000,13.062,3.805,3.805,0.000,0.000,1.0000,25.000,33.070,9.257,459.71
4181.00,5.000,13.056,3.800,3.800,0.000,0.000,1.0000,25.000,33.094,9.256,459.08
4186.00,5.000,13.051,3.796,3.796,0.000,0.000,1.0000,25.000,33.118,9.255,458.45
4191.00,5.000,13.046,3.791,3.791,0.000,0.000,1.0000,25.000,33.142,9.254,457.82
4196.00,5.000,13.040,3.787,3.787,0.000,0.000,1.0000,25.000,33.166,9.254,457.20
4201.00,5.000,13.035,3.782,3.782,0.000,0.000,1.0000,25.000,33.190,9.253,456.57
4206.00,5.000,13.030,3.777,3.777,0.000,0.000,1.0000,25.000,33.214,9.252,455.94
4211.00,5.000,13.024,3.773,3.773,0.000,0.000,1.0000,25.000,33.238,9.251,455.32
4216.00,5.000,13.019,3.768,3.768,0.000,0.000,1.0000,25.000,33.262,9.251,454.69
4221.00,5.000,13.014,3.764,3.764,0.000,0.000,1.0000,25.000,33.286,9.250,454.07
4226.00,5.000,13.008,3.759,3.759,0.000,0.000,1.0000,25.000,33.310,9.249,453.44
4231.00,5.000,13.003,3.755,3.755,0.000,0.000,1.0000,25.000,33.334,9.249,452.82
4236.00,5.000,12.998,3.750,3.750,0.000,0.000,1.0000,25.000,33.358,9.248,452.19
4241.00,5.000,12.993,3.746,3.746,0.000,0.000,1.0000,25.000,33.382,9.247,451.57
4246.00,5.000,12.987,3.741,3.741,0.000,0.000,1.0000,25.000,33.406,9.246,450.94
4251.00,5.000,12.982,3.736,3.736,0.000,0.000,1.0000,25.000,33.429,9.246,450.32
4256.00,5.000,12.977,3.732,3.732,0.000,0.000,1.0000,25.000,33.453,9.245,449.70
4261.00,5.000,12.972,3.727,3.727,0.000,0.000,1.0000,25.000,33.477,9.244,449.07
4266.00,5.000,12.966,3.723,3.723,0.000,0.000,1.0000,25.000,33.501,9.244,448.45
4271.00,5.000,12.961,3.718,3.718,0.000,0.000,1.0000,25.000,33.525,9.243,447.83
4276.00,5.000,12.956,3.714,3.714,0.000,0.000,1.0000,25.000,33.549,9.242,447.21
4281.00,5.000,12.951,3.709,3.709,0.000,0.000,1.0000,25.000,33.572,9.241,446.59
4286.00,5.000,12.945,3.705,3.705,0.000,0.000,1.0000,25.000,33.596,9.241,445.96
4291.00,5.000,12.940,3.700,3.700,0.000,0.000,1.0000,25.000,33.620,9.240,445.34
4296.00,5.000,12.935,3.696,3.696,0.000,0.000,1.0000,25.000,33.644,9.239,444.72
4301.00,5.000,12.930,3.691,3.691,0.000,0.000,1.0000,25.000,33.667,9.239,444.10
4306.00,5.000,12.925,3.687,3.687,0.000,0.000,1.0000,25.000,33.691,9.238,443.48
4311.00,5.000,12.919,3.682,3.682,0.000,0.000,1.0000,25.000,33.715,9.237,442.86
4316.00,5.000,12.914,3.678,3.678,0.000,0.000,1.0000,25.000,33.738,9.236,442.25
4321.00,5.000,12.909,3.673,3.673,0.000,0.000,1.0000,25.000,33.762,9.236,441.63
4326.00,5.000,12.904,3.669,3.669,0.000,0.000,1.0000,25.000,33.786,9.235,441.01
4331.00,5.000,12.899,3.664,3.664,0.000,0.000,1.0000,25.000,33.809,9.234,440.39
4336.00,5.000,12.893,3.660,3.660,0.000,0.000,1.0000,25.000,33.833,9.234,439.77
4341.00,5.000,12.888,3.655,3.655,0.000,0.000,1.0000,25.000,33.856,9.233,439.16
4346.00,5.000,12.883,3.651,3.651,0.000,0.000,1.0000,25.000,33.880,9.232,438.54
4351.00,5.000,12.878,3.646,3.646,0.000,0.000,1.0000,25.000,33.903,9.232,437.92
4356.00,5.000,12.873,3.642,3.642,0.000,0.000,1.0000,25.000,33.927,9.231,437.31
4361.00,5.000,12.868,3.637,3.637,0.000,0.000,1.0000,25.000,33.950,9.230,436.69
4366.00,5.000,12.863,3.633,3.633,0.000,0.000,1.0000,25.000,33.974,9.230,436.08
4371.00,5.000,12.857,3.628,3.628,0.000,0.000,1.0000,25.000,33.997,9.229,435.46
4376.00,5.000,12.852,3.624,3.624,0.000,0.000,1.0000,25.000,34.021,9.228,434.85
4381.00,5.000,12.847,3.620,3.620,0.000,0.000,1.0000,25.000,34.044,9.228,434.23
4386.00,5.000,12.842,3.615,3.615,0.000,0.000,1.0000,25.000,34.068,9.227,433.62
4391.00,5.000,12.837,3.611,3.611,0.000,0.000,1.0000,25.000,34.091,9.226,433.01
4396.00,5.000,12.832,3.606,3.606,0.000,0.000,1.0000,25.000,34.115,9.226,432.39
4401.00,5.000,12.827,3.602,3.602,0.000,0.000,1.0000,25.000,34.138,9.225,431.78
4406.00,5.000,12.822,3.597,3.597,0.000,0.000,1.0000,25.000,34.161,9.224,431.17
4411.00,5.000,12.817,3.593,3.593,0.000,0.000,1.0000,25.000,34.185,9.224,430.56
4416.00,5.000,12.812,3.589,3.589,0.000,0.000,1.0000,25.000,34.208,9.223,429.95
4421.00,5.000,12.806,3.584,3.584,0.000,0.000,1.0000,25.000,34.231,9.222,429.34
4426.00,5.000,12.801,3.580,3.580,0.000,0.000,1.0000,25.000,34.255,9.222,428.72
4431.00,5.000,12.796,3.575,3.575,0.000,0.000,1.0000,25.000,34.278,9.221,428.11
4436.00,5.000,12.791,3.571,3.571,0.000,0.000,1.0000,25.000,34.301,9.220,427.51
4441.00,5.000,12.786,3.567,3.567,0.000,0.000,1.0000,25.000,34.324,9.220,426.90
4446.00,5.000,12.781,3.562,3.562,0.000,0.000,1.0000,25.000,34.348,9.219,426.29
4451.00,5.000,12.776,3.558,3.558,0.000,0.000,1.0000,25.000,34.371,9.218,425.68
4456.00,5.000,12.771,3.553,3.553,0.000,0.000,1.0000,25.000,34.394,9.218,425.07
4461.00,5.000,12.766,3.549,3.549,0.000,0.000,1.0000,25.000,34.417,9.217,424.46
4466.00,5.000,12.761,3.545,3.545,0.000,0.000,1.0000,25.000,34.440,9.216,423.86
4471.00,5.000,12.756,3.540,3.540,0.000,0.000,1.0000,25.000,34.463,9.216,423.25
4476.00,5.000,12.751,3.536,3.536,0.000,0.000,1.0000,25.000,34.487,9.215,422.64
4481.00,5.000,12.746,3.532,3.532,0.000,0.000,1.0000,25.000,34.510,9.214,422.04
4486.00,5.000,12.741,3.527,3.527,0.000,0.000,1.0000,25.000,34.533,9.214,421.43
4491.00,5.000,12.736,3.523,3.523,0.000,0.000,1.0000,25.000,34.556,9.213,420.83
4496.00,5.000,12.731,3.518,3.518,0.000,0.000,1.0000,25.000,34.579,9.213,420.22
4501.00,5.000,12.726,3.514,3.514,0.000,0.000,1.0000,25.000,34.602,9.212,419.62
4506.00,5.000,12.721,3.510,3.510,0.000,0.000,1.0000,25.000,34.625,9.211,419.02
4511.00,5.000,12.716,3.505,3.505,0.000,0.000,1.0000,25.000,34.648,9.211,418.41
4516.00,5.000,12.711,3.501,3.501,0.000,0.000,1.0000,25.000,34.671,9.210,417.81
4521.00,5.000,12.706,3.497,3.497,0.000,0.000,1.0000,25.000,34.694,9.209,417.21
4526.00,5.000,12.701,3.492,3.492,0.000,0.000,1.0000,25.000,34.717,9.209,416.61
4531.00,5.000,12.696,3.488,3.488,0.000,0.000,1.0000,25.000,34.740,9.208,416.00
4536.00,5.000,12.691,3.484,3.484,0.000,0.000,1.0000,25.000,34.763,9.208,415.40
4541.00,5.000,12.686,3.479,3.479,0.000,0.000,1.0000,25.000,34.786,9.207,414.80
4546.00,5.000,12.682,3.475,3.475,0.000,0.000,1.0000,25.000,34.809,9.206,414.20
4551.00,5.000,12.677,3.471,3.471,0.000,0.000,1.0000,25.000,34.831,9.206,413.60
4556.00,5.000,12.672,3.467,3.467,0.000,0.000,1.0000,25.000,34.854,9.205,413.00
4561.00,5.000,12.667,3.462,3.462,0.000,0.000,1.0000,25.000,34.877,9.205,412.41
4566.00,5.000,12.662,3.458,3.458,0.000,0.000,1.0000,25.000,34.900,9.204,411.81
4571.00,5.000,12.657,3.454,3.454,0.000,0.000,1.0000,25.000,34.923,9.203,411.21
4576.00,5.000,12.652,3.449,3.449,0.000,0.000,1.0000,25.000,34.946,9.203,410.61
4581.00,5.000,12.647,3.445,3.445,0.000,0.000,1.0000,25.000,34.968,9.202,410.02
4586.00,5.000,12.642,3.441,3.441,0.000,0.000,1.0000,25.000,34.991,9.201,409.42
4591.00,5.000,12.637,3.437,3.437,0.000,0.000,1.0000,25.000,35.014,9.201,408.82
4596.00,5.000,12.633,3.432,3.432,0.000,0.000,1.0000,25.000,35.037,9.200,408.23
4601.00,5.000,12.628,3.428,3.428,0.000,0.000,1.0000,25.000,35.059,9.200,407.63
4606.00,5.000,12.623,3.424,3.424,0.000,0.000,1.0000,25.000,35.082,9.199,407.04
4611.00,5.000,12.618,3.419,3.419,0.000,0.000,1.0000,25.000,35.105,9.198,406.45
4616.00,5.000,12.613,3.415,3.415,0.000,0.000,1.0000,25.000,35.127,9.198,405.85
4621.00,5.000,12.608,3.411,3.411,0.000,0.000,1.0000,25.000,35.150,9.197,405.26
4626.00,5.000,12.603,3.407,3.407,0.000,0.000,1.0000,25.000,35.173,9.197,404.67
4631.00,5.000,12.599,3.402,3.402,0.000,0.000,1.0000,25.000,35.195,9.196,404.07
4636.00,5.000,12.594,3.398,3.398,0.000,0.000,1.0000,25.000,35.218,9.196,403.48
4641.00,5.000,12.589,3.394,3.394,0.000,0.000,1.0000,25.000,35.240,9.195,402.89
4646.00,5.000,12.584,3.390,3.390,0.000,0.000,1.0000,25.000,35.263,9.194,402.30
4651.00,5.000,12.579,3.386,3.386,0.000,0.000,1.0000,25.000,35.286,9.194,401.71
4656.00,5.000,12.574,3.381,3.381,0.000,0.000,1.0000,25.000,35.308,9.193,401.12
4661.00,5.000,12.570,3.377,3.377,0.000,0.000,1.0000,25.000,35.331,9.193,400.53
4666.00,5.000,12.565,3.373,3.373,0.000,0.000,1.0000,25.000,35.353,9.192,399.94
4671.00,5.000,12.560,3.369,3.369,0.000,0.000,1.0000,25.000,35.376,9.191,399.36
4676.00,5.000,12.555,3.364,3.364,0.000,0.000,1.0000,25.000,35.398,9.191,398.77
4681.00,5.000,12.551,3.360,3.360,0.000,0.000,1.0000,25.000,35.420,9.190,398.18
4686.00,5.000,12.546,3.356,3.356,0.000,0.000,1.0000,25.000,35.443,9.190,397.60
4691.00,5.000,12.541,3.352,3.352,0.000,0.000,1.0000,25.000,35.465,9.189,397.01
4696.00,5.000,12.536,3.348,3.348,0.000,0.000,1.0000,25.000,35.488,9.189,396.42
4701.00,5.000,12.532,3.343,3.343,0.000,0.000,1.0000,25.000,35.510,9.188,395.84
4706.00,5.000,12.527,3.339,3.339,0.000,0.000,1.0000,25.000,35.532,9.187,395.25
4711.00,5.000,12.522,3.335,3.335,0.000,0.000,1.0000,25.000,35.555,9.187,394.67
4716.00,5.000,12.517,3.331,3.331,0.000,0.000,1.0000,25.000,35.577,9.186,394.09
4721.00,5.000,12.513,3.327,3.327,0.000,0.000,1.0000,25.000,35.599,9.186,393.50
4726.00,5.000,12.508,3.323,3.323,0.000,0.000,1.0000,25.000,35.622,9.185,392.92
4731.00,5.000,12.503,3.318,3.318,0.000,0.000,1.0000,25.000,35.644,9.185,392.34
4736.00,5.000,12.498,3.314,3.314,0.000,0.000,1.0000,25.000,35.666,9.184,391.76
4741.00,5.000,12.494,3.310,3.310,0.000,0.000,1.0000,25.000,35.688,9.184,391.18
4746.00,5.000,12.489,3.306,3.306,0.000,0.000,1.0000,25.000,35.711,9.183,390.60
4751.00,5.000,12.484,3.302,3.302,0.000,0.000,1.0000,25.000,35.733,9.182,390.02
4756.00,5.000,12.480,3.298,3.298,0.000,0.000,1.0000,25.000,35.755,9.182,389.44
4761.00,5.000,12.475,3.294,3.294,0.000,0.000,1.0000,25.000,35.777,9.181,388.86
4766.00,5.000,12.470,3.289,3.289,0.000,0.000,1.0000,25.000,35.799,9.181,388.28
4771.00,5.000,12.466,3.285,3.285,0.000,0.000,1.0000,25.000,35.822,9.180,387.70
4776.00,5.000,12.461,3.281,3.281,0.000,0.000,1.0000,25.000,35.844,9.180,387.13
4781.00,5.000,12.456,3.277,3.277,0.000,0.000,1.0000,25.000,35.866,9.179,386.55
4786.00,5.000,12.452,3.273,3.273,0.000,0.000,1.0000,25.000,35.888,9.179,385.97
4791.00,5.000,12.447,3.269,3.269,0.000,0.000,1.0000,25.000,35.910,9.178,385.40
4796.00,5.000,12.442,3.265,3.265,0.000,0.000,1.0000,25.000,35.932,9.178,384.82
4801.00,5.000,12.438,3.261,3.261,0.000,0.000,1.0000,25.000,35.954,9.177,384.25
4806.00,5.000,12.433,3.257,3.257,0.000,0.000,1.0000,25.000,35.976,9.176,383.67
4811.00,5.000,12.428,3.252,3.252,0.000,0.000,1.0000,25.000,35.998,9.176,383.10
4816.00,5.000,12.424,3.248,3.248,0.000,0.000,1.0000,25.000,36.020,9.175,382.53
4821.00,5.000,12.419,3.244,3.244,0.000,0.000,1.0000,25.000,36.042,9.175,381.96
4826.00,5.000,12.415,3.240,3.240,0.000,0.000,1.0000,25.000,36.064,9.174,381.38
4831.00,5.000,12.410,3.236,3.236,0.000,0.000,1.0000,25.000,36.086,9.174,380.81
4836.00,5.000,12.405,3.232,3.232,0.000,0.000,1.0000,25.000,36.108,9.173,380.24
4841.00,5.000,12.401,3.228,3.228,0.000,0.000,1.0000,25.000,36.130,9.173,379.67
4846.00,5.000,12.396,3.224,3.224,0.000,0.000,1.0000,25.000,36.152,9.172,379.10
4851.00,5.000,12.392,3.220,3.220,0.000,0.000,1.0000,25.000,36.173,9.172,378.53
4856.00,5.000,12.387,3.216,3.216,0.000,0.000,1.0000,25.000,36.195,9.171,377.96
4861.00,5.000,12.382,3.212,3.212,0.000,0.000,1.0000,25.000,36.217,9.171,377.40
4866.00,5.000,12.378,3.208,3.208,0.000,0.000,1.0000,25.000,36.239,9.170,376.83
4871.00,5.000,12.373,3.204,3.204,0.000,0.000,1.0000,25.000,36.261,9.170,376.26
4876.00,5.000,12.369,3.200,3.200,0.000,0.000,1.0000,25.000,36.283,9.169,375.69
4881.00,5.000,12.364,3.196,3.196,0.000,0.000,1.0000,25.000,36.304,9.169,375.13
4886.00,5.000,12.360,3.192,3.192,0.000,0.000,1.0000,25.000,36.326,9.168,374.56
4891.00,5.000,12.355,3.188,3.188,0.000,0.000,1.0000,25.000,36.348,9.168,374.00
4896.00,5.000,12.351,3.184,3.184,0.000,0.000,1.0000,25.000,36.370,9.167,373.43
4901.00,5.000,12.346,3.180,3.180,0.000,0.000,1.0000,25.000,36.391,9.166,372.87
4906.00,5.000,12.341,3.176,3.176,0.000,0.000,1.0000,25.000,36.413,9.166,372.31
4911.00,5.000,12.337,3.172,3.172,0.000,0.000,1.0000,25.000,36.435,9.165,371.74
4916.00,5.000,12.332,3.167,3.167,0.000,0.000,1.0000,25.000,36.456,9.165,371.18
4921.00,5.000,12.328,3.163,3.163,0.000,0.000,1.0000,25.000,36.478,9.164,370.62
4926.00,5.000,12.323,3.160,3.160,0.000,0.000,1.0000,25.000,36.499,9.164,370.06
4931.00,5.000,12.319,3.156,3.156,0.000,0.000,1.0000,25.000,36.521,9.163,369.50
4936.00,5.000,12.314,3.152,3.152,0.000,0.000,1.0000,25.000,36.543,9.163,368.94
4941.00,5.000,12.310,3.148,3.148,0.000,0.000,1.0000,25.000,36.564,9.162,368.38
4946.00,5.000,12.306,3.144,3.144,0.000,0.000,1.0000,25.000,36.586,9.162,367.82
4951.00,5.000,12.301,3.140,3.140,0.000,0.000,1.0000,25.000,36.607,9.161,367.26
4956.00,5.000,12.297,3.136,3.136,0.000,0.000,1.0000,25.000,36.629,9.161,366.71
4961.00,5.000,12.292,3.132,3.132,0.000,0.000,1.0000,25.000,36.650,9.160,366.15
4966.00,5.000,12.288,3.128,3.128,0.000,0.000,1.0000,25.000,36.672,9.160,365.59
4971.00,5.000,12.283,3.124,3.124,0.000,0.000,1.0000,25.000,36.693,9.159,365.04
4976.00,5.000,12.279,3.120,3.120,0.000,0.000,1.0000,25.000,36.715,9.159,364.48
4981.00,5.000,12.274,3.116,3.116,0.000,0.000,1.0000,25.000,36.736,9.158,363.93
4986.00,5.000,12.270,3.112,3.112,0.000,0.000,1.0000,25.000,36.758,9.158,363.37
4991.00,5.000,12.265,3.108,3.108,0.000,0.000,1.0000,25.000,36.779,9.158,362.82
4996.00,5.000,12.261,3.104,3.104,0.000,0.000,1.0000,25.000,36.800,9.157,362.27
5001.00,5.000,12.257,3.100,3.100,0.000,0.000,1.0000,25.000,36.822,9.157,361.71
5006.00,5.000,12.252,3.096,3.096,0.000,0.000,1.0000,25.000,36.843,9.156,361.16
5011.00,5.000,12.248,3.092,3.092,0.000,0.000,1.0000,25.000,36.864,9.156,360.61
5016.00,5.000,12.243,3.088,3.088,0.000,0.000,1.0000,25.000,36.886,9.155,360.06
5021.00,5.000,12.239,3.084,3.084,0.000,0.000,1.0000,25.000,36.907,9.155,359.51
5026.00,5.000,12.235,3.080,3.080,0.000,0.000,1.0000,25.000,36.928,9.154,358.96
5031.00,5.000,12.230,3.077,3.077,0.000,0.000,1.0000,25.000,36.949,9.154,358.41
5036.00,5.000,12.226,3.073,3.073,0.000,0.000,1.0000,25.000,36.971,9.153,357.86
5041.00,5.000,12.221,3.069,3.069,0.000,0.000,1.0000,25.000,36.992,9.153,357.32
5046.00,5.000,12.217,3.065,3.065,0.000,0.000,1.0000,25.000,37.013,9.152,356.77
5051.00,5.000,12.213,3.061,3.061,0.000,0.000,1.0000,25.000,37.034,9.152,356.22
5056.00,5.000,12.208,3.057,3.057,0.000,0.000,1.0000,25.000,37.055,9.151,355.68
5061.00,5.000,12.204,3.053,3.053,0.000,0.000,1.0000,25.000,37.077,9.151,355.13
5066.00,5.000,12.200,3.049,3.049,0.000,0.000,1.0000,25.000,37.098,9.150,354.59
5071.00,5.000,12.195,3.045,3.045,0.000,0.000,1.0000,25.000,37.119,9.150,354.04
5076.00,5.000,12.191,3.042,3.042,0.000,0.000,1.0000,25.000,37.140,9.149,353.50
5081.00,5.000,12.187,3.038,3.038,0.000,0.000,1.0000,25.000,37.161,9.149,352.96
5086.00,5.000,12.182,3.034,3.034,0.000,0.000,1.0000,25.000,37.182,9.148,352.41
5091.00,5.000,12.178,3.030,3.030,0.000,0.000,1.0000,25.000,37.203,9.148,351.87
5096.00,5.000,12.174,3.026,3.026,0.000,0.000,1.0000,25.000,37.224,9.148,351.33
5101.00,5.000,12.169,3.022,3.022,0.000,0.000,1.0000,25.000,37.245,9.147,350.79
5106.00,5.000,12.165,3.019,3.019,0.000,0.000,1.0000,25.000,37.266,9.147,350.25
5111.00,5.000,12.161,3.015,3.015,0.000,0.000,1.0000,25.000,37.287,9.146,349.71
5116.00,5.000,12.157,3.011,3.011,0.000,0.000,1.0000,25.000,37.308,9.146,349.17
5121.00,5.000,12.152,3.007,3.007,0.000,0.000,1.0000,25.000,37.329,9.145,348.63
5126.00,5.000,12.148,3.003,3.003,0.000,0.000,1.0000,25.000,37.350,9.145,348.10
5131.00,5.000,12.144,2.999,2.999,0.000,0.000,1.0000,25.000,37.371,9.144,347.56
5136.00,5.000,12.139,2.996,2.996,0.000,0.000,1.0000,25.000,37.392,9.144,347.02
5141.00,5.000,12.135,2.992,2.992,0.000,0.000,1.0000,25.000,37.413,9.143,346.49
5146.00,5.000,12.131,2.988,2.988,0.000,0.000,1.0000,25.000,37.434,9.143,345.95
5151.00,5.000,12.127,2.984,2.984,0.000,0.000,1.0000,25.000,37.454,9.143,345.42
5156.00,5.000,12.122,2.980,2.980,0.000,0.000,1.0000,25.000,37.475,9.142,344.88
5161.00,5.000,12.118,2.977,2.977,0.000,0.000,1.0000,25.000,37.496,9.142,344.35
5166.00,5.000,12.114,2.973,2.973,0.000,0.000,1.0000,25.000,37.517,9.141,343.81
5171.00,5.000,12.110,2.969,2.969,0.000,0.000,1.0000,25.000,37.538,9.141,343.28
5176.00,5.000,12.106,2.965,2.965,0.000,0.000,1.0000,25.000,37.558,9.140,342.75
5181.00,5.000,12.101,2.961,2.961,0.000,0.000,1.0000,25.000,37.579,9.140,342.22
5186.00,5.000,12.097,2.958,2.958,0.000,0.000,1.0000,25.000,37.600,9.139,341.69
5191.00,5.000,12.093,2.954,2.954,0.000,0.000,1.0000,25.000,37.621,9.139,341.16
5196.00,5.000,12.089,2.950,2.950,0.000,0.000,1.0000,25.000,37.641,9.139,340.63
5201.00,5.000,12.084,2.946,2.946,0.000,0.000,1.0000,25.000,37.662,9.138,340.10
5206.00,5.000,12.080,2.943,2.943,0.000,0.000,1.0000,25.000,37.683,9.138,339.57
5211.00,5.000,12.076,2.939,2.939,0.000,0.000,1.0000,25.000,37.703,9.137,339.04
5216.00,5.000,12.072,2.935,2.935,0.000,0.000,1.0000,25.000,37.724,9.137,338.52
5221.00,5.000,12.068,2.931,2.931,0.000,0.000,1.0000,25.000,37.745,9.136,337.99
5226.00,5.000,12.064,2.928,2.928,0.000,0.000,1.0000,25.000,37.765,9.136,337.47
5231.00,5.000,12.059,2.924,2.924,0.000,0.000,1.0000,25.000,37.786,9.136,336.94
5236.00,5.000,12.055,2.920,2.920,0.000,0.000,1.0000,25.000,37.806,9.135,336.42
5241.00,5.000,12.051,2.916,2.916,0.000,0.000,1.0000,25.000,37.827,9.135,335.89
5246.00,5.000,12.047,2.913,2.913,0.000,0.000,1.0000,25.000,37.847,9.134,335.37
5251.00,5.000,12.043,2.909,2.909,0.000,0.000,1.0000,25.000,37.868,9.134,334.85
5256.00,5.000,12.039,2.905,2.905,0.000,0.000,1.0000,25.000,37.888,9.133,334.32
5261.00,5.000,12.035,2.902,2.902,0.000,0.000,1.0000,25.000,37.909,9.133,333.80
5266.00,5.000,12.030,2.898,2.898,0.000,0.000,1.0000,25.000,37.929,9.133,333.28
5271.00,5.000,12.026,2.894,2.894,0.000,0.000,1.0000,25.000,37.950,9.132,332.76
5276.00,5.000,12.022,2.890,2.890,0.000,0.000,1.0000,25.000,37.970,9.132,332.24
5281.00,5.000,12.018,2.887,2.887,0.000,0.000,1.0000,25.000,37.991,9.131,331.72
5286.00,5.000,12.014,2.883,2.883,0.000,0.000,1.0000,25.000,38.011,9.131,331.20
5291.00,5.000,12.010,2.879,2.879,0.000,0.000,1.0000,25.000,38.031,9.130,330.69
5296.00,5.000,12.006,2.876,2.876,0.000,0.000,1.0000,25.000,38.052,9.130,330.17
5301.00,5.000,12.002,2.872,2.872,0.000,0.000,1.0000,25.000,38.072,9.130,329.65
5306.00,5.000,11.998,2.868,2.868,0.000,0.000,1.0000,25.000,38.092,9.129,329.14
5311.00,5.000,11.994,2.865,2.865,0.000,0.000,1.0000,25.000,38.113,9.129,328.62
5316.00,5.000,11.989,2.861,2.861,0.000,0.000,1.0000,25.000,38.133,9.128,328.11
5321.00,5.000,11.985,2.857,2.857,0.000,0.000,1.0000,25.000,38.153,9.128,327.59
5326.00,5.000,11.981,2.854,2.854,0.000,0.000,1.0000,25.000,38.173,9.128,327.08
5331.00,5.000,11.977,2.850,2.850,0.000,0.000,1.0000,25.000,38.194,9.127,326.57
5336.00,5.000,11.973,2.846,2.846,0.000,0.000,1.0000,25.000,38.214,9.127,326.05
5341.00,5.000,11.969,2.843,2.843,0.000,0.000,1.0000,25.000,38.234,9.126,325.54
5346.00,5.000,11.965,2.839,2.839,0.000,0.000,1.0000,25.000,38.254,9.126,325.03
5351.00,5.000,11.961,2.836,2.836,0.000,0.000,1.0000,25.000,38.274,9.126,324.52
5356.00,5.000,11.957,2.832,2.832,0.000,0.000,1.0000,25.000,38.294,9.125,324.01
5361.00,5.000,11.953,2.828,2.828,0.000,0.000,1.0000,25.000,38.315,9.125,323.50
5366.00,5.000,11.949,2.825,2.825,0.000,0.000,1.0000,25.000,38.335,9.124,322.99
5371.00,5.000,11.945,2.821,2.821,0.000,0.000,1.0000,25.000,38.355,9.124,322.48
5376.00,5.000,11.941,2.817,2.817,0.000,0.000,1.0000,25.000,38.375,9.124,321.98
5381.00,5.000,11.937,2.814,2.814,0.000,0.000,1.0000,25.000,38.395,9.123,321.47
5386.00,5.000,11.933,2.810,2.810,0.000,0.000,1.0000,25.000,38.415,9.123,320.96
5391.00,5.000,11.929,2.807,2.807,0.000,0.000,1.0000,25.000,38.435,9.122,320.46
5396.00,5.000,11.925,2.803,2.803,0.000,0.000,1.0000,25.000,38.455,9.122,319.95
5401.00,5.000,11.921,2.799,2.799,0.000,0.000,1.0000,25.000,38.475,9.122,319.45
5406.00,5.000,11.917,2.796,2.796,0.000,0.000,1.0000,25.000,38.495,9.121,318.95
5411.00,5.000,11.913,2.792,2.792,0.000,0.000,1.0000,25.000,38.515,9.121,318.44
5416.00,5.000,11.909,2.789,2.789,0.000,0.000,1.0000,25.000,38.535,9.120,317.94
5421.00,5.000,11.905,2.785,2.785,0.000,0.000,1.0000,25.000,38.555,9.120,317.44
5426.00,5.000,11.901,2.782,2.782,0.000,0.000,1.0000,25.000,38.575,9.120,316.94
5431.00,5.000,11.897,2.778,2.778,0.000,0.000,1.0000,25.000,38.595,9.119,316.44
5436.00,5.000,11.893,2.774,2.774,0.000,0.000,1.0000,25.000,38.614,9.119,315.94
5441.00,5.000,11.889,2.771,2.771,0.000,0.000,1.0000,25.000,38.634,9.119,315.44
5446.00,5.000,11.885,2.767,2.767,0.000,0.000,1.0000,25.000,38.654,9.118,314.94
5451.00,5.000,11.882,2.764,2.764,0.000,0.000,1.0000,25.000,38.674,9.118,314.44
5456.00,5.000,11.878,2.760,2.760,0.000,0.000,1.0000,25.000,38.694,9.117,313.94
5461.00,5.000,11.874,2.757,2.757,0.000,0.000,1.0000,25.000,38.713,9.117,313.45
5466.00,5.000,11.870,2.753,2.753,0.000,0.000,1.0000,25.000,38.733,9.117,312.95
5471.00,5.000,11.866,2.750,2.750,0.000,0.000,1.0000,25.000,38.753,9.116,312.45
5476.00,5.000,11.862,2.746,2.746,0.000,0.000,1.0000,25.000,38.773,9.116,311.96
5481.00,5.000,11.858,2.743,2.743,0.000,0.000,1.0000,25.000,38.792,9.115,311.47
5486.00,5.000,11.854,2.739,2.739,0.000,0.000,1.0000,25.000,38.812,9.115,310.97
5491.00,5.000,11.850,2.736,2.736,0.000,0.000,1.0000,25.000,38.832,9.115,310.48
5496.00,5.000,11.846,2.732,2.732,0.000,0.000,1.0000,25.000,38.851,9.114,309.99
5501.00,5.000,11.843,2.729,2.729,0.000,0.000,1.0000,25.000,38.871,9.114,309.49
5506.00,5.000,11.839,2.725,2.725,0.000,0.000,1.0000,25.000,38.891,9.114,309.00
5511.00,5.000,11.835,2.722,2.722,0.000,0.000,1.0000,25.000,38.910,9.113,308.51
5516.00,5.000,11.831,2.718,2.718,0.000,0.000,1.0000,25.000,38.930,9.113,308.02
5521.00,5.000,11.827,2.715,2.715,0.000,0.000,1.0000,25.000,38.949,9.113,307.53
5526.00,5.000,11.823,2.711,2.711,0.000,0.000,1.0000,25.000,38.969,9.112,307.04
5531.00,5.000,11.819,2.708,2.708,0.000,0.000,1.0000,25.000,38.989,9.112,306.56
5536.00,5.000,11.816,2.704,2.704,0.000,0.000,1.0000,25.000,39.008,9.111,306.07
5541.00,5.000,11.812,2.701,2.701,0.000,0.000,1.0000,25.000,39.028,9.111,305.58
5546.00,5.000,11.808,2.697,2.697,0.000,0.000,1.0000,25.000,39.047,9.111,305.10
5551.00,5.000,11.804,2.694,2.694,0.000,0.000,1.0000,25.000,39.067,9.110,304.61
5556.00,5.000,11.800,2.690,2.690,0.000,0.000,1.0000,25.000,39.086,9.110,304.12
5561.00,5.000,11.796,2.687,2.687,0.000,0.000,1.0000,25.000,39.105,9.110,303.64
5566.00,5.000,11.793,2.683,2.683,0.000,0.000,1.0000,25.000,39.125,9.109,303.16
5571.00,5.000,11.789,2.680,2.680,0.000,0.000,1.0000,25.000,39.144,9.109,302.67
5576.00,5.000,11.785,2.677,2.677,0.000,0.000,1.0000,25.000,39.164,9.109,302.19
5581.00,5.000,11.781,2.673,2.673,0.000,0.000,1.0000,25.000,39.183,9.108,301.71
5586.00,5.000,11.778,2.670,2.670,0.000,0.000,1.0000,25.000,39.202,9.108,301.23
5591.00,5.000,11.774,2.666,2.666,0.000,0.000,1.0000,25.000,39.222,9.107,300.75
5596.00,5.000,11.770,2.663,2.663,0.000,0.000,1.0000,25.000,39.241,9.107,300.27
5601.00,5.000,11.766,2.659,2.659,0.000,0.000,1.0000,25.000,39.260,9.107,299.79
5606.00,5.000,11.762,2.656,2.656,0.000,0.000,1.0000,25.000,39.279,9.106,299.31
5611.00,5.000,11.759,2.653,2.653,0.000,0.000,1.0000,25.000,39.299,9.106,298.83
5616.00,5.000,11.755,2.649,2.649,0.000,0.000,1.0000,25.000,39.318,9.106,298.35
5621.00,5.000,11.751,2.646,2.646,0.000,0.000,1.0000,25.000,39.337,9.105,297.88
5626.00,5.000,11.747,2.642,2.642,0.000,0.000,1.0000,25.000,39.356,9.105,297.40
5631.00,5.000,11.744,2.639,2.639,0.000,0.000,1.0000,25.000,39.376,9.105,296.92
5636.00,5.000,11.740,2.636,2.636,0.000,0.000,1.0000,25.000,39.395,9.104,296.45
5641.00,5.000,11.736,2.632,2.632,0.000,0.000,1.0000,25.000,39.414,9.104,295.98
5646.00,5.000,11.732,2.629,2.629,0.000,0.000,1.0000,25.000,39.433,9.104,295.50
5651.00,5.000,11.729,2.625,2.625,0.000,0.000,1.0000,25.000,39.452,9.103,295.03
5656.00,5.000,11.725,2.622,2.622,0.000,0.000,1.0000,25.000,39.471,9.103,294.56
5661.00,5.000,11.721,2.619,2.619,0.000,0.000,1.0000,25.000,39.490,9.103,294.08
5666.00,5.000,11.718,2.615,2.615,0.000,0.000,1.0000,25.000,39.509,9.102,293.61
5671.00,5.000,11.714,2.612,2.612,0.000,0.000,1.0000,25.000,39.528,9.102,293.14
5676.00,5.000,11.710,2.609,2.609,0.000,0.000,1.0000,25.000,39.547,9.102,292.67
5681.00,5.000,11.707,2.605,2.605,0.000,0.000,1.0000,25.000,39.567,9.101,292.20
5686.00,5.000,11.703,2.602,2.602,0.000,0.000,1.0000,25.000,39.585,9.101,291.73
5691.00,5.000,11.699,2.599,2.599,0.000,0.000,1.0000,25.000,39.604,9.101,291.27
5696.00,5.000,11.695,2.595,2.595,0.000,0.000,1.0000,25.000,39.623,9.100,290.80
5701.00,5.000,11.692,2.592,2.592,0.000,0.000,1.0000,25.000,39.642,9.100,290.33
5706.00,5.000,11.688,2.589,2.589,0.000,0.000,1.0000,25.000,39.661,9.100,289.87
5711.00,5.000,11.685,2.585,2.585,0.000,0.000,1.0000,25.000,39.680,9.099,289.40
5716.00,5.000,11.681,2.582,2.582,0.000,0.000,1.0000,25.000,39.699,9.099,288.94
5721.00,5.000,11.677,2.579,2.579,0.000,0.000,1.0000,25.000,39.718,9.099,288.47
5726.00,5.000,11.674,2.575,2.575,0.000,0.000,1.0000,25.000,39.737,9.098,288.01
5731.00,5.000,11.670,2.572,2.572,0.000,0.000,1.0000,25.000,39.756,9.098,287.54
5736.00,5.000,11.666,2.569,2.569,0.000,0.000,1.0000,25.000,39.774,9.098,287.08
5741.00,5.000,11.663,2.565,2.565,0.000,0.000,1.0000,25.000,39.793,9.097,286.62
5746.00,5.000,11.659,2.562,2.562,0.000,0.000,1.0000,25.000,39.812,9.097,286.16
5751.00,5.000,11.655,2.559,2.559,0.000,0.000,1.0000,25.000,39.831,9.097,285.70
5756.00,5.000,11.652,2.556,2.556,0.000,0.000,1.0000,25.000,39.850,9.096,285.24
5761.00,5.000,11.648,2.552,2.552,0.000,0.000,1.0000,25.000,39.868,9.096,284.78
5766.00,5.000,11.645,2.549,2.549,0.000,0.000,1.0000,25.000,39.887,9.096,284.32
5771.00,5.000,11.641,2.546,2.546,0.000,0.000,1.0000,25.000,39.906,9.095,283.86
5776.00,5.000,11.637,2.542,2.542,0.000,0.000,1.0000,25.000,39.924,9.095,283.40
5781.00,5.000,11.634,2.539,2.539,0.000,0.000,1.0000,25.000,39.943,9.095,282.95
5786.00,5.000,11.630,2.536,2.536,0.000,0.000,1.0000,25.000,39.962,9.094,282.49
5791.00,5.000,11.627,2.533,2.533,0.000,0.000,1.0000,25.000,39.980,9.094,282.04
5796.00,5.000,11.623,2.529,2.529,0.000,0.000,1.0000,25.000,39.999,9.094,281.58
5801.00,5.000,11.620,2.526,2.526,0.000,0.000,1.0000,25.000,40.018,9.093,281.13
5806.00,5.000,11.616,2.523,2.523,0.000,0.000,1.0000,25.000,40.036,9.093,280.67
5811.00,5.000,11.612,2.520,2.520,0.000,0.000,1.0000,25.000,40.055,9.093,280.22
5816.00,5.000,11.609,2.516,2.516,0.000,0.000,1.0000,25.000,40.073,9.092,279.77
5821.00,5.000,11.605,2.513,2.513,0.000,0.000,1.0000,25.000,40.092,9.092,279.32
5826.00,5.000,11.602,2.510,2.510,0.000,0.000,1.0000,25.000,40.110,9.092,278.86
5831.00,5.000,11.598,2.507,2.507,0.000,0.000,1.0000,25.000,40.129,9.092,278.41
5836.00,5.000,11.595,2.503,2.503,0.000,0.000,1.0000,25.000,40.147,9.091,277.96
5841.00,5.000,11.591,2.500,2.500,0.000,0.000,1.0000,25.000,40.166,9.091,277.51
5846.00,5.000,11.588,2.497,2.497,0.000,0.000,1.0000,25.000,40.184,9.091,277.07
5851.00,5.000,11.584,2.494,2.494,0.000,0.000,1.0000,25.000,40.203,9.090,276.62
5856.00,5.000,11.581,2.491,2.491,0.000,0.000,1.0000,25.000,40.221,9.090,276.17
5861.00,5.000,11.577,2.487,2.487,0.000,0.000,1.0000,25.000,40.239,9.090,275.72
5866.00,5.000,11.574,2.484,2.484,0.000,0.000,1.0000,25.000,40.258,9.089,275.28
5871.00,5.000,11.570,2.481,2.481,0.000,0.000,1.0000,25.000,40.276,9.089,274.83
5876.00,5.000,11.567,2.478,2.478,0.000,0.000,1.0000,25.000,40.294,9.089,274.39
5881.00,5.000,11.563,2.475,2.475,0.000,0.000,1.0000,25.000,40.313,9.088,273.94
5886.00,5.000,11.560,2.471,2.471,0.000,0.000,1.0000,25.000,40.331,9.088,273.50
5891.00,5.000,11.556,2.468,2.468,0.000,0.000,1.0000,25.000,40.349,9.088,273.05
5896.00,5.000,11.553,2.465,2.465,0.000,0.000,1.0000,25.000,40.367,9.088,272.61
5901.00,5.000,11.549,2.462,2.462,0.000,0.000,1.0000,25.000,40.386,9.087,272.17
5906.00,5.000,11.546,2.459,2.459,0.000,0.000,1.0000,25.000,40.404,9.087,271.73
5911.00,5.000,11.542,2.456,2.456,0.000,0.000,1.0000,25.000,40.422,9.087,271.29
5916.00,5.000,11.539,2.452,2.452,0.000,0.000,1.0000,25.000,40.440,9.086,270.85
5921.00,5.000,11.535,2.449,2.449,0.000,0.000,1.0000,25.000,40.458,9.086,270.41
5926.00,5.000,11.532,2.446,2.446,0.000,0.000,1.0000,25.000,40.477,9.086,269.97
5931.00,5.000,11.528,2.443,2.443,0.000,0.000,1.0000,25.000,40.495,9.085,269.53
5936.00,5.000,11.525,2.440,2.440,0.000,0.000,1.0000,25.000,40.513,9.085,269.09
5941.00,5.000,11.522,2.437,2.437,0.000,0.000,1.0000,25.000,40.531,9.085,268.66
5946.00,5.000,11.518,2.434,2.434,0.000,0.000,1.0000,25.000,40.549,9.085,268.22
5951.00,5.000,11.515,2.430,2.430,0.000,0.000,1.0000,25.000,40.567,9.084,267.79
5956.00,5.000,11.511,2.427,2.427,0.000,0.000,1.0000,25.000,40.585,9.084,267.35
5961.00,5.000,11.508,2.424,2.424,0.000,0.000,1.0000,25.000,40.603,9.084,266.92
5966.00,5.000,11.505,2.421,2.421,0.000,0.000,1.0000,25.000,40.621,9.083,266.48
5971.00,5.000,11.501,2.418,2.418,0.000,0.000,1.0000,25.000,40.639,9.083,266.05
5976.00,5.000,11.498,2.415,2.415,0.000,0.000,1.0000,25.000,40.657,9.083,265.62
5981.00,5.000,11.494,2.412,2.412,0.000,0.000,1.0000,25.000,40.675,9.083,265.18
5986.00,5.000,11.491,2.409,2.409,0.000,0.000,1.0000,25.000,40.693,9.082,264.75
5991.00,5.000,11.488,2.406,2.406,0.000,0.000,1.0000,25.000,40.711,9.082,264.32
5996.00,5.000,11.484,2.402,2.402,0.000,0.000,1.0000,25.000,40.729,9.082,263.89
6001.00,5.000,11.481,2.399,2.399,0.000,0.000,1.0000,25.000,40.747,9.081,263.46
6006.00,5.000,11.477,2.396,2.396,0.000,0.000,1.0000,25.000,40.765,9.081,263.03
6011.00,5.000,11.474,2.393,2.393,0.000,0.000,1.0000,25.000,40.783,9.081,262.61
6016.00,5.000,11.471,2.390,2.390,0.000,0.000,1.0000,25.000,40.800,9.081,262.18
6021.00,5.000,11.467,2.387,2.387,0.000,0.000,1.0000,25.000,40.818,9.080,261.75
6026.00,5.000,11.464,2.384,2.384,0.000,0.000,1.0000,25.000,40.836,9.080,261.32
6031.00,5.000,11.461,2.381,2.381,0.000,0.000,1.0000,25.000,40.854,9.080,260.90
6036.00,5.000,11.457,2.378,2.378,0.000,0.000,1.0000,25.000,40.872,9.079,260.47
6041.00,5.000,11.454,2.375,2.375,0.000,0.000,1.0000,25.000,40.889,9.079,260.05
6046.00,5.000,11.451,2.372,2.372,0.000,0.000,1.0000,25.000,40.907,9.079,259.63
6051.00,5.000,11.447,2.369,2.369,0.000,0.000,1.0000,25.000,40.925,9.079,259.20
6056.00,5.000,11.444,2.366,2.366,0.000,0.000,1.0000,25.000,40.942,9.078,258.78
6061.00,5.000,11.441,2.363,2.363,0.000,0.000,1.0000,25.000,40.960,9.078,258.36
6066.00,5.000,11.437,2.360,2.360,0.000,0.000,1.0000,25.000,40.978,9.078,257.94
6071.00,5.000,11.434,2.357,2.357,0.000,0.000,1.0000,25.000,40.995,9.078,257.51
6076.00,5.000,11.431,2.354,2.354,0.000,0.000,1.0000,25.000,41.013,9.077,257.09
6081.00,5.000,11.428,2.351,2.351,0.000,0.000,1.0000,25.000,41.031,9.077,256.67
6086.00,5.000,11.424,2.348,2.348,0.000,0.000,1.0000,25.000,41.048,9.077,256.26
6091.00,5.000,11.421,2.345,2.345,0.000,0.000,1.0000,25.000,41.066,9.076,255.84
6096.00,5.000,11.418,2.341,2.341,0.000,0.000,1.0000,25.000,41.083,9.076,255.42
6101.00,5.000,11.414,2.338,2.338,0.000,0.000,1.0000,25.000,41.101,9.076,255.00
6106.00,5.000,11.411,2.335,2.335,0.000,0.000,1.0000,25.000,41.118,9.076,254.59
6111.00,5.000,11.408,2.332,2.332,0.000,0.000,1.0000,25.000,41.136,9.075,254.17
6116.00,5.000,11.405,2.329,2.329,0.000,0.000,1.0000,25.000,41.153,9.075,253.75
6121.00,5.000,11.401,2.326,2.326,0.000,0.000,1.0000,25.000,41.171,9.075,253.34
6126.00,5.000,11.398,2.324,2.324,0.000,0.000,1.0000,25.000,41.188,9.075,252.92
6131.00,5.000,11.395,2.321,2.321,0.000,0.000,1.0000,25.000,41.206,9.074,252.51
6136.00,5.000,11.392,2.318,2.318,0.000,0.000,1.0000,25.000,41.223,9.074,252.10
6141.00,5.000,11.388,2.315,2.315,0.000,0.000,1.0000,25.000,41.240,9.074,251.69
6146.00,5.000,11.385,2.312,2.312,0.000,0.000,1.0000,25.000,41.258,9.074,251.27
6151.00,5.000,11.382,2.309,2.309,0.000,0.000,1.0000,25.000,41.275,9.073,250.86
6156.00,5.000,11.379,2.306,2.306,0.000,0.000,1.0000,25.000,41.292,9.073,250.45
6161.00,5.000,11.375,2.303,2.303,0.000,0.000,1.0000,25.000,41.310,9.073,250.04
6166.00,5.000,11.372,2.300,2.300,0.000,0.000,1.0000,25.000,41.327,9.072,249.63
6171.00,5.000,11.369,2.297,2.297,0.000,0.000,1.0000,25.000,41.344,9.072,249.22
6176.00,5.000,11.366,2.294,2.294,0.000,0.000,1.0000,25.000,41.362,9.072,248.82
6181.00,5.000,11.363,2.291,2.291,0.000,0.000,1.0000,25.000,41.379,9.072,248.41
6186.00,5.000,11.359,2.288,2.288,0.000,0.000,1.0000,25.000,41.396,9.071,248.00
6191.00,5.000,11.356,2.285,2.285,0.000,0.000,1.0000,25.000,41.413,9.071,247.60
6196.00,5.000,11.353,2.282,2.282,0.000,0.000,1.0000,25.000,41.431,9.071,247.19
6201.00,5.000,11.350,2.279,2.279,0.000,0.000,1.0000,25.000,41.448,9.071,246.79
6206.00,5.000,11.347,2.276,2.276,0.000,0.000,1.0000,25.000,41.465,9.070,246.38
6211.00,5.000,11.343,2.273,2.273,0.000,0.000,1.0000,25.000,41.482,9.070,245.98
6216.00,5.000,11.340,2.270,2.270,0.000,0.000,1.0000,25.000,41.499,9.070,245.57
6221.00,5.000,11.337,2.267,2.267,0.000,0.000,1.0000,25.000,41.516,9.070,245.17
6226.00,5.000,11.334,2.265,2.265,0.000,0.000,1.0000,25.000,41.533,9.069,244.77
6231.00,5.000,11.331,2.262,2.262,0.000,0.000,1.0000,25.000,41.550,9.069,244.37
6236.00,5.000,11.328,2.259,2.259,0.000,0.000,1.0000,25.000,41.567,9.069,243.97
6241.00,5.000,11.325,2.256,2.256,0.000,0.000,1.0000,25.000,41.585,9.069,243.57
6246.00,5.000,11.321,2.253,2.253,0.000,0.000,1.0000,25.000,41.602,9.068,243.17
6251.00,5.000,11.318,2.250,2.250,0.000,0.000,1.0000,25.000,41.619,9.068,242.77
6256.00,5.000,11.315,2.247,2.247,0.000,0.000,1.0000,25.000,41.636,9.068,242.37
6261.00,5.000,11.312,2.244,2.244,0.000,0.000,1.0000,25.000,41.652,9.068,241.97
6266.00,5.000,11.309,2.241,2.241,0.000,0.000,1.0000,25.000,41.669,9.067,241.57
6271.00,5.000,11.306,2.239,2.239,0.000,0.000,1.0000,25.000,41.686,9.067,241.18
6276.00,5.000,11.303,2.236,2.236,0.000,0.000,1.0000,25.000,41.703,9.067,240.78
6281.00,5.000,11.300,2.233,2.233,0.000,0.000,1.0000,25.000,41.720,9.067,240.39
6286.00,5.000,11.296,2.230,2.230,0.000,0.000,1.0000,25.000,41.737,9.066,239.99
6291.00,5.000,11.293,2.227,2.227,0.000,0.000,1.0000,25.000,41.754,9.066,239.60
6296.00,5.000,11.290,2.224,2.224,0.000,0.000,1.0000,25.000,41.771,9.066,239.20
6301.00,5.000,11.287,2.221,2.221,0.000,0.000,1.0000,25.000,41.788,9.066,238.81
6306.00,5.000,11.284,2.219,2.219,0.000,0.000,1.0000,25.000,41.804,9.065,238.42
6311.00,5.000,11.281,2.216,2.216,0.000,0.000,1.0000,25.000,41.821,9.065,238.03
6316.00,5.000,11.278,2.213,2.213,0.000,0.000,1.0000,25.000,41.838,9.065,237.63
6321.00,5.000,11.275,2.210,2.210,0.000,0.000,1.0000,25.000,41.855,9.065,237.24
6326.00,5.000,11.272,2.207,2.207,0.000,0.000,1.0000,25.000,41.871,9.065,236.85
6331.00,5.000,11.269,2.204,2.204,0.000,0.000,1.0000,25.000,41.888,9.064,236.46
6336.00,5.000,11.266,2.202,2.202,0.000,0.000,1.0000,25.000,41.905,9.064,236.07
6341.00,5.000,11.263,2.199,2.199,0.000,0.000,1.0000,25.000,41.921,9.064,235.69
6346.00,5.000,11.259,2.196,2.196,0.000,0.000,1.0000,25.000,41.938,9.064,235.30
6351.00,5.000,11.256,2.193,2.193,0.000,0.000,1.0000,25.000,41.955,9.063,234.91
6356.00,5.000,11.253,2.190,2.190,0.000,0.000,1.0000,25.000,41.971,9.063,234.52
6361.00,5.000,11.250,2.187,2.187,0.000,0.000,1.0000,25.000,41.988,9.063,234.14
6366.00,5.000,11.247,2.185,2.185,0.000,0.000,1.0000,25.000,42.005,9.063,233.75
6371.00,5.000,11.244,2.182,2.182,0.000,0.000,1.0000,25.000,42.021,9.062,233.37
6376.00,5.000,11.241,2.179,2.179,0.000,0.000,1.0000,25.000,42.038,9.062,232.98
6381.00,5.000,11.238,2.176,2.176,0.000,0.000,1.0000,25.000,42.054,9.062,232.60
6386.00,5.000,11.235,2.174,2.174,0.000,0.000,1.0000,25.000,42.071,9.062,232.22
6391.00,5.000,11.232,2.171,2.171,0.000,0.000,1.0000,25.000,42.087,9.061,231.84
6396.00,5.000,11.229,2.168,2.168,0.000,0.000,1.0000,25.000,42.104,9.061,231.45
6401.00,5.000,11.226,2.165,2.165,0.000,0.000,1.0000,25.000,42.120,9.061,231.07
6406.00,5.000,11.223,2.162,2.162,0.000,0.000,1.0000,25.000,42.137,9.061,230.69
6411.00,5.000,11.220,2.160,2.160,0.000,0.000,1.0000,25.000,42.153,9.061,230.31
6416.00,5.000,11.217,2.157,2.157,0.000,0.000,1.0000,25.000,42.169,9.060,229.93
6421.00,5.000,11.214,2.154,2.154,0.000,0.000,1.0000,25.000,42.186,9.060,229.55
6426.00,5.000,11.211,2.151,2.151,0.000,0.000,1.0000,25.000,42.202,9.060,229.17
6431.00,5.000,11.208,2.149,2.149,0.000,0.000,1.0000,25.000,42.219,9.060,228.80
6436.00,5.000,11.205,2.146,2.146,0.000,0.000,1.0000,25.000,42.235,9.059,228.42
6441.00,5.000,11.202,2.143,2.143,0.000,0.000,1.0000,25.000,42.251,9.059,228.04
6446.00,5.000,11.199,2.140,2.140,0.000,0.000,1.0000,25.000,42.268,9.059,227.67
6451.00,5.000,11.196,2.138,2.138,0.000,0.000,1.0000,25.000,42.284,9.059,227.29
6456.00,5.000,11.193,2.135,2.135,0.000,0.000,1.0000,25.000,42.300,9.059,226.92
6461.00,5.000,11.191,2.132,2.132,0.000,0.000,1.0000,25.000,42.316,9.058,226.54
6466.00,5.000,11.188,2.129,2.129,0.000,0.000,1.0000,25.000,42.333,9.058,226.17
6471.00,5.000,11.185,2.127,2.127,0.000,0.000,1.0000,25.000,42.349,9.058,225.80
6476.00,5.000,11.182,2.124,2.124,0.000,0.000,1.0000,25.000,42.365,9.058,225.42
6481.00,5.000,11.179,2.121,2.121,0.000,0.000,1.0000,25.000,42.381,9.057,225.05
6486.00,5.000,11.176,2.119,2.119,0.000,0.000,1.0000,25.000,42.397,9.057,224.68
6491.00,5.000,11.173,2.116,2.116,0.000,0.000,1.0000,25.000,42.414,9.057,224.31
6496.00,5.000,11.170,2.113,2.113,0.000,0.000,1.0000,25.000,42.430,9.057,223.94
6501.00,5.000,11.167,2.110,2.110,0.000,0.000,1.0000,25.000,42.446,9.057,223.57
6506.00,5.000,11.164,2.108,2.108,0.000,0.000,1.0000,25.000,42.462,9.056,223.20
6511.00,5.000,11.161,2.105,2.105,0.000,0.000,1.0000,25.000,42.478,9.056,222.83
6516.00,5.000,11.158,2.102,2.102,0.000,0.000,1.0000,25.000,42.494,9.056,222.46
6521.00,5.000,11.155,2.100,2.100,0.000,0.000,1.0000,25.000,42.510,9.056,222.10
6526.00,5.000,11.153,2.097,2.097,0.000,0.000,1.0000,25.000,42.526,9.056,221.73
6531.00,5.000,11.150,2.094,2.094,0.000,0.000,1.0000,25.000,42.542,9.055,221.36
6536.00,5.000,11.147,2.092,2.092,0.000,0.000,1.0000,25.000,42.558,9.055,221.00
6541.00,5.000,11.144,2.089,2.089,0.000,0.000,1.0000,25.000,42.574,9.055,220.63
6546.00,5.000,11.141,2.086,2.086,0.000,0.000,1.0000,25.000,42.590,9.055,220.27
6551.00,5.000,11.138,2.084,2.084,0.000,0.000,1.0000,25.000,42.606,9.054,219.90
6556.00,5.000,11.135,2.081,2.081,0.000,0.000,1.0000,25.000,42.622,9.054,219.54
6561.00,5.000,11.132,2.078,2.078,0.000,0.000,1.0000,25.000,42.638,9.054,219.18
6566.00,5.000,11.130,2.076,2.076,0.000,0.000,1.0000,25.000,42.653,9.054,218.82
6571.00,5.000,11.127,2.073,2.073,0.000,0.000,1.0000,25.000,42.669,9.054,218.45
6576.00,5.000,11.124,2.070,2.070,0.000,0.000,1.0000,25.000,42.685,9.053,218.09
6581.00,5.000,11.121,2.068,2.068,0.000,0.000,1.0000,25.000,42.701,9.053,217.73
6586.00,5.000,11.118,2.065,2.065,0.000,0.000,1.0000,25.000,42.717,9.053,217.37
6591.00,5.000,11.115,2.063,2.063,0.000,0.000,1.0000,25.000,42.733,9.053,217.01
6596.00,5.000,11.112,2.060,2.060,0.000,0.000,1.0000,25.000,42.748,9.053,216.65
6601.00,5.000,11.110,2.057,2.057,0.000,0.000,1.0000,25.000,42.764,9.052,216.30
6606.00,5.000,11.107,2.055,2.055,0.000,0.000,1.0000,25.000,42.780,9.052,215.94
6611.00,5.000,11.104,2.052,2.052,0.000,0.000,1.0000,25.000,42.796,9.052,215.58
6616.00,5.000,11.101,2.049,2.049,0.000,0.000,1.0000,25.000,42.811,9.052,215.22
6621.00,5.000,11.098,2.047,2.047,0.000,0.000,1.0000,25.000,42.827,9.052,214.87
6626.00,5.000,11.096,2.044,2.044,0.000,0.000,1.0000,25.000,42.843,9.051,214.51
6631.00,5.000,11.093,2.042,2.042,0.000,0.000,1.0000,25.000,42.858,9.051,214.16
6636.00,5.000,11.090,2.039,2.039,0.000,0.000,1.0000,25.000,42.874,9.051,213.80
6641.00,5.000,11.087,2.036,2.036,0.000,0.000,1.0000,25.000,42.889,9.051,213.45
6646.00,5.000,11.084,2.034,2.034,0.000,0.000,1.0000,25.000,42.905,9.051,213.10
6651.00,5.000,11.082,2.031,2.031,0.000,0.000,1.0000,25.000,42.921,9.050,212.75
6656.00,5.000,11.079,2.029,2.029,0.000,0.000,1.0000,25.000,42.936,9.050,212.39
6661.00,5.000,11.076,2.026,2.026,0.000,0.000,1.0000,25.000,42.952,9.050,212.04
6666.00,5.000,11.073,2.023,2.023,0.000,0.000,1.0000,25.000,42.967,9.050,211.69
6671.00,5.000,11.070,2.021,2.021,0.000,0.000,1.0000,25.000,42.983,9.050,211.34
6676.00,5.000,11.068,2.018,2.018,0.000,0.000,1.0000,25.000,42.998,9.049,210.99
6681.00,5.000,11.065,2.016,2.016,0.000,0.000,1.0000,25.000,43.014,9.049,210.64
6686.00,5.000,11.062,2.013,2.013,0.000,0.000,1.0000,25.000,43.029,9.049,210.29
6691.00,5.000,11.059,2.011,2.011,0.000,0.000,1.0000,25.000,43.044,9.049,209.94
6696.00,5.000,11.057,2.008,2.008,0.000,0.000,1.0000,25.000,43.060,9.049,209.60
6701.00,5.000,11.054,2.005,2.005,0.000,0.000,1.0000,25.000,43.075,9.048,209.25
6706.00,5.000,11.051,2.003,2.003,0.000,0.000,1.0000,25.000,43.091,9.048,208.90
6711.00,5.000,11.048,2.000,2.000,0.000,0.000,1.0000,25.000,43.106,9.048,208.56
6716.00,5.000,11.046,1.998,1.998,0.000,0.000,1.0000,25.000,43.121,9.048,208.21
6721.00,5.000,11.043,1.995,1.995,0.000,0.000,1.0000,25.000,43.137,9.048,207.87
6726.00,5.000,11.040,1.993,1.993,0.000,0.000,1.0000,25.000,43.152,9.047,207.52
6731.00,5.000,11.038,1.990,1.990,0.000,0.000,1.0000,25.000,43.167,9.047,207.18
6736.00,5.000,11.035,1.988,1.988,0.000,0.000,1.0000,25.000,43.182,9.047,206.84
6741.00,5.000,11.032,1.985,1.985,0.000,0.000,1.0000,25.000,43.198,9.047,206.49
6746.00,5.000,11.029,1.983,1.983,0.000,0.000,1.0000,25.000,43.213,9.047,206.15
6751.00,5.000,11.027,1.980,1.980,0.000,0.000,1.0000,25.000,43.228,9.047,205.81
6756.00,5.000,11.024,1.978,1.978,0.000,0.000,1.0000,25.000,43.243,9.046,205.47
6761.00,5.000,11.021,1.975,1.975,0.000,0.000,1.0000,25.000,43.258,9.046,205.13
6766.00,5.000,11.019,1.973,1.973,0.000,0.000,1.0000,25.000,43.274,9.046,204.79
6771.00,5.000,11.016,1.970,1.970,0.000,0.000,1.0000,25.000,43.289,9.046,204.45
6776.00,5.000,11.013,1.968,1.968,0.000,0.000,1.0000,25.000,43.304,9.046,204.11
6781.00,5.000,11.011,1.965,1.965,0.000,0.000,1.0000,25.000,43.319,9.045,203.77
6786.00,5.000,11.008,1.963,1.963,0.000,0.000,1.0000,25.000,43.334,9.045,203.44
6791.00,5.000,11.005,1.960,1.960,0.000,0.000,1.0000,25.000,43.349,9.045,203.10
6796.00,5.000,11.002,1.958,1.958,0.000,0.000,1.0000,25.000,43.364,9.045,202.76
6801.00,5.000,11.000,1.955,1.955,0.000,0.000,1.0000,25.000,43.379,9.045,202.43
6806.00,5.000,10.997,1.953,1.953,0.000,0.000,1.0000,25.000,43.394,9.044,202.09
6811.00,5.000,10.995,1.950,1.950,0.000,0.000,1.0000,25.000,43.409,9.044,201.75
6816.00,5.000,10.992,1.948,1.948,0.000,0.000,1.0000,25.000,43.424,9.044,201.42
6821.00,5.000,10.989,1.945,1.945,0.000,0.000,1.0000,25.000,43.439,9.044,201.09
6826.00,5.000,10.987,1.943,1.943,0.000,0.000,1.0000,25.000,43.454,9.044,200.75
6831.00,5.000,10.984,1.940,1.940,0.000,0.000,1.0000,25.000,43.469,9.044,200.42
6836.00,5.000,10.981,1.938,1.938,0.000,0.000,1.0000,25.000,43.484,9.043,200.09
6841.00,5.000,10.979,1.935,1.935,0.000,0.000,1.0000,25.000,43.499,9.043,199.76
6846.00,5.000,10.976,1.933,1.933,0.000,0.000,1.0000,25.000,43.514,9.043,199.43
6851.00,5.000,10.973,1.931,1.931,0.000,0.000,1.0000,25.000,43.528,9.043,199.09
6856.00,5.000,10.971,1.928,1.928,0.000,0.000,1.0000,25.000,43.543,9.043,198.76
6861.00,5.000,10.968,1.926,1.926,0.000,0.000,1.0000,25.000,43.558,9.043,198.44
6866.00,5.000,10.966,1.923,1.923,0.000,0.000,1.0000,25.000,43.573,9.042,198.11
6871.00,5.000,10.963,1.921,1.921,0.000,0.000,1.0000,25.000,43.588,9.042,197.78
6876.00,5.000,10.960,1.918,1.918,0.000,0.000,1.0000,25.000,43.602,9.042,197.45
6881.00,5.000,10.958,1.916,1.916,0.000,0.000,1.0000,25.000,43.617,9.042,197.12
6886.00,5.000,10.955,1.913,1.913,0.000,0.000,1.0000,25.000,43.632,9.042,196.80
6891.00,5.000,10.953,1.911,1.911,0.000,0.000,1.0000,25.000,43.647,9.041,196.47
6896.00,5.000,10.950,1.909,1.909,0.000,0.000,1.0000,25.000,43.661,9.041,196.14
6901.00,5.000,10.947,1.906,1.906,0.000,0.000,1.0000,25.000,43.676,9.041,195.82
6906.00,5.000,10.945,1.904,1.904,0.000,0.000,1.0000,25.000,43.691,9.041,195.49
6911.00,5.000,10.942,1.901,1.901,0.000,0.000,1.0000,25.000,43.705,9.041,195.17
6916.00,5.000,10.940,1.899,1.899,0.000,0.000,1.0000,25.000,43.720,9.041,194.85
6921.00,5.000,10.937,1.897,1.897,0.000,0.000,1.0000,25.000,43.734,9.040,194.52
6926.00,5.000,10.934,1.894,1.894,0.000,0.000,1.0000,25.000,43.749,9.040,194.20
6931.00,5.000,10.932,1.892,1.892,0.000,0.000,1.0000,25.000,43.764,9.040,193.88
6936.00,5.000,10.929,1.889,1.889,0.000,0.000,1.0000,25.000,43.778,9.040,193.56
6941.00,5.000,10.927,1.887,1.887,0.000,0.000,1.0000,25.000,43.793,9.040,193.24
6946.00,5.000,10.924,1.885,1.885,0.000,0.000,1.0000,25.000,43.807,9.040,192.91
6951.00,5.000,10.922,1.882,1.882,0.000,0.000,1.0000,25.000,43.822,9.039,192.59
6956.00,5.000,10.919,1.880,1.880,0.000,0.000,1.0000,25.000,43.836,9.039,192.28
6961.00,5.000,10.917,1.878,1.878,0.000,0.000,1.0000,25.000,43.851,9.039,191.96
6966.00,5.000,10.914,1.875,1.875,0.000,0.000,1.0000,25.000,43.865,9.039,191.64
6971.00,5.000,10.912,1.873,1.873,0.000,0.000,1.0000,25.000,43.879,9.039,191.32
6976.00,5.000,10.909,1.870,1.870,0.000,0.000,1.0000,25.000,43.894,9.039,191.00
6981.00,5.000,10.907,1.868,1.868,0.000,0.000,1.0000,25.000,43.908,9.038,190.69
6986.00,5.000,10.904,1.866,1.866,0.000,0.000,1.0000,25.000,43.923,9.038,190.37
6991.00,5.000,10.901,1.863,1.863,0.000,0.000,1.0000,25.000,43.937,9.038,190.05
6996.00,5.000,10.899,1.861,1.861,0.000,0.000,1.0000,25.000,43.951,9.038,189.74
7001.00,5.000,10.896,1.859,1.859,0.000,0.000,1.0000,25.000,43.966,9.038,189.42
7006.00,5.000,10.894,1.856,1.856,0.000,0.000,1.0000,25.000,43.980,9.038,189.11
7011.00,5.000,10.891,1.854,1.854,0.000,0.000,1.0000,25.000,43.994,9.037,188.80
7016.00,5.000,10.889,1.852,1.852,0.000,0.000,1.0000,25.000,44.008,9.037,188.48
7021.00,5.000,10.886,1.849,1.849,0.000,0.000,1.0000,25.000,44.023,9.037,188.17
7026.00,5.000,10.884,1.847,1.847,0.000,0.000,1.0000,25.000,44.037,9.037,187.86
7031.00,5.000,10.881,1.845,1.845,0.000,0.000,1.0000,25.000,44.051,9.037,187.55
7036.00,5.000,10.879,1.842,1.842,0.000,0.000,1.0000,25.000,44.065,9.037,187.23
7041.00,5.000,10.877,1.840,1.840,0.000,0.000,1.0000,25.000,44.079,9.036,186.92
7046.00,5.000,10.874,1.838,1.838,0.000,0.000,1.0000,25.000,44.093,9.036,186.61
7051.00,5.000,10.872,1.835,1.835,0.000,0.000,1.0000,25.000,44.108,9.036,186.30
7056.00,5.000,10.869,1.833,1.833,0.000,0.000,1.0000,25.000,44.122,9.036,186.00
7061.00,5.000,10.867,1.831,1.831,0.000,0.000,1.0000,25.000,44.136,9.036,185.69
7066.00,5.000,10.864,1.828,1.828,0.000,0.000,1.0000,25.000,44.150,9.036,185.38
7071.00,5.000,10.862,1.826,1.826,0.000,0.000,1.0000,25.000,44.164,9.036,185.07
7076.00,5.000,10.859,1.824,1.824,0.000,0.000,1.0000,25.000,44.178,9.035,184.76
7081.00,5.000,10.857,1.822,1.822,0.000,0.000,1.0000,25.000,44.192,9.035,184.46
7086.00,5.000,10.854,1.819,1.819,0.000,0.000,1.0000,25.000,44.206,9.035,184.15
7091.00,5.000,10.852,1.817,1.817,0.000,0.000,1.0000,25.000,44.220,9.035,183.85
7096.00,5.000,10.849,1.815,1.815,0.000,0.000,1.0000,25.000,44.234,9.035,183.54
7101.00,5.000,10.847,1.812,1.812,0.000,0.000,1.0000,25.000,44.248,9.035,183.24
7106.00,5.000,10.845,1.810,1.810,0.000,0.000,1.0000,25.000,44.262,9.034,182.93
7111.00,5.000,10.842,1.808,1.808,0.000,0.000,1.0000,25.000,44.276,9.034,182.63
7116.00,5.000,10.840,1.806,1.806,0.000,0.000,1.0000,25.000,44.290,9.034,182.33
7121.00,5.000,10.837,1.803,1.803,0.000,0.000,1.0000,25.000,44.303,9.034,182.02
7126.00,5.000,10.835,1.801,1.801,0.000,0.000,1.0000,25.000,44.317,9.034,181.72
7131.00,5.000,10.833,1.799,1.799,0.000,0.000,1.0000,25.000,44.331,9.034,181.42
7136.00,5.000,10.830,1.797,1.797,0.000,0.000,1.0000,25.000,44.345,9.034,181.12
7141.00,5.000,10.828,1.794,1.794,0.000,0.000,1.0000,25.000,44.359,9.033,180.82
7146.00,5.000,10.825,1.792,1.792,0.000,0.000,1.0000,25.000,44.373,9.033,180.52
7151.00,5.000,10.823,1.790,1.790,0.000,0.000,1.0000,25.000,44.386,9.033,180.22
7156.00,5.000,10.821,1.788,1.788,0.000,0.000,1.0000,25.000,44.400,9.033,179.92
7161.00,5.000,10.818,1.785,1.785,0.000,0.000,1.0000,25.000,44.414,9.033,179.62
7166.00,5.000,10.816,1.783,1.783,0.000,0.000,1.0000,25.000,44.427,9.033,179.32
7171.00,5.000,10.813,1.781,1.781,0.000,0.000,1.0000,25.000,44.441,9.033,179.03
7176.00,5.000,10.811,1.779,1.779,0.000,0.000,1.0000,25.000,44.455,9.032,178.73
7181.00,5.000,10.809,1.776,1.776,0.000,0.000,1.0000,25.000,44.468,9.032,178.43
7186.00,5.000,10.806,1.774,1.774,0.000,0.000,1.0000,25.000,44.482,9.032,178.14
7191.00,5.000,10.804,1.772,1.772,0.000,0.000,1.0000,25.000,44.496,9.032,177.84
7196.00,5.000,10.802,1.770,1.770,0.000,0.000,1.0000,25.000,44.509,9.032,177.55
7201.00,5.000,10.799,1.768,1.768,0.000,0.000,1.0000,25.000,44.523,9.032,177.25
7206.00,5.000,10.797,1.765,1.765,0.000,0.000,1.0000,25.000,44.536,9.031,176.96
7211.00,5.000,10.794,1.763,1.763,0.000,0.000,1.0000,25.000,44.550,9.031,176.66
7216.00,5.000,10.792,1.761,1.761,0.000,0.000,1.0000,25.000,44.564,9.031,176.37
7221.00,5.000,10.790,1.759,1.759,0.000,0.000,1.0000,25.000,44.577,9.031,176.08
7226.00,5.000,10.787,1.757,1.757,0.000,0.000,1.0000,25.000,44.591,9.031,175.79
7231.00,5.000,10.785,1.754,1.754,0.000,0.000,1.0000,25.000,44.604,9.031,175.50
7236.00,5.000,10.783,1.752,1.752,0.000,0.000,1.0000,25.000,44.617,9.031,175.20
7241.00,5.000,10.780,1.750,1.750,0.000,0.000,1.0000,25.000,44.631,9.030,174.91
7246.00,5.000,10.778,1.748,1.748,0.000,0.000,1.0000,25.000,44.644,9.030,174.62
7251.00,5.000,10.776,1.746,1.746,0.000,0.000,1.0000,25.000,44.658,9.030,174.33
7256.00,5.000,10.773,1.743,1.743,0.000,0.000,1.0000,25.000,44.671,9.030,174.04
7261.00,5.000,10.771,1.741,1.741,0.000,0.000,1.0000,25.000,44.684,9.030,173.76
7266.00,5.000,10.769,1.739,1.739,0.000,0.000,1.0000,25.000,44.698,9.030,173.47
7271.00,5.000,10.766,1.737,1.737,0.000,0.000,1.0000,25.000,44.711,9.030,173.18
7276.00,5.000,10.764,1.735,1.735,0.000,0.000,1.0000,25.000,44.724,9.029,172.89
7281.00,5.000,10.762,1.733,1.733,0.000,0.000,1.0000,25.000,44.738,9.029,172.61
7286.00,5.000,10.760,1.730,1.730,0.000,0.000,1.0000,25.000,44.751,9.029,172.32
7291.00,5.000,10.757,1.728,1.728,0.000,0.000,1.0000,25.000,44.764,9.029,172.03
7296.00,5.000,10.755,1.726,1.726,0.000,0.000,1.0000,25.000,44.778,9.029,171.75
7301.00,5.000,10.753,1.724,1.724,0.000,0.000,1.0000,25.000,44.791,9.029,171.46
7306.00,5.000,10.750,1.722,1.722,0.000,0.000,1.0000,25.000,44.804,9.029,171.18
7311.00,5.000,10.748,1.720,1.720,0.000,0.000,1.0000,25.000,44.817,9.029,170.90
7316.00,5.000,10.746,1.717,1.717,0.000,0.000,1.0000,25.000,44.830,9.028,170.61
7321.00,5.000,10.744,1.715,1.715,0.000,0.000,1.0000,25.000,44.843,9.028,170.33
7326.00,5.000,10.741,1.713,1.713,0.000,0.000,1.0000,25.000,44.857,9.028,170.05
7331.00,5.000,10.739,1.711,1.711,0.000,0.000,1.0000,25.000,44.870,9.028,169.77
7336.00,5.000,10.737,1.709,1.709,0.000,0.000,1.0000,25.000,44.883,9.028,169.48
7341.00,5.000,10.735,1.707,1.707,0.000,0.000,1.0000,25.000,44.896,9.028,169.20
7346.00,5.000,10.732,1.705,1.705,0.000,0.000,1.0000,25.000,44.909,9.028,168.92
7351.00,5.000,10.730,1.703,1.703,0.000,0.000,1.0000,25.000,44.922,9.027,168.64
7356.00,5.000,10.728,1.700,1.700,0.000,0.000,1.0000,25.000,44.935,9.027,168.36
7361.00,5.000,10.726,1.698,1.698,0.000,0.000,1.0000,25.000,44.948,9.027,168.09
7366.00,5.000,10.723,1.696,1.696,0.000,0.000,1.0000,25.000,44.961,9.027,167.81
7371.00,5.000,10.721,1.694,1.694,0.000,0.000,1.0000,25.000,44.974,9.027,167.53
7376.00,5.000,10.719,1.692,1.692,0.000,0.000,1.0000,25.000,44.987,9.027,167.25
7381.00,5.000,10.717,1.690,1.690,0.000,0.000,1.0000,25.000,45.000,9.027,166.97
7386.00,5.000,10.714,1.688,1.688,0.000,0.000,1.0000,25.000,45.013,9.027,166.70
7391.00,5.000,10.712,1.686,1.686,0.000,0.000,1.0000,25.000,45.026,9.026,166.42
7396.00,5.000,10.710,1.684,1.684,0.000,0.000,1.0000,25.000,45.039,9.026,166.15
7401.00,5.000,10.708,1.682,1.682,0.000,0.000,1.0000,25.000,45.051,9.026,165.87
7406.00,5.000,10.705,1.679,1.679,0.000,0.000,1.0000,25.000,45.064,9.026,165.60
7411.00,5.000,10.703,1.677,1.677,0.000,0.000,1.0000,25.000,45.077,9.026,165.32
7416.00,5.000,10.701,1.675,1.675,0.000,0.000,1.0000,25.000,45.090,9.026,165.05
7421.00,5.000,10.699,1.673,1.673,0.000,0.000,1.0000,25.000,45.103,9.026,164.77
7426.00,5.000,10.697,1.671,1.671,0.000,0.000,1.0000,25.000,45.115,9.026,164.50
7431.00,5.000,10.694,1.669,1.669,0.000,0.000,1.0000,25.000,45.128,9.025,164.23
7436.00,5.000,10.692,1.667,1.667,0.000,0.000,1.0000,25.000,45.141,9.025,163.96
7441.00,5.000,10.690,1.665,1.665,0.000,0.000,1.0000,25.000,45.154,9.025,163.69
7446.00,5.000,10.688,1.663,1.663,0.000,0.000,1.0000,25.000,45.166,9.025,163.41
7451.00,5.000,10.686,1.661,1.661,0.000,0.000,1.0000,25.000,45.179,9.025,163.14
7456.00,5.000,10.683,1.659,1.659,0.000,0.000,1.0000,25.000,45.192,9.025,162.87
7461.00,5.000,10.681,1.657,1.657,0.000,0.000,1.0000,25.000,45.204,9.025,162.60
7466.00,5.000,10.679,1.655,1.655,0.000,0.000,1.0000,25.000,45.217,9.024,162.33
7471.00,5.000,10.677,1.653,1.653,0.000,0.000,1.0000,25.000,45.230,9.024,162.07
7476.00,5.000,10.675,1.651,1.651,0.000,0.000,1.0000,25.000,45.242,9.024,161.80
7481.00,5.000,10.673,1.648,1.648,0.000,0.000,1.0000,25.000,45.255,9.024,161.53
7486.00,5.000,10.670,1.646,1.646,0.000,0.000,1.0000,25.000,45.267,9.024,161.26
7491.00,5.000,10.668,1.644,1.644,0.000,0.000,1.0000,25.000,45.280,9.024,161.00
7496.00,5.000,10.666,1.642,1.642,0.000,0.000,1.0000,25.000,45.292,9.024,160.73
7501.00,5.000,10.664,1.640,1.640,0.000,0.000,1.0000,25.000,45.305,9.024,160.46
7506.00,5.000,10.662,1.638,1.638,0.000,0.000,1.0000,25.000,45.317,9.024,160.20
7511.00,5.000,10.660,1.636,1.636,0.000,0.000,1.0000,25.000,45.330,9.023,159.93
7516.00,5.000,10.658,1.634,1.634,0.000,0.000,1.0000,25.000,45.342,9.023,159.67
7521.00,5.000,10.655,1.632,1.632,0.000,0.000,1.0000,25.000,45.355,9.023,159.40
7526.00,5.000,10.653,1.630,1.630,0.000,0.000,1.0000,25.000,45.367,9.023,159.14
7531.00,5.000,10.651,1.628,1.628,0.000,0.000,1.0000,25.000,45.379,9.023,158.88
7536.00,5.000,10.649,1.626,1.626,0.000,0.000,1.0000,25.000,45.392,9.023,158.61
7541.00,5.000,10.647,1.624,1.624,0.000,0.000,1.0000,25.000,45.404,9.023,158.35
7546.00,5.000,10.645,1.622,1.622,0.000,0.000,1.0000,25.000,45.416,9.023,158.09
7551.00,5.000,10.643,1.620,1.620,0.000,0.000,1.0000,25.000,45.429,9.022,157.83
7556.00,5.000,10.641,1.618,1.618,0.000,0.000,1.0000,25.000,45.441,9.022,157.57
7561.00,5.000,10.638,1.616,1.616,0.000,0.000,1.0000,25.000,45.453,9.022,157.31
7566.00,5.000,10.636,1.614,1.614,0.000,0.000,1.0000,25.000,45.466,9.022,157.05
7571.00,5.000,10.634,1.612,1.612,0.000,0.000,1.0000,25.000,45.478,9.022,156.79
7576.00,5.000,10.632,1.610,1.610,0.000,0.000,1.0000,25.000,45.490,9.022,156.53
7581.00,5.000,10.630,1.608,1.608,0.000,0.000,1.0000,25.000,45.502,9.022,156.27
7586.00,5.000,10.628,1.606,1.606,0.000,0.000,1.0000,25.000,45.515,9.022,156.01
7591.00,5.000,10.626,1.604,1.604,0.000,0.000,1.0000,25.000,45.527,9.021,155.75
7596.00,5.000,10.624,1.602,1.602,0.000,0.000,1.0000,25.000,45.539,9.021,155.49
7601.00,5.000,10.622,1.600,1.600,0.000,0.000,1.0000,25.000,45.551,9.021,155.24
7606.00,5.000,10.620,1.598,1.598,0.000,0.000,1.0000,25.000,45.563,9.021,154.98
7611.00,5.000,10.617,1.596,1.596,0.000,0.000,1.0000,25.000,45.575,9.021,154.73
7616.00,5.000,10.615,1.594,1.594,0.000,0.000,1.0000,25.000,45.587,9.021,154.47
7621.00,5.000,10.613,1.593,1.593,0.000,0.000,1.0000,25.000,45.599,9.021,154.21
7626.00,5.000,10.611,1.591,1.591,0.000,0.000,1.0000,25.000,45.611,9.021,153.96
7631.00,5.000,10.609,1.589,1.589,0.000,0.000,1.0000,25.000,45.623,9.021,153.71
7636.00,5.000,10.607,1.587,1.587,0.000,0.000,1.0000,25.000,45.635,9.020,153.45
7641.00,5.000,10.605,1.585,1.585,0.000,0.000,1.0000,25.000,45.647,9.020,153.20
7646.00,5.000,10.603,1.583,1.583,0.000,0.000,1.0000,25.000,45.659,9.020,152.94
7651.00,5.000,10.601,1.581,1.581,0.000,0.000,1.0000,25.000,45.671,9.020,152.69
7656.00,5.000,10.599,1.579,1.579,0.000,0.000,1.0000,25.000,45.683,9.020,152.44
7661.00,5.000,10.597,1.577,1.577,0.000,0.000,1.0000,25.000,45.695,9.020,152.19
7666.00,5.000,10.595,1.575,1.575,0.000,0.000,1.0000,25.000,45.707,9.020,151.94
7671.00,5.000,10.593,1.573,1.573,0.000,0.000,1.0000,25.000,45.719,9.020,151.69
7676.00,5.000,10.591,1.571,1.571,0.000,0.000,1.0000,25.000,45.731,9.020,151.44
7681.00,5.000,10.589,1.569,1.569,0.000,0.000,1.0000,25.000,45.743,9.019,151.19
7686.00,5.000,10.587,1.567,1.567,0.000,0.000,1.0000,25.000,45.755,9.019,150.94
7691.00,5.000,10.585,1.565,1.565,0.000,0.000,1.0000,25.000,45.766,9.019,150.69
7696.00,5.000,10.583,1.563,1.563,0.000,0.000,1.0000,25.000,45.778,9.019,150.44
7701.00,5.000,10.581,1.562,1.562,0.000,0.000,1.0000,25.000,45.790,9.019,150.19
7706.00,5.000,10.579,1.560,1.560,0.000,0.000,1.0000,25.000,45.802,9.019,149.94
7711.00,5.000,10.577,1.558,1.558,0.000,0.000,1.0000,25.000,45.813,9.019,149.69
7716.00,5.000,10.575,1.556,1.556,0.000,0.000,1.0000,25.000,45.825,9.019,149.45
7721.00,5.000,10.573,1.554,1.554,0.000,0.000,1.0000,25.000,45.837,9.019,149.20
7726.00,5.000,10.571,1.552,1.552,0.000,0.000,1.0000,25.000,45.849,9.019,148.96
7731.00,5.000,10.569,1.550,1.550,0.000,0.000,1.0000,25.000,45.860,9.018,148.71
7736.00,5.000,10.567,1.548,1.548,0.000,0.000,1.0000,25.000,45.872,9.018,148.46
7741.00,5.000,10.565,1.546,1.546,0.000,0.000,1.0000,25.000,45.884,9.018,148.22
7746.00,5.000,10.563,1.544,1.544,0.000,0.000,1.0000,25.000,45.895,9.018,147.97
7751.00,5.000,10.561,1.543,1.543,0.000,0.000,1.0000,25.000,45.907,9.018,147.73
7756.00,5.000,10.559,1.541,1.541,0.000,0.000,1.0000,25.000,45.918,9.018,147.49
7761.00,5.000,10.557,1.539,1.539,0.000,0.000,1.0000,25.000,45.930,9.018,147.24
7766.00,5.000,10.555,1.537,1.537,0.000,0.000,1.0000,25.000,45.941,9.018,147.00
7771.00,5.000,10.553,1.535,1.535,0.000,0.000,1.0000,25.000,45.953,9.018,146.76
7776.00,5.000,10.551,1.533,1.533,0.000,0.000,1.0000,25.000,45.964,9.017,146.52
7781.00,5.000,10.549,1.531,1.531,0.000,0.000,1.0000,25.000,45.976,9.017,146.28
7786.00,5.000,10.547,1.529,1.529,0.000,0.000,1.0000,25.000,45.987,9.017,146.03
7791.00,5.000,10.545,1.528,1.528,0.000,0.000,1.0000,25.000,45.999,9.017,145.79
7796.00,5.000,10.543,1.526,1.526,0.000,0.000,1.0000,25.000,46.010,9.017,145.55
7801.00,5.000,10.541,1.524,1.524,0.000,0.000,1.0000,25.000,46.022,9.017,145.31
7806.00,5.000,10.539,1.522,1.522,0.000,0.000,1.0000,25.000,46.033,9.017,145.07
7811.00,5.000,10.537,1.520,1.520,0.000,0.000,1.0000,25.000,46.044,9.017,144.84
7816.00,5.000,10.535,1.518,1.518,0.000,0.000,1.0000,25.000,46.056,9.017,144.60
7821.00,5.000,10.533,1.516,1.516,0.000,0.000,1.0000,25.000,46.067,9.017,144.36
7826.00,5.000,10.531,1.515,1.515,0.000,0.000,1.0000,25.000,46.079,9.016,144.12
7831.00,5.000,10.529,1.513,1.513,0.000,0.000,1.0000,25.000,46.090,9.016,143.88
7836.00,5.000,10.527,1.511,1.511,0.000,0.000,1.0000,25.000,46.101,9.016,143.65
7841.00,5.000,10.525,1.509,1.509,0.000,0.000,1.0000,25.000,46.112,9.016,143.41
7846.00,5.000,10.523,1.507,1.507,0.000,0.000,1.0000,25.000,46.124,9.016,143.17
7851.00,5.000,10.521,1.505,1.505,0.000,0.000,1.0000,25.000,46.135,9.016,142.94
7856.00,5.000,10.519,1.504,1.504,0.000,0.000,1.0000,25.000,46.146,9.016,142.70
7861.00,5.000,10.517,1.502,1.502,0.000,0.000,1.0000,25.000,46.157,9.016,142.47
7866.00,5.000,10.516,1.500,1.500,0.000,0.000,1.0000,25.000,46.169,9.016,142.23
7871.00,5.000,10.514,1.498,1.498,0.000,0.000,1.0000,25.000,46.180,9.016,142.00
7876.00,5.000,10.512,1.496,1.496,0.000,0.000,1.0000,25.000,46.191,9.015,141.77
7881.00,5.000,10.510,1.494,1.494,0.000,0.000,1.0000,25.000,46.202,9.015,141.53
7886.00,5.000,10.508,1.493,1.493,0.000,0.000,1.0000,25.000,46.213,9.015,141.30
7891.00,5.000,10.506,1.491,1.491,0.000,0.000,1.0000,25.000,46.224,9.015,141.07
7896.00,5.000,10.504,1.489,1.489,0.000,0.000,1.0000,25.000,46.235,9.015,140.84
7901.00,5.000,10.502,1.487,1.487,0.000,0.000,1.0000,25.000,46.246,9.015,140.60
7906.00,5.000,10.500,1.485,1.485,0.000,0.000,1.0000,25.000,46.257,9.015,140.37
7911.00,5.000,10.498,1.484,1.484,0.000,0.000,1.0000,25.000,46.268,9.015,140.14
7916.00,5.000,10.497,1.482,1.482,0.000,0.000,1.0000,25.000,46.279,9.015,139.91
7921.00,5.000,10.495,1.480,1.480,0.000,0.000,1.0000,25.000,46.290,9.015,139.68
7926.00,5.000,10.493,1.478,1.478,0.000,0.000,1.0000,25.000,46.301,9.014,139.45
7931.00,5.000,10.491,1.476,1.476,0.000,0.000,1.0000,25.000,46.312,9.014,139.22
7936.00,5.000,10.489,1.475,1.475,0.000,0.000,1.0000,25.000,46.323,9.014,139.00
7941.00,5.000,10.487,1.473,1.473,0.000,0.000,1.0000,25.000,46.334,9.014,138.77
7946.00,5.000,10.485,1.471,1.471,0.000,0.000,1.0000,25.000,46.345,9.014,138.54
7951.00,5.000,10.483,1.469,1.469,0.000,0.000,1.0000,25.000,46.356,9.014,138.31
7956.00,5.000,10.482,1.468,1.468,0.000,0.000,1.0000,25.000,46.367,9.014,138.08
7961.00,5.000,10.480,1.466,1.466,0.000,0.000,1.0000,25.000,46.378,9.014,137.86
7966.00,5.000,10.478,1.464,1.464,0.000,0.000,1.0000,25.000,46.388,9.014,137.63
7971.00,5.000,10.476,1.462,1.462,0.000,0.000,1.0000,25.000,46.399,9.014,137.41
7976.00,5.000,10.474,1.461,1.461,0.000,0.000,1.0000,25.000,46.410,9.014,137.18
7981.00,5.000,10.472,1.459,1.459,0.000,0.000,1.0000,25.000,46.421,9.013,136.95
7986.00,5.000,10.470,1.457,1.457,0.000,0.000,1.0000,25.000,46.432,9.013,136.73
7991.00,5.000,10.469,1.455,1.455,0.000,0.000,1.0000,25.000,46.442,9.013,136.51
7996.00,5.000,10.467,1.453,1.453,0.000,0.000,1.0000,25.000,46.453,9.013,136.28
8001.00,5.000,10.465,1.452,1.452,0.000,0.000,1.0000,25.000,46.464,9.013,136.06
8006.00,5.000,10.463,1.450,1.450,0.000,0.000,1.0000,25.000,46.474,9.013,135.83
8011.00,5.000,10.461,1.448,1.448,0.000,0.000,1.0000,25.000,46.485,9.013,135.61
8016.00,5.000,10.459,1.446,1.446,0.000,0.000,1.0000,25.000,46.496,9.013,135.39
8021.00,5.000,10.457,1.445,1.445,0.000,0.000,1.0000,25.000,46.506,9.013,135.17
8026.00,5.000,10.456,1.443,1.443,0.000,0.000,1.0000,25.000,46.517,9.013,134.95
8031.00,5.000,10.454,1.441,1.441,0.000,0.000,1.0000,25.000,46.528,9.013,134.72
8036.00,5.000,10.452,1.440,1.440,0.000,0.000,1.0000,25.000,46.538,9.012,134.50
8041.00,5.000,10.450,1.438,1.438,0.000,0.000,1.0000,25.000,46.549,9.012,134.28
8046.00,5.000,10.448,1.436,1.436,0.000,0.000,1.0000,25.000,46.559,9.012,134.06
8051.00,5.000,10.447,1.434,1.434,0.000,0.000,1.0000,25.000,46.570,9.012,133.84
8056.00,5.000,10.445,1.433,1.433,0.000,0.000,1.0000,25.000,46.580,9.012,133.62
8061.00,5.000,10.443,1.431,1.431,0.000,0.000,1.0000,25.000,46.591,9.012,133.41
8066.00,5.000,10.441,1.429,1.429,0.000,0.000,1.0000,25.000,46.601,9.012,133.19
8071.00,5.000,10.439,1.427,1.427,0.000,0.000,1.0000,25.000,46.612,9.012,132.97
8076.00,5.000,10.438,1.426,1.426,0.000,0.000,1.0000,25.000,46.622,9.012,132.75
8081.00,5.000,10.436,1.424,1.424,0.000,0.000,1.0000,25.000,46.632,9.012,132.53
8086.00,5.000,10.434,1.422,1.422,0.000,0.000,1.0000,25.000,46.643,9.012,132.32
8091.00,5.000,10.432,1.421,1.421,0.000,0.000,1.0000,25.000,46.653,9.012,132.10
8096.00,5.000,10.430,1.419,1.419,0.000,0.000,1.0000,25.000,46.664,9.011,131.88
8101.00,5.000,10.429,1.417,1.417,0.000,0.000,1.0000,25.000,46.674,9.011,131.67
8106.00,5.000,10.427,1.416,1.416,0.000,0.000,1.0000,25.000,46.684,9.011,131.45
8111.00,5.000,10.425,1.414,1.414,0.000,0.000,1.0000,25.000,46.695,9.011,131.24
8116.00,5.000,10.423,1.412,1.412,0.000,0.000,1.0000,25.000,46.705,9.011,131.02
8121.00,5.000,10.421,1.410,1.410,0.000,0.000,1.0000,25.000,46.715,9.011,130.81
8126.00,5.000,10.420,1.409,1.409,0.000,0.000,1.0000,25.000,46.725,9.011,130.59
8131.00,5.000,10.418,1.407,1.407,0.000,0.000,1.0000,25.000,46.736,9.011,130.38
8136.00,5.000,10.416,1.405,1.405,0.000,0.000,1.0000,25.000,46.746,9.011,130.17
8141.00,5.000,10.414,1.404,1.404,0.000,0.000,1.0000,25.000,46.756,9.011,129.95
8146.00,5.000,10.413,1.402,1.402,0.000,0.000,1.0000,25.000,46.766,9.011,129.74
8151.00,5.000,10.411,1.400,1.400,0.000,0.000,1.0000,25.000,46.776,9.011,129.53
8156.00,5.000,10.409,1.399,1.399,0.000,0.000,1.0000,25.000,46.787,9.010,129.32
8161.00,5.000,10.407,1.397,1.397,0.000,0.000,1.0000,25.000,46.797,9.010,129.11
8166.00,5.000,10.406,1.395,1.395,0.000,0.000,1.0000,25.000,46.807,9.010,128.90
8171.00,5.000,10.404,1.394,1.394,0.000,0.000,1.0000,25.000,46.817,9.010,128.69
8176.00,5.000,10.402,1.392,1.392,0.000,0.000,1.0000,25.000,46.827,9.010,128.48
8181.00,5.000,10.400,1.390,1.390,0.000,0.000,1.0000,25.000,46.837,9.010,128.27
8186.00,5.000,10.399,1.389,1.389,0.000,0.000,1.0000,25.000,46.847,9.010,128.06
8191.00,5.000,10.397,1.387,1.387,0.000,0.000,1.0000,25.000,46.857,9.010,127.85
8196.00,5.000,10.395,1.385,1.385,0.000,0.000,1.0000,25.000,46.867,9.010,127.64
8201.00,5.000,10.393,1.384,1.384,0.000,0.000,1.0000,25.000,46.877,9.010,127.43
8206.00,5.000,10.392,1.382,1.382,0.000,0.000,1.0000,25.000,46.887,9.010,127.22
8211.00,5.000,10.390,1.380,1.380,0.000,0.000,1.0000,25.000,46.897,9.010,127.01
8216.00,5.000,10.388,1.379,1.379,0.000,0.000,1.0000,25.000,46.907,9.009,126.81
8221.00,5.000,10.387,1.377,1.377,0.000,0.000,1.0000,25.000,46.917,9.009,126.60
8226.00,5.000,10.385,1.376,1.376,0.000,0.000,1.0000,25.000,46.927,9.009,126.39
8231.00,5.000,10.383,1.374,1.374,0.000,0.000,1.0000,25.000,46.937,9.009,126.19
8236.00,5.000,10.381,1.372,1.372,0.000,0.000,1.0000,25.000,46.947,9.009,125.98
8241.00,5.000,10.380,1.371,1.371,0.000,0.000,1.0000,25.000,46.956,9.009,125.78
8246.00,5.000,10.378,1.369,1.369,0.000,0.000,1.0000,25.000,46.966,9.009,125.57
8251.00,5.000,10.376,1.367,1.367,0.000,0.000,1.0000,25.000,46.976,9.009,125.37
8256.00,5.000,10.375,1.366,1.366,0.000,0.000,1.0000,25.000,46.986,9.009,125.16
8261.00,5.000,10.373,1.364,1.364,0.000,0.000,1.0000,25.000,46.996,9.009,124.96
8266.00,5.000,10.371,1.363,1.363,0.000,0.000,1.0000,25.000,47.005,9.009,124.75
8271.00,5.000,10.370,1.361,1.361,0.000,0.000,1.0000,25.000,47.015,9.009,124.55
8276.00,5.000,10.368,1.359,1.359,0.000,0.000,1.0000,25.000,47.025,9.009,124.35
8281.00,5.000,10.366,1.358,1.358,0.000,0.000,1.0000,25.000,47.035,9.008,124.15
8286.00,5.000,10.364,1.356,1.356,0.000,0.000,1.0000,25.000,47.044,9.008,123.94
8291.00,5.000,10.363,1.354,1.354,0.000,0.000,1.0000,25.000,47.054,9.008,123.74
8296.00,5.000,10.361,1.353,1.353,0.000,0.000,1.0000,25.000,47.064,9.008,123.54
8301.00,5.000,10.359,1.351,1.351,0.000,0.000,1.0000,25.000,47.073,9.008,123.34
8306.00,5.000,10.358,1.350,1.350,0.000,0.000,1.0000,25.000,47.083,9.008,123.14
8311.00,5.000,10.356,1.348,1.348,0.000,0.000,1.0000,25.000,47.092,9.008,122.94
8316.00,5.000,10.354,1.346,1.346,0.000,0.000,1.0000,25.000,47.102,9.008,122.74
8321.00,5.000,10.353,1.345,1.345,0.000,0.000,1.0000,25.000,47.112,9.008,122.54
8326.00,5.000,10.351,1.343,1.343,0.000,0.000,1.0000,25.000,47.121,9.008,122.34
8331.00,5.000,10.349,1.342,1.342,0.000,0.000,1.0000,25.000,47.131,9.008,122.14
8336.00,5.000,10.348,1.340,1.340,0.000,0.000,1.0000,25.000,47.140,9.008,121.94
8341.00,5.000,10.346,1.339,1.339,0.000,0.000,1.0000,25.000,47.150,9.008,121.74
8346.00,5.000,10.344,1.337,1.337,0.000,0.000,1.0000,25.000,47.159,9.008,121.54
8351.00,5.000,10.343,1.335,1.335,0.000,0.000,1.0000,25.000,47.169,9.007,121.35
8356.00,5.000,10.341,1.334,1.334,0.000,0.000,1.0000,25.000,47.178,9.007,121.15
8361.00,5.000,10.340,1.332,1.332,0.000,0.000,1.0000,25.000,47.187,9.007,120.95
8366.00,5.000,10.338,1.331,1.331,0.000,0.000,1.0000,25.000,47.197,9.007,120.76
8371.00,5.000,10.336,1.329,1.329,0.000,0.000,1.0000,25.000,47.206,9.007,120.56
8376.00,5.000,10.335,1.328,1.328,0.000,0.000,1.0000,25.000,47.216,9.007,120.36
8381.00,5.000,10.333,1.326,1.326,0.000,0.000,1.0000,25.000,47.225,9.007,120.17
8386.00,5.000,10.331,1.324,1.324,0.000,0.000,1.0000,25.000,47.234,9.007,119.97
8391.00,5.000,10.330,1.323,1.323,0.000,0.000,1.0000,25.000,47.244,9.007,119.78
8396.00,5.000,10.328,1.321,1.321,0.000,0.000,1.0000,25.000,47.253,9.007,119.58
8401.00,5.000,10.326,1.320,1.320,0.000,0.000,1.0000,25.000,47.262,9.007,119.39
8406.00,5.000,10.325,1.318,1.318,0.000,0.000,1.0000,25.000,47.271,9.007,119.20
8411.00,5.000,10.323,1.317,1.317,0.000,0.000,1.0000,25.000,47.281,9.007,119.00
8416.00,5.000,10.322,1.315,1.315,0.000,0.000,1.0000,25.000,47.290,9.007,118.81
8421.00,5.000,10.320,1.314,1.314,0.000,0.000,1.0000,25.000,47.299,9.006,118.62
8426.00,5.000,10.318,1.312,1.312,0.000,0.000,1.0000,25.000,47.308,9.006,118.43
8431.00,5.000,10.317,1.310,1.310,0.000,0.000,1.0000,25.000,47.317,9.006,118.23
8436.00,5.000,10.315,1.309,1.309,0.000,0.000,1.0000,25.000,47.327,9.006,118.04
8441.00,5.000,10.314,1.307,1.307,0.000,0.000,1.0000,25.000,47.336,9.006,117.85
8446.00,5.000,10.312,1.306,1.306,0.000,0.000,1.0000,25.000,47.345,9.006,117.66
8451.00,5.000,10.310,1.304,1.304,0.000,0.000,1.0000,25.000,47.354,9.006,117.47
8456.00,5.000,10.309,1.303,1.303,0.000,0.000,1.0000,25.000,47.363,9.006,117.28
8461.00,5.000,10.307,1.301,1.301,0.000,0.000,1.0000,25.000,47.372,9.006,117.09
8466.00,5.000,10.306,1.300,1.300,0.000,0.000,1.0000,25.000,47.381,9.006,116.90
8471.00,5.000,10.304,1.298,1.298,0.000,0.000,1.0000,25.000,47.390,9.006,116.71
8476.00,5.000,10.302,1.297,1.297,0.000,0.000,1.0000,25.000,47.399,9.006,116.52
8481.00,5.000,10.301,1.295,1.295,0.000,0.000,1.0000,25.000,47.408,9.006,116.33
8486.00,5.000,10.299,1.294,1.294,0.000,0.000,1.0000,25.000,47.417,9.006,116.14
8491.00,5.000,10.298,1.292,1.292,0.000,0.000,1.0000,25.000,47.426,9.006,115.96
8496.00,5.000,10.296,1.291,1.291,0.000,0.000,1.0000,25.000,47.435,9.005,115.77
8501.00,5.000,10.294,1.289,1.289,0.000,0.000,1.0000,25.000,47.444,9.005,115.58
8506.00,5.000,10.293,1.288,1.288,0.000,0.000,1.0000,25.000,47.453,9.005,115.39
8511.00,5.000,10.291,1.286,1.286,0.000,0.000,1.0000,25.000,47.462,9.005,115.21
8516.00,5.000,10.290,1.285,1.285,0.000,0.000,1.0000,25.000,47.471,9.005,115.02
8521.00,5.000,10.288,1.283,1.283,0.000,0.000,1.0000,25.000,47.480,9.005,114.83
8526.00,5.000,10.287,1.282,1.282,0.000,0.000,1.0000,25.000,47.489,9.005,114.65
8531.00,5.000,10.285,1.280,1.280,0.000,0.000,1.0000,25.000,47.497,9.005,114.46
8536.00,5.000,10.284,1.279,1.279,0.000,0.000,1.0000,25.000,47.506,9.005,114.28
8541.00,5.000,10.282,1.277,1.277,0.000,0.000,1.0000,25.000,47.515,9.005,114.09
8546.00,5.000,10.280,1.276,1.276,0.000,0.000,1.0000,25.000,47.524,9.005,113.91
8551.00,5.000,10.279,1.274,1.274,0.000,0.000,1.0000,25.000,47.532,9.005,113.73
8556.00,5.000,10.277,1.273,1.273,0.000,0.000,1.0000,25.000,47.541,9.005,113.54
8561.00,5.000,10.276,1.271,1.271,0.000,0.000,1.0000,25.000,47.550,9.005,113.36
8566.00,5.000,10.274,1.270,1.270,0.000,0.000,1.0000,25.000,47.559,9.005,113.18
8571.00,5.000,10.273,1.268,1.268,0.000,0.000,1.0000,25.000,47.567,9.004,112.99
8576.00,5.000,10.271,1.267,1.267,0.000,0.000,1.0000,25.000,47.576,9.004,112.81
8581.00,5.000,10.270,1.265,1.265,0.000,0.000,1.0000,25.000,47.585,9.004,112.63
8586.00,5.000,10.268,1.264,1.264,0.000,0.000,1.0000,25.000,47.593,9.004,112.45
8591.00,5.000,10.267,1.262,1.262,0.000,0.000,1.0000,25.000,47.602,9.004,112.27
8596.00,5.000,10.265,1.261,1.261,0.000,0.000,1.0000,25.000,47.611,9.004,112.08
8601.00,5.000,10.264,1.259,1.259,0.000,0.000,1.0000,25.000,47.619,9.004,111.90
8606.00,5.000,10.262,1.258,1.258,0.000,0.000,1.0000,25.000,47.628,9.004,111.72
8611.00,5.000,10.260,1.256,1.256,0.000,0.000,1.0000,25.000,47.636,9.004,111.54
8616.00,5.000,10.259,1.255,1.255,0.000,0.000,1.0000,25.000,47.645,9.004,111.36
8621.00,5.000,10.257,1.254,1.254,0.000,0.000,1.0000,25.000,47.653,9.004,111.18
8626.00,5.000,10.256,1.252,1.252,0.000,0.000,1.0000,25.000,47.662,9.004,111.00
8631.00,5.000,10.254,1.251,1.251,0.000,0.000,1.0000,25.000,47.670,9.004,110.83
8636.00,5.000,10.253,1.249,1.249,0.000,0.000,1.0000,25.000,47.679,9.004,110.65
8641.00,5.000,10.251,1.248,1.248,0.000,0.000,1.0000,25.000,47.687,9.004,110.47
8646.00,5.000,10.250,1.246,1.246,0.000,0.000,1.0000,25.000,47.696,9.004,110.29
8651.00,5.000,10.248,1.245,1.245,0.000,0.000,1.0000,25.000,47.704,9.004,110.11
8656.00,5.000,10.247,1.243,1.243,0.000,0.000,1.0000,25.000,47.712,9.003,109.94
8661.00,5.000,10.245,1.242,1.242,0.000,0.000,1.0000,25.000,47.721,9.003,109.76
8666.00,5.000,10.244,1.241,1.241,0.000,0.000,1.0000,25.000,47.729,9.003,109.58
8671.00,5.000,10.242,1.239,1.239,0.000,0.000,1.0000,25.000,47.737,9.003,109.41
8676.00,5.000,10.241,1.238,1.238,0.000,0.000,1.0000,25.000,47.746,9.003,109.23
8681.00,5.000,10.239,1.236,1.236,0.000,0.000,1.0000,25.000,47.754,9.003,109.06
8686.00,5.000,10.238,1.235,1.235,0.000,0.000,1.0000,25.000,47.762,9.003,108.88
8691.00,5.000,10.236,1.233,1.233,0.000,0.000,1.0000,25.000,47.771,9.003,108.71
8696.00,5.000,10.235,1.232,1.232,0.000,0.000,1.0000,25.000,47.779,9.003,108.53
8701.00,5.000,10.234,1.231,1.231,0.000,0.000,1.0000,25.000,47.787,9.003,108.36
8706.00,5.000,10.232,1.229,1.229,0.000,0.000,1.0000,25.000,47.795,9.003,108.18
8711.00,5.000,10.231,1.228,1.228,0.000,0.000,1.0000,25.000,47.804,9.003,108.01
8716.00,5.000,10.229,1.226,1.226,0.000,0.000,1.0000,25.000,47.812,9.003,107.83
8721.00,5.000,10.228,1.225,1.225,0.000,0.000,1.0000,25.000,47.820,9.003,107.66
8726.00,5.000,10.226,1.223,1.223,0.000,0.000,1.0000,25.000,47.828,9.003,107.49
8731.00,5.000,10.225,1.222,1.222,0.000,0.000,1.0000,25.000,47.836,9.003,107.32
8736.00,5.000,10.223,1.221,1.221,0.000,0.000,1.0000,25.000,47.844,9.003,107.14
8741.00,5.000,10.222,1.219,1.219,0.000,0.000,1.0000,25.000,47.852,9.002,106.97
8746.00,5.000,10.220,1.218,1.218,0.000,0.000,1.0000,25.000,47.860,9.002,106.80
8751.00,5.000,10.219,1.216,1.216,0.000,0.000,1.0000,25.000,47.869,9.002,106.63
8756.00,5.000,10.217,1.215,1.215,0.000,0.000,1.0000,25.000,47.877,9.002,106.46
8761.00,5.000,10.216,1.214,1.214,0.000,0.000,1.0000,25.000,47.885,9.002,106.29
8766.00,5.000,10.214,1.212,1.212,0.000,0.000,1.0000,25.000,47.893,9.002,106.12
8771.00,5.000,10.213,1.211,1.211,0.000,0.000,1.0000,25.000,47.901,9.002,105.95
8776.00,5.000,10.212,1.209,1.209,0.000,0.000,1.0000,25.000,47.909,9.002,105.78
8781.00,5.000,10.210,1.208,1.208,0.000,0.000,1.0000,25.000,47.917,9.002,105.61
8786.00,5.000,10.209,1.207,1.207,0.000,0.000,1.0000,25.000,47.925,9.002,105.44
8791.00,5.000,10.207,1.205,1.205,0.000,0.000,1.0000,25.000,47.932,9.002,105.27
8796.00,5.000,10.206,1.204,1.204,0.000,0.000,1.0000,25.000,47.940,9.002,105.10
8801.00,5.000,10.204,1.203,1.203,0.000,0.000,1.0000,25.000,47.948,9.002,104.93
8806.00,5.000,10.203,1.201,1.201,0.000,0.000,1.0000,25.000,47.956,9.002,104.77
8811.00,5.000,10.202,1.200,1.200,0.000,0.000,1.0000,25.000,47.964,9.002,104.60
8816.00,5.000,10.200,1.198,1.198,0.000,0.000,1.0000,25.000,47.972,9.002,104.43
8821.00,5.000,10.199,1.197,1.197,0.000,0.000,1.0000,25.000,47.980,9.002,104.26
8826.00,5.000,10.197,1.196,1.196,0.000,0.000,1.0000,25.000,47.987,9.002,104.10
8831.00,5.000,10.196,1.194,1.194,0.000,0.000,1.0000,25.000,47.995,9.002,103.93
8836.00,5.000,10.194,1.193,1.193,0.000,0.000,1.0000,25.000,48.003,9.001,103.76
8841.00,5.000,10.193,1.192,1.192,0.000,0.000,1.0000,25.000,48.011,9.001,103.60
8846.00,5.000,10.192,1.190,1.190,0.000,0.000,1.0000,25.000,48.019,9.001,103.43
8851.00,5.000,10.190,1.189,1.189,0.000,0.000,1.0000,25.000,48.026,9.001,103.27
8856.00,5.000,10.189,1.188,1.188,0.000,0.000,1.0000,25.000,48.034,9.001,103.10
8861.00,5.000,10.187,1.186,1.186,0.000,0.000,1.0000,25.000,48.042,9.001,102.94
8866.00,5.000,10.186,1.185,1.185,0.000,0.000,1.0000,25.000,48.049,9.001,102.77
8871.00,5.000,10.185,1.183,1.183,0.000,0.000,1.0000,25.000,48.057,9.001,102.61
8876.00,5.000,10.183,1.182,1.182,0.000,0.000,1.0000,25.000,48.065,9.001,102.45
8881.00,5.000,10.182,1.181,1.181,0.000,0.000,1.0000,25.000,48.072,9.001,102.28
8886.00,5.000,10.180,1.179,1.179,0.000,0.000,1.0000,25.000,48.080,9.001,102.12
8891.00,5.000,10.179,1.178,1.178,0.000,0.000,1.0000,25.000,48.087,9.001,101.96
8896.00,5.000,10.178,1.177,1.177,0.000,0.000,1.0000,25.000,48.095,9.001,101.79
8901.00,5.000,10.176,1.175,1.175,0.000,0.000,1.0000,25.000,48.103,9.001,101.63
8906.00,5.000,10.175,1.174,1.174,0.000,0.000,1.0000,25.000,48.110,9.001,101.47
8911.00,5.000,10.173,1.173,1.173,0.000,0.000,1.0000,25.000,48.118,9.001,101.31
8916.00,5.000,10.172,1.171,1.171,0.000,0.000,1.0000,25.000,48.125,9.001,101.15
8921.00,5.000,10.171,1.170,1.170,0.000,0.000,1.0000,25.000,48.133,9.001,100.98
8926.00,5.000,10.169,1.169,1.169,0.000,0.000,1.0000,25.000,48.140,9.001,100.82
8931.00,5.000,10.168,1.167,1.167,0.000,0.000,1.0000,25.000,48.148,9.001,100.66
8936.00,5.000,10.167,1.166,1.166,0.000,0.000,1.0000,25.000,48.155,9.000,100.50
8941.00,5.000,10.165,1.165,1.165,0.000,0.000,1.0000,25.000,48.162,9.000,100.34
8946.00,5.000,10.164,1.163,1.163,0.000,0.000,1.0000,25.000,48.170,9.000,100.18
8951.00,5.000,10.162,1.162,1.162,0.000,0.000,1.0000,25.000,48.177,9.000,100.02
8956.00,5.000,10.161,1.161,1.161,0.000,0.000,1.0000,25.000,48.185,9.000,99.86
8961.00,5.000,10.160,1.159,1.159,0.000,0.000,1.0000,25.000,48.192,9.000,99.71
8966.00,5.000,10.158,1.158,1.158,0.000,0.000,1.0000,25.000,48.199,9.000,99.55
8971.00,5.000,10.157,1.157,1.157,0.000,0.000,1.0000,25.000,48.207,9.000,99.39
8976.00,5.000,10.156,1.156,1.156,0.000,0.000,1.0000,25.000,48.214,9.000,99.23
8981.00,5.000,10.154,1.154,1.154,0.000,0.000,1.0000,25.000,48.221,9.000,99.07
8986.00,5.000,10.153,1.153,1.153,0.000,0.000,1.0000,25.000,48.228,9.000,98.92
8991.00,5.000,10.152,1.152,1.152,0.000,0.000,1.0000,25.000,48.236,9.000,98.76
8996.00,5.000,10.150,1.150,1.150,0.000,0.000,1.0000,25.000,48.243,9.000,98.60
9001.00,5.000,10.149,1.149,1.149,0.000,0.000,1.0000,25.000,48.250,9.000,98.44
9006.00,5.000,10.148,1.148,1.148,0.000,0.000,1.0000,25.000,48.257,9.000,98.29
9011.00,5.000,10.146,1.146,1.146,0.000,0.000,1.0000,25.000,48.264,9.000,98.13
9016.00,5.000,10.145,1.145,1.145,0.000,0.000,1.0000,25.000,48.272,9.000,97.98
9021.00,5.000,10.144,1.144,1.144,0.000,0.000,1.0000,25.000,48.279,9.000,97.82
9026.00,5.000,10.142,1.143,1.143,0.000,0.000,1.0000,25.000,48.286,9.000,97.67
9031.00,5.000,10.141,1.141,1.141,0.000,0.000,1.0000,25.000,48.293,9.000,97.51
9036.00,5.000,10.140,1.140,1.140,0.000,0.000,1.0000,25.000,48.300,9.000,97.36
9041.00,5.000,10.138,1.139,1.139,0.000,0.000,1.0000,25.000,48.307,8.999,97.20
9046.00,5.000,10.137,1.137,1.137,0.000,0.000,1.0000,25.000,48.314,8.999,97.05
9051.00,5.000,10.136,1.136,1.136,0.000,0.000,1.0000,25.000,48.321,8.999,96.89
9056.00,5.000,10.134,1.135,1.135,0.000,0.000,1.0000,25.000,48.328,8.999,96.74
9061.00,5.000,10.133,1.134,1.134,0.000,0.000,1.0000,25.000,48.335,8.999,96.59
9066.00,5.000,10.132,1.132,1.132,0.000,0.000,1.0000,25.000,48.342,8.999,96.43
9071.00,5.000,10.130,1.131,1.131,0.000,0.000,1.0000,25.000,48.349,8.999,96.28
9076.00,5.000,10.129,1.130,1.130,0.000,0.000,1.0000,25.000,48.356,8.999,96.13
9081.00,5.000,10.128,1.129,1.129,0.000,0.000,1.0000,25.000,48.363,8.999,95.98
9086.00,5.000,10.126,1.127,1.127,0.000,0.000,1.0000,25.000,48.370,8.999,95.83
9091.00,5.000,10.125,1.126,1.126,0.000,0.000,1.0000,25.000,48.377,8.999,95.67
9096.00,5.000,10.124,1.125,1.125,0.000,0.000,1.0000,25.000,48.384,8.999,95.52
9101.00,5.000,10.122,1.123,1.123,0.000,0.000,1.0000,25.000,48.391,8.999,95.37
9106.00,5.000,10.121,1.122,1.122,0.000,0.000,1.0000,25.000,48.398,8.999,95.22
9111.00,5.000,10.120,1.121,1.121,0.000,0.000,1.0000,25.000,48.405,8.999,95.07
9116.00,5.000,10.119,1.120,1.120,0.000,0.000,1.0000,25.000,48.411,8.999,94.92
9121.00,5.000,10.117,1.118,1.118,0.000,0.000,1.0000,25.000,48.418,8.999,94.77
9126.00,5.000,10.116,1.117,1.117,0.000,0.000,1.0000,25.000,48.425,8.999,94.62
9131.00,5.000,10.115,1.116,1.116,0.000,0.000,1.0000,25.000,48.432,8.999,94.47
9136.00,5.000,10.113,1.115,1.115,0.000,0.000,1.0000,25.000,48.439,8.999,94.32
9141.00,5.000,10.112,1.113,1.113,0.000,0.000,1.0000,25.000,48.445,8.999,94.17
9146.00,5.000,10.111,1.112,1.112,0.000,0.000,1.0000,25.000,48.452,8.999,94.02
9151.00,5.000,10.109,1.111,1.111,0.000,0.000,1.0000,25.000,48.459,8.999,93.88
9156.00,5.000,10.108,1.110,1.110,0.000,0.000,1.0000,25.000,48.465,8.999,93.73
9161.00,5.000,10.107,1.108,1.108,0.000,0.000,1.0000,25.000,48.472,8.998,93.58
9166.00,5.000,10.106,1.107,1.107,0.000,0.000,1.0000,25.000,48.479,8.998,93.43
9171.00,5.000,10.104,1.106,1.106,0.000,0.000,1.0000,25.000,48.485,8.998,93.28
9176.00,5.000,10.103,1.105,1.105,0.000,0.000,1.0000,25.000,48.492,8.998,93.14
9181.00,5.000,10.102,1.104,1.104,0.000,0.000,1.0000,25.000,48.499,8.998,92.99
9186.00,5.000,10.101,1.102,1.102,0.000,0.000,1.0000,25.000,48.505,8.998,92.84
9191.00,5.000,10.099,1.101,1.101,0.000,0.000,1.0000,25.000,48.512,8.998,92.70
9196.00,5.000,10.098,1.100,1.100,0.000,0.000,1.0000,25.000,48.518,8.998,92.55
9201.00,5.000,10.097,1.099,1.099,0.000,0.000,1.0000,25.000,48.525,8.998,92.41
9206.00,5.000,10.096,1.097,1.097,0.000,0.000,1.0000,25.000,48.532,8.998,92.26
9211.00,5.000,10.094,1.096,1.096,0.000,0.000,1.0000,25.000,48.538,8.998,92.12
9216.00,5.000,10.093,1.095,1.095,0.000,0.000,1.0000,25.000,48.545,8.998,91.97
9221.00,5.000,10.092,1.094,1.094,0.000,0.000,1.0000,25.000,48.551,8.998,91.83
9226.00,5.000,10.090,1.093,1.093,0.000,0.000,1.0000,25.000,48.557,8.998,91.68
9231.00,5.000,10.089,1.091,1.091,0.000,0.000,1.0000,25.000,48.564,8.998,91.54
9236.00,5.000,10.088,1.090,1.090,0.000,0.000,1.0000,25.000,48.570,8.998,91.39
9241.00,5.000,10.087,1.089,1.089,0.000,0.000,1.0000,25.000,48.577,8.998,91.25
9246.00,5.000,10.085,1.088,1.088,0.000,0.000,1.0000,25.000,48.583,8.998,91.11
9251.00,5.000,10.084,1.086,1.086,0.000,0.000,1.0000,25.000,48.590,8.998,90.96
9256.00,5.000,10.083,1.085,1.085,0.000,0.000,1.0000,25.000,48.596,8.998,90.82
9261.00,5.000,10.082,1.084,1.084,0.000,0.000,1.0000,25.000,48.602,8.998,90.68
9266.00,5.000,10.081,1.083,1.083,0.000,0.000,1.0000,25.000,48.609,8.998,90.54
9271.00,5.000,10.079,1.082,1.082,0.000,0.000,1.0000,25.000,48.615,8.998,90.39
9276.00,5.000,10.078,1.080,1.080,0.000,0.000,1.0000,25.000,48.621,8.998,90.25
9281.00,5.000,10.077,1.079,1.079,0.000,0.000,1.0000,25.000,48.628,8.998,90.11
9286.00,5.000,10.076,1.078,1.078,0.000,0.000,1.0000,25.000,48.634,8.997,89.97
9291.00,5.000,10.074,1.077,1.077,0.000,0.000,1.0000,25.000,48.640,8.997,89.83
9296.00,5.000,10.073,1.076,1.076,0.000,0.000,1.0000,25.000,48.646,8.997,89.69
9301.00,5.000,10.072,1.075,1.075,0.000,0.000,1.0000,25.000,48.653,8.997,89.55
9306.00,5.000,10.071,1.073,1.073,0.000,0.000,1.0000,25.000,48.659,8.997,89.41
9311.00,5.000,10.069,1.072,1.072,0.000,0.000,1.0000,25.000,48.665,8.997,89.27
9316.00,5.000,10.068,1.071,1.071,0.000,0.000,1.0000,25.000,48.671,8.997,89.13
9321.00,5.000,10.067,1.070,1.070,0.000,0.000,1.0000,25.000,48.677,8.997,88.99
9326.00,5.000,10.066,1.069,1.069,0.000,0.000,1.0000,25.000,48.683,8.997,88.85
9331.00,5.000,10.065,1.067,1.067,0.000,0.000,1.0000,25.000,48.690,8.997,88.71
9336.00,5.000,10.063,1.066,1.066,0.000,0.000,1.0000,25.000,48.696,8.997,88.57
9341.00,5.000,10.062,1.065,1.065,0.000,0.000,1.0000,25.000,48.702,8.997,88.43
9346.00,5.000,10.061,1.064,1.064,0.000,0.000,1.0000,25.000,48.708,8.997,88.29
9351.00,5.000,10.060,1.063,1.063,0.000,0.000,1.0000,25.000,48.714,8.997,88.15
9356.00,5.000,10.059,1.062,1.062,0.000,0.000,1.0000,25.000,48.720,8.997,88.02
9361.00,5.000,10.057,1.060,1.060,0.000,0.000,1.0000,25.000,48.726,8.997,87.88
9366.00,5.000,10.056,1.059,1.059,0.000,0.000,1.0000,25.000,48.732,8.997,87.74
9371.00,5.000,10.055,1.058,1.058,0.000,0.000,1.0000,25.000,48.738,8.997,87.60
9376.00,5.000,10.054,1.057,1.057,0.000,0.000,1.0000,25.000,48.744,8.997,87.47
9381.00,5.000,10.053,1.056,1.056,0.000,0.000,1.0000,25.000,48.750,8.997,87.33
9386.00,5.000,10.051,1.055,1.055,0.000,0.000,1.0000,25.000,48.756,8.997,87.19
9391.00,5.000,10.050,1.053,1.053,0.000,0.000,1.0000,25.000,48.762,8.997,87.06
9396.00,5.000,10.049,1.052,1.052,0.000,0.000,1.0000,25.000,48.768,8.997,86.92
9401.00,5.000,10.048,1.051,1.051,0.000,0.000,1.0000,25.000,48.774,8.997,86.79
9406.00,5.000,10.047,1.050,1.050,0.000,0.000,1.0000,25.000,48.779,8.997,86.65
9411.00,5.000,10.045,1.049,1.049,0.000,0.000,1.0000,25.000,48.785,8.997,86.52
9416.00,5.000,10.044,1.048,1.048,0.000,0.000,1.0000,25.000,48.791,8.997,86.38
9421.00,5.000,10.043,1.047,1.047,0.000,0.000,1.0000,25.000,48.797,8.997,86.25
9426.00,5.000,10.042,1.045,1.045,0.000,0.000,1.0000,25.000,48.803,8.996,86.11
9431.00,5.000,10.041,1.044,1.044,0.000,0.000,1.0000,25.000,48.809,8.996,85.98
9436.00,5.000,10.040,1.043,1.043,0.000,0.000,1.0000,25.000,48.814,8.996,85.84
9441.00,5.000,10.038,1.042,1.042,0.000,0.000,1.0000,25.000,48.820,8.996,85.71
9446.00,5.000,10.037,1.041,1.041,0.000,0.000,1.0000,25.000,48.826,8.996,85.58
9451.00,5.000,10.036,1.040,1.040,0.000,0.000,1.0000,25.000,48.832,8.996,85.44
9456.00,5.000,10.035,1.039,1.039,0.000,0.000,1.0000,25.000,48.837,8.996,85.31
9461.00,5.000,10.034,1.037,1.037,0.000,0.000,1.0000,25.000,48.843,8.996,85.18
9466.00,5.000,10.033,1.036,1.036,0.000,0.000,1.0000,25.000,48.849,8.996,85.05
9471.00,5.000,10.031,1.035,1.035,0.000,0.000,1.0000,25.000,48.854,8.996,84.91
9476.00,5.000,10.030,1.034,1.034,0.000,0.000,1.0000,25.000,48.860,8.996,84.78
9481.00,5.000,10.029,1.033,1.033,0.000,0.000,1.0000,25.000,48.866,8.996,84.65
9486.00,5.000,10.028,1.032,1.032,0.000,0.000,1.0000,25.000,48.871,8.996,84.52
9491.00,5.000,10.027,1.031,1.031,0.000,0.000,1.0000,25.000,48.877,8.996,84.39
9496.00,5.000,10.026,1.030,1.030,0.000,0.000,1.0000,25.000,48.883,8.996,84.26
9501.00,5.000,10.024,1.028,1.028,0.000,0.000,1.0000,25.000,48.888,8.996,84.13
9506.00,5.000,10.023,1.027,1.027,0.000,0.000,1.0000,25.000,48.894,8.996,84.00
9511.00,5.000,10.022,1.026,1.026,0.000,0.000,1.0000,25.000,48.899,8.996,83.86
9516.00,5.000,10.021,1.025,1.025,0.000,0.000,1.0000,25.000,48.905,8.996,83.73
9521.00,5.000,10.020,1.024,1.024,0.000,0.000,1.0000,25.000,48.910,8.996,83.61
9526.00,5.000,10.019,1.023,1.023,0.000,0.000,1.0000,25.000,48.916,8.996,83.48
9531.00,5.000,10.018,1.022,1.022,0.000,0.000,1.0000,25.000,48.921,8.996,83.35
9536.00,5.000,10.016,1.021,1.021,0.000,0.000,1.0000,25.000,48.927,8.996,83.22
9541.00,5.000,10.015,1.020,1.020,0.000,0.000,1.0000,25.000,48.932,8.996,83.09
9546.00,5.000,10.014,1.018,1.018,0.000,0.000,1.0000,25.000,48.938,8.996,82.96
9551.00,5.000,10.013,1.017,1.017,0.000,0.000,1.0000,25.000,48.943,8.996,82.83
9556.00,5.000,10.012,1.016,1.016,0.000,0.000,1.0000,25.000,48.948,8.996,82.70
9561.00,5.000,10.011,1.015,1.015,0.000,0.000,1.0000,25.000,48.954,8.996,82.57
9566.00,5.000,10.010,1.014,1.014,0.000,0.000,1.0000,25.000,48.959,8.996,82.45
9571.00,5.000,10.009,1.013,1.013,0.000,0.000,1.0000,25.000,48.965,8.996,82.32
9576.00,5.000,10.007,1.012,1.012,0.000,0.000,1.0000,25.000,48.970,8.996,82.19
9581.00,5.000,10.006,1.011,1.011,0.000,0.000,1.0000,25.000,48.975,8.996,82.06
9586.00,5.000,10.005,1.010,1.010,0.000,0.000,1.0000,25.000,48.981,8.995,81.94
9591.00,5.000,10.004,1.009,1.009,0.000,0.000,1.0000,25.000,48.986,8.995,81.81
9596.00,5.000,10.003,1.007,1.007,0.000,0.000,1.0000,25.000,48.991,8.995,81.68
9601.00,5.000,10.002,1.006,1.006,0.000,0.000,1.0000,25.000,48.996,8.995,81.56
9606.00,5.000,10.001,1.005,1.005,0.000,0.000,1.0000,25.000,49.002,8.995,81.43
9611.00,5.000,10.000,1.004,1.004,0.000,0.000,1.0000,25.000,49.007,8.995,81.31
9616.00,5.000,9.998,1.003,1.003,0.000,0.000,1.0000,25.000,49.012,8.995,81.18
9621.00,5.000,9.997,1.002,1.002,0.000,0.000,1.0000,25.000,49.017,8.995,81.06
9626.00,5.000,9.996,1.001,1.001,0.000,0.000,1.0000,25.000,49.022,8.995,80.93
9631.00,5.000,9.995,1.000,1.000,0.000,0.000,1.0000,25.000,49.028,8.995,80.81
9636.00,5.000,9.994,0.999,0.999,0.000,0.000,1.0000,25.000,49.033,8.995,80.68
9641.00,5.000,9.993,0.998,0.998,0.000,0.000,1.0000,25.000,49.038,8.995,80.56
9646.00,5.000,9.992,0.997,0.997,0.000,0.000,1.0000,25.000,49.043,8.995,80.43
9651.00,5.000,9.991,0.996,0.996,0.000,0.000,1.0000,25.000,49.048,8.995,80.31
9656.00,5.000,9.990,0.995,0.995,0.000,0.000,1.0000,25.000,49.053,8.995,80.19
9661.00,5.000,9.989,0.993,0.993,0.000,0.000,1.0000,25.000,49.058,8.995,80.06
9666.00,5.000,9.987,0.992,0.992,0.000,0.000,1.0000,25.000,49.063,8.995,79.94
9671.00,5.000,9.986,0.991,0.991,0.000,0.000,1.0000,25.000,49.068,8.995,79.82
9676.00,5.000,9.985,0.990,0.990,0.000,0.000,1.0000,25.000,49.073,8.995,79.69
9681.00,5.000,9.984,0.989,0.989,0.000,0.000,1.0000,25.000,49.078,8.995,79.57
9686.00,5.000,9.983,0.988,0.988,0.000,0.000,1.0000,25.000,49.083,8.995,79.45
9691.00,5.000,9.982,0.987,0.987,0.000,0.000,1.0000,25.000,49.088,8.995,79.33
9696.00,5.000,9.981,0.986,0.986,0.000,0.000,1.0000,25.000,49.093,8.995,79.20
9701.00,5.000,9.980,0.985,0.985,0.000,0.000,1.0000,25.000,49.098,8.995,79.08
9706.00,5.000,9.979,0.984,0.984,0.000,0.000,1.0000,25.000,49.103,8.995,78.96
9711.00,5.000,9.978,0.983,0.983,0.000,0.000,1.0000,25.000,49.108,8.995,78.84
9716.00,5.000,9.977,0.982,0.982,0.000,0.000,1.0000,25.000,49.113,8.995,78.72
9721.00,5.000,9.976,0.981,0.981,0.000,0.000,1.0000,25.000,49.118,8.995,78.60
9726.00,5.000,9.974,0.980,0.980,0.000,0.000,1.0000,25.000,49.123,8.995,78.48
9731.00,5.000,9.973,0.979,0.979,0.000,0.000,1.0000,25.000,49.128,8.995,78.36
9736.00,5.000,9.972,0.978,0.978,0.000,0.000,1.0000,25.000,49.133,8.995,78.24
9741.00,5.000,9.971,0.977,0.977,0.000,0.000,1.0000,25.000,49.137,8.995,78.12
9746.00,5.000,9.970,0.976,0.976,0.000,0.000,1.0000,25.000,49.142,8.995,78.00
9751.00,5.000,9.969,0.975,0.975,0.000,0.000,1.0000,25.000,49.147,8.995,77.88
9756.00,5.000,9.968,0.974,0.974,0.000,0.000,1.0000,25.000,49.152,8.995,77.76
9761.00,5.000,9.967,0.972,0.972,0.000,0.000,1.0000,25.000,49.157,8.995,77.64
9766.00,5.000,9.966,0.971,0.971,0.000,0.000,1.0000,25.000,49.161,8.994,77.52
9771.00,5.000,9.965,0.970,0.970,0.000,0.000,1.0000,25.000,49.166,8.994,77.40
9776.00,5.000,9.964,0.969,0.969,0.000,0.000,1.0000,25.000,49.171,8.994,77.28
9781.00,5.000,9.963,0.968,0.968,0.000,0.000,1.0000,25.000,49.175,8.994,77.16
9786.00,5.000,9.962,0.967,0.967,0.000,0.000,1.0000,25.000,49.180,8.994,77.05
9791.00,5.000,9.961,0.966,0.966,0.000,0.000,1.0000,25.000,49.185,8.994,76.93
9796.00,5.000,9.960,0.965,0.965,0.000,0.000,1.0000,25.000,49.190,8.994,76.81
9801.00,5.000,9.959,0.964,0.964,0.000,0.000,1.0000,25.000,49.194,8.994,76.69
9806.00,5.000,9.958,0.963,0.963,0.000,0.000,1.0000,25.000,49.199,8.994,76.58
9811.00,5.000,9.956,0.962,0.962,0.000,0.000,1.0000,25.000,49.203,8.994,76.46
9816.00,5.000,9.955,0.961,0.961,0.000,0.000,1.0000,25.000,49.208,8.994,76.34
9821.00,5.000,9.954,0.960,0.960,0.000,0.000,1.0000,25.000,49.213,8.994,76.23
9826.00,5.000,9.953,0.959,0.959,0.000,0.000,1.0000,25.000,49.217,8.994,76.11
9831.00,5.000,9.952,0.958,0.958,0.000,0.000,1.0000,25.000,49.222,8.994,75.99
9836.00,5.000,9.951,0.957,0.957,0.000,0.000,1.0000,25.000,49.226,8.994,75.88
9841.00,5.000,9.950,0.956,0.956,0.000,0.000,1.0000,25.000,49.231,8.994,75.76
9846.00,5.000,9.949,0.955,0.955,0.000,0.000,1.0000,25.000,49.235,8.994,75.65
9851.00,5.000,9.948,0.954,0.954,0.000,0.000,1.0000,25.000,49.240,8.994,75.53
9856.00,5.000,9.947,0.953,0.953,0.000,0.000,1.0000,25.000,49.244,8.994,75.42
9861.00,5.000,9.946,0.952,0.952,0.000,0.000,1.0000,25.000,49.249,8.994,75.30
9866.00,5.000,9.945,0.951,0.951,0.000,0.000,1.0000,25.000,49.253,8.994,75.19
9871.00,5.000,9.944,0.950,0.950,0.000,0.000,1.0000,25.000,49.258,8.994,75.07
9876.00,5.000,9.943,0.949,0.949,0.000,0.000,1.0000,25.000,49.262,8.994,74.96
9881.00,5.000,9.942,0.948,0.948,0.000,0.000,1.0000,25.000,49.266,8.994,74.84
9886.00,5.000,9.941,0.947,0.947,0.000,0.000,1.0000,25.000,49.271,8.994,74.73
9891.00,5.000,9.940,0.946,0.946,0.000,0.000,1.0000,25.000,49.275,8.994,74.62
9896.00,5.000,9.939,0.945,0.945,0.000,0.000,1.0000,25.000,49.280,8.994,74.50
9901.00,5.000,9.938,0.944,0.944,0.000,0.000,1.0000,25.000,49.284,8.994,74.39
9906.00,5.000,9.937,0.943,0.943,0.000,0.000,1.0000,25.000,49.288,8.994,74.28
9911.00,5.000,9.936,0.942,0.942,0.000,0.000,1.0000,25.000,49.293,8.994,74.16
9916.00,5.000,9.935,0.941,0.941,0.000,0.000,1.0000,25.000,49.297,8.994,74.05
9921.00,5.000,9.934,0.940,0.940,0.000,0.000,1.0000,25.000,49.301,8.994,73.94
9926.00,5.000,9.933,0.939,0.939,0.000,0.000,1.0000,25.000,49.305,8.994,73.83
9931.00,5.000,9.932,0.938,0.938,0.000,0.000,1.0000,25.000,49.310,8.994,73.71
9936.00,5.000,9.931,0.937,0.937,0.000,0.000,1.0000,25.000,49.314,8.994,73.60
9941.00,5.000,9.930,0.936,0.936,0.000,0.000,1.0000,25.000,49.318,8.994,73.49
9946.00,5.000,9.929,0.935,0.935,0.000,0.000,1.0000,25.000,49.322,8.994,73.38
9951.00,5.000,9.928,0.934,0.934,0.000,0.000,1.0000,25.000,49.327,8.994,73.27
9956.00,5.000,9.927,0.933,0.933,0.000,0.000,1.0000,25.000,49.331,8.994,73.16
9961.00,5.000,9.926,0.932,0.932,0.000,0.000,1.0000,25.000,49.335,8.994,73.05
9966.00,5.000,9.925,0.931,0.931,0.000,0.000,1.0000,25.000,49.339,8.994,72.93
9971.00,5.000,9.924,0.930,0.930,0.000,0.000,1.0000,25.000,49.343,8.994,72.82
9976.00,5.000,9.923,0.929,0.929,0.000,0.000,1.0000,25.000,49.347,8.994,72.71
9981.00,5.000,9.922,0.928,0.928,0.000,0.000,1.0000,25.000,49.351,8.994,72.60
9986.00,5.000,9.921,0.927,0.927,0.000,0.000,1.0000,25.000,49.355,8.993,72.49
9991.00,5.000,9.920,0.926,0.926,0.000,0.000,1.0000,25.000,49.360,8.993,72.38
9996.00,5.000,9.919,0.925,0.925,0.000,0.000,1.0000,25.000,49.364,8.993,72.28
10001.00,5.000,9.918,0.925,0.925,0.000,0.000,1.0000,25.000,49.368,8.993,72.17
10006.00,5.000,9.917,0.924,0.924,0.000,0.000,1.0000,25.000,49.372,8.993,72.06
10011.00,5.000,9.916,0.923,0.923,0.000,0.000,1.0000,25.000,49.376,8.993,71.95
10016.00,5.000,9.915,0.922,0.922,0.000,0.000,1.0000,25.000,49.380,8.993,71.84
10021.00,5.000,9.914,0.921,0.921,0.000,0.000,1.0000,25.000,49.384,8.993,71.73
10026.00,5.000,9.913,0.920,0.920,0.000,0.000,1.0000,25.000,49.388,8.993,71.62
10031.00,5.000,9.912,0.919,0.919,0.000,0.000,1.0000,25.000,49.392,8.993,71.51
10036.00,5.000,9.911,0.918,0.918,0.000,0.000,1.0000,25.000,49.396,8.993,71.41
10041.00,5.000,9.910,0.917,0.917,0.000,0.000,1.0000,25.000,49.400,8.993,71.30
10046.00,5.000,9.909,0.916,0.916,0.000,0.000,1.0000,25.000,49.403,8.993,71.19
10051.00,5.000,9.908,0.915,0.915,0.000,0.000,1.0000,25.000,49.407,8.993,71.08
10056.00,5.000,9.907,0.914,0.914,0.000,0.000,1.0000,25.000,49.411,8.993,70.98
10061.00,5.000,9.906,0.913,0.913,0.000,0.000,1.0000,25.000,49.415,8.993,70.87
10066.00,5.000,9.905,0.912,0.912,0.000,0.000,1.0000,25.000,49.419,8.993,70.76
10071.00,5.000,9.904,0.911,0.911,0.000,0.000,1.0000,25.000,49.423,8.993,70.66
10076.00,5.000,9.903,0.910,0.910,0.000,0.000,1.0000,25.000,49.427,8.993,70.55
10081.00,5.000,9.902,0.909,0.909,0.000,0.000,1.0000,25.000,49.431,8.993,70.44
10086.00,5.000,9.901,0.908,0.908,0.000,0.000,1.0000,25.000,49.434,8.993,70.34
10091.00,5.000,9.900,0.907,0.907,0.000,0.000,1.0000,25.000,49.438,8.993,70.23
10096.00,5.000,9.900,0.906,0.906,0.000,0.000,1.0000,25.000,49.442,8.993,70.13
10101.00,5.000,9.899,0.906,0.906,0.000,0.000,1.0000,25.000,49.446,8.993,70.02
10106.00,5.000,9.898,0.905,0.905,0.000,0.000,1.0000,25.000,49.449,8.993,69.92
10111.00,5.000,9.897,0.904,0.904,0.000,0.000,1.0000,25.000,49.453,8.993,69.81
10116.00,5.000,9.896,0.903,0.903,0.000,0.000,1.0000,25.000,49.457,8.993,69.71
10121.00,5.000,9.895,0.902,0.902,0.000,0.000,1.0000,25.000,49.461,8.993,69.60
10126.00,5.000,9.894,0.901,0.901,0.000,0.000,1.0000,25.000,49.464,8.993,69.50
10131.00,5.000,9.893,0.900,0.900,0.000,0.000,1.0000,25.000,49.468,8.993,69.39
10136.00,5.000,9.892,0.899,0.899,0.000,0.000,1.0000,25.000,49.472,8.993,69.29
10141.00,5.000,9.891,0.898,0.898,0.000,0.000,1.0000,25.000,49.475,8.993,69.19
10146.00,5.000,9.890,0.897,0.897,0.000,0.000,1.0000,25.000,49.479,8.993,69.08
10151.00,5.000,9.889,0.896,0.896,0.000,0.000,1.0000,25.000,49.482,8.993,68.98
10156.00,5.000,9.888,0.895,0.895,0.000,0.000,1.0000,25.000,49.486,8.993,68.87
10161.00,5.000,9.887,0.894,0.894,0.000,0.000,1.0000,25.000,49.490,8.993,68.77
10166.00,5.000,9.886,0.893,0.893,0.000,0.000,1.0000,25.000,49.493,8.993,68.67
10171.00,5.000,9.885,0.893,0.893,0.000,0.000,1.0000,25.000,49.497,8.993,68.57
10176.00,5.000,9.884,0.892,0.892,0.000,0.000,1.0000,25.000,49.500,8.993,68.46
10181.00,5.000,9.883,0.891,0.891,0.000,0.000,1.0000,25.000,49.504,8.993,68.36
10186.00,5.000,9.883,0.890,0.890,0.000,0.000,1.0000,25.000,49.507,8.993,68.26
10191.00,5.000,9.882,0.889,0.889,0.000,0.000,1.0000,25.000,49.511,8.993,68.16
10196.00,5.000,9.881,0.888,0.888,0.000,0.000,1.0000,25.000,49.514,8.993,68.05
10201.00,5.000,9.880,0.887,0.887,0.000,0.000,1.0000,25.000,49.518,8.993,67.95
10206.00,5.000,9.879,0.886,0.886,0.000,0.000,1.0000,25.000,49.521,8.993,67.85
10211.00,5.000,9.878,0.885,0.885,0.000,0.000,1.0000,25.000,49.525,8.993,67.75
10216.00,5.000,9.877,0.884,0.884,0.000,0.000,1.0000,25.000,49.528,8.993,67.65
10221.00,5.000,9.876,0.883,0.883,0.000,0.000,1.0000,25.000,49.532,8.993,67.55
10226.00,5.000,9.875,0.883,0.883,0.000,0.000,1.0000,25.000,49.535,8.993,67.45
10231.00,5.000,9.874,0.882,0.882,0.000,0.000,1.0000,25.000,49.538,8.993,67.35
10236.00,5.000,9.873,0.881,0.881,0.000,0.000,1.0000,25.000,49.542,8.993,67.25
10241.00,5.000,9.872,0.880,0.880,0.000,0.000,1.0000,25.000,49.545,8.993,67.15
10246.00,5.000,9.871,0.879,0.879,0.000,0.000,1.0000,25.000,49.549,8.993,67.05
10251.00,5.000,9.871,0.878,0.878,0.000,0.000,1.0000,25.000,49.552,8.993,66.95
10256.00,5.000,9.870,0.877,0.877,0.000,0.000,1.0000,25.000,49.555,8.993,66.85
10261.00,5.000,9.869,0.876,0.876,0.000,0.000,1.0000,25.000,49.558,8.992,66.75
10266.00,5.000,9.868,0.875,0.875,0.000,0.000,1.0000,25.000,49.562,8.992,66.65
10271.00,5.000,9.867,0.874,0.874,0.000,0.000,1.0000,25.000,49.565,8.992,66.55
10276.00,5.000,9.866,0.874,0.874,0.000,0.000,1.0000,25.000,49.568,8.992,66.45
10281.00,5.000,9.865,0.873,0.873,0.000,0.000,1.0000,25.000,49.572,8.992,66.35
10286.00,5.000,9.864,0.872,0.872,0.000,0.000,1.0000,25.000,49.575,8.992,66.25
10291.00,5.000,9.863,0.871,0.871,0.000,0.000,1.0000,25.000,49.578,8.992,66.15
10296.00,5.000,9.862,0.870,0.870,0.000,0.000,1.0000,25.000,49.581,8.992,66.06
10301.00,5.000,9.862,0.869,0.869,0.000,0.000,1.0000,25.000,49.584,8.992,65.96
10306.00,5.000,9.861,0.868,0.868,0.000,0.000,1.0000,25.000,49.588,8.992,65.86
10311.00,5.000,9.860,0.867,0.867,0.000,0.000,1.0000,25.000,49.591,8.992,65.76
10316.00,5.000,9.859,0.867,0.867,0.000,0.000,1.0000,25.000,49.594,8.992,65.66
10321.00,5.000,9.858,0.866,0.866,0.000,0.000,1.0000,25.000,49.597,8.992,65.57
10326.00,5.000,9.857,0.865,0.865,0.000,0.000,1.0000,25.000,49.600,8.992,65.47
10331.00,5.000,9.856,0.864,0.864,0.000,0.000,1.0000,25.000,49.603,8.992,65.37
10336.00,5.000,9.855,0.863,0.863,0.000,0.000,1.0000,25.000,49.606,8.992,65.28
10341.00,5.000,9.854,0.862,0.862,0.000,0.000,1.0000,25.000,49.610,8.992,65.18
10346.00,5.000,9.854,0.861,0.861,0.000,0.000,1.0000,25.000,49.613,8.992,65.08
10351.00,5.000,9.853,0.860,0.860,0.000,0.000,1.0000,25.000,49.616,8.992,64.99
10356.00,5.000,9.852,0.860,0.860,0.000,0.000,1.0000,25.000,49.619,8.992,64.89
10361.00,5.000,9.851,0.859,0.859,0.000,0.000,1.0000,25.000,49.622,8.992,64.79
10366.00,5.000,9.850,0.858,0.858,0.000,0.000,1.0000,25.000,49.625,8.992,64.70
10371.00,5.000,9.849,0.857,0.857,0.000,0.000,1.0000,25.000,49.628,8.992,64.60
10376.00,5.000,9.848,0.856,0.856,0.000,0.000,1.0000,25.000,49.631,8.992,64.51
10381.00,5.000,9.847,0.855,0.855,0.000,0.000,1.0000,25.000,49.634,8.992,64.41
10386.00,5.000,9.846,0.854,0.854,0.000,0.000,1.0000,25.000,49.637,8.992,64.32
10391.00,5.000,9.846,0.853,0.853,0.000,0.000,1.0000,25.000,49.640,8.992,64.22
10396.00,5.000,9.845,0.853,0.853,0.000,0.000,1.0000,25.000,49.643,8.992,64.13
10401.00,5.000,9.844,0.852,0.852,0.000,0.000,1.0000,25.000,49.646,8.992,64.03
10406.00,5.000,9.843,0.851,0.851,0.000,0.000,1.0000,25.000,49.649,8.992,63.94
10411.00,5.000,9.842,0.850,0.850,0.000,0.000,1.0000,25.000,49.651,8.992,63.84
10416.00,5.000,9.841,0.849,0.849,0.000,0.000,1.0000,25.000,49.654,8.992,63.75
10421.00,5.000,9.840,0.848,0.848,0.000,0.000,1.0000,25.000,49.657,8.992,63.65
10426.00,5.000,9.840,0.848,0.848,0.000,0.000,1.0000,25.000,49.660,8.992,63.56
10431.00,5.000,9.839,0.847,0.847,0.000,0.000,1.0000,25.000,49.663,8.992,63.47
10436.00,5.000,9.838,0.846,0.846,0.000,0.000,1.0000,25.000,49.666,8.992,63.37
10441.00,5.000,9.837,0.845,0.845,0.000,0.000,1.0000,25.000,49.669,8.992,63.28
10446.00,5.000,9.836,0.844,0.844,0.000,0.000,1.0000,25.000,49.671,8.992,63.19
10451.00,5.000,9.835,0.843,0.843,0.000,0.000,1.0000,25.000,49.674,8.992,63.09
10456.00,5.000,9.834,0.842,0.842,0.000,0.000,1.0000,25.000,49.677,8.992,63.00
10461.00,5.000,9.834,0.842,0.842,0.000,0.000,1.0000,25.000,49.680,8.992,62.91
10466.00,5.000,9.833,0.841,0.841,0.000,0.000,1.0000,25.000,49.683,8.992,62.82
10471.00,5.000,9.832,0.840,0.840,0.000,0.000,1.0000,25.000,49.685,8.992,62.72
10476.00,5.000,9.831,0.839,0.839,0.000,0.000,1.0000,25.000,49.688,8.992,62.63
10481.00,5.000,9.830,0.838,0.838,0.000,0.000,1.0000,25.000,49.691,8.992,62.54
10486.00,5.000,9.829,0.837,0.837,0.000,0.000,1.0000,25.000,49.693,8.992,62.45
10491.00,5.000,9.828,0.837,0.837,0.000,0.000,1.0000,25.000,49.696,8.992,62.36
10496.00,5.000,9.828,0.836,0.836,0.000,0.000,1.0000,25.000,49.699,8.992,62.27
10501.00,5.000,9.827,0.835,0.835,0.000,0.000,1.0000,25.000,49.701,8.992,62.17
10506.00,5.000,9.826,0.834,0.834,0.000,0.000,1.0000,25.000,49.704,8.992,62.08
10511.00,5.000,9.825,0.833,0.833,0.000,0.000,1.0000,25.000,49.707,8.992,61.99
10516.00,5.000,9.824,0.832,0.832,0.000,0.000,1.0000,25.000,49.709,8.992,61.90
10521.00,5.000,9.823,0.832,0.832,0.000,0.000,1.0000,25.000,49.712,8.992,61.81
10526.00,5.000,9.823,0.831,0.831,0.000,0.000,1.0000,25.000,49.715,8.992,61.72
10531.00,5.000,9.822,0.830,0.830,0.000,0.000,1.0000,25.000,49.717,8.992,61.63
10536.00,5.000,9.821,0.829,0.829,0.000,0.000,1.0000,25.000,49.720,8.992,61.54
10541.00,5.000,9.820,0.828,0.828,0.000,0.000,1.0000,25.000,49.722,8.992,61.45
10546.00,5.000,9.819,0.827,0.827,0.000,0.000,1.0000,25.000,49.725,8.992,61.36
10551.00,5.000,9.818,0.827,0.827,0.000,0.000,1.0000,25.000,49.727,8.992,61.27
10556.00,5.000,9.818,0.826,0.826,0.000,0.000,1.0000,25.000,49.730,8.992,61.18
10561.00,5.000,9.817,0.825,0.825,0.000,0.000,1.0000,25.000,49.732,8.992,61.09
10566.00,5.000,9.816,0.824,0.824,0.000,0.000,1.0000,25.000,49.735,8.992,61.00
10571.00,5.000,9.815,0.823,0.823,0.000,0.000,1.0000,25.000,49.737,8.992,60.91
10576.00,5.000,9.814,0.823,0.823,0.000,0.000,1.0000,25.000,49.740,8.992,60.82
10581.00,5.000,9.813,0.822,0.822,0.000,0.000,1.0000,25.000,49.742,8.992,60.74
10586.00,5.000,9.813,0.821,0.821,0.000,0.000,1.0000,25.000,49.745,8.992,60.65
10591.00,5.000,9.812,0.820,0.820,0.000,0.000,1.0000,25.000,49.747,8.992,60.56
10596.00,5.000,9.811,0.819,0.819,0.000,0.000,1.0000,25.000,49.750,8.992,60.47
10601.00,5.000,9.810,0.818,0.818,0.000,0.000,1.0000,25.000,49.752,8.992,60.38
10606.00,5.000,9.809,0.818,0.818,0.000,0.000,1.0000,25.000,49.754,8.992,60.29
10611.00,5.000,9.808,0.817,0.817,0.000,0.000,1.0000,25.000,49.757,8.992,60.21
10616.00,5.000,9.808,0.816,0.816,0.000,0.000,1.0000,25.000,49.759,8.992,60.12
10621.00,5.000,9.807,0.815,0.815,0.000,0.000,1.0000,25.000,49.762,8.992,60.03
10626.00,5.000,9.806,0.814,0.814,0.000,0.000,1.0000,25.000,49.764,8.992,59.94
10631.00,5.000,9.805,0.814,0.814,0.000,0.000,1.0000,25.000,49.766,8.992,59.86
10636.00,5.000,9.804,0.813,0.813,0.000,0.000,1.0000,25.000,49.769,8.992,59.77
10641.00,5.000,9.804,0.812,0.812,0.000,0.000,1.0000,25.000,49.771,8.992,59.68
10646.00,5.000,9.803,0.811,0.811,0.000,0.000,1.0000,25.000,49.773,8.992,59.60
10651.00,5.000,9.802,0.810,0.810,0.000,0.000,1.0000,25.000,49.776,8.991,59.51
10656.00,5.000,9.801,0.810,0.810,0.000,0.000,1.0000,25.000,49.778,8.991,59.42
10661.00,5.000,9.800,0.809,0.809,0.000,0.000,1.0000,25.000,49.780,8.991,59.34
10666.00,5.000,9.800,0.808,0.808,0.000,0.000,1.0000,25.000,49.782,8.991,59.25
10671.00,5.000,9.799,0.807,0.807,0.000,0.000,1.0000,25.000,49.785,8.991,59.17
10676.00,5.000,9.798,0.806,0.806,0.000,0.000,1.0000,25.000,49.787,8.991,59.08
10681.00,5.000,9.797,0.806,0.806,0.000,0.000,1.0000,25.000,49.789,8.991,58.99
10686.00,5.000,9.796,0.805,0.805,0.000,0.000,1.0000,25.000,49.791,8.991,58.91
10691.00,5.000,9.796,0.804,0.804,0.000,0.000,1.0000,25.000,49.793,8.991,58.82
10696.00,5.000,9.795,0.803,0.803,0.000,0.000,1.0000,25.000,49.796,8.991,58.74
10701.00,5.000,9.794,0.803,0.803,0.000,0.000,1.0000,25.000,49.798,8.991,58.65
10706.00,5.000,9.793,0.802,0.802,0.000,0.000,1.0000,25.000,49.800,8.991,58.57
10711.00,5.000,9.792,0.801,0.801,0.000,0.000,1.0000,25.000,49.802,8.991,58.48
10716.00,5.000,9.792,0.800,0.800,0.000,0.000,1.0000,25.000,49.804,8.991,58.40
10721.00,5.000,9.791,0.799,0.799,0.000,0.000,1.0000,25.000,49.806,8.991,58.32
10726.00,5.000,9.790,0.799,0.799,0.000,0.000,1.0000,25.000,49.808,8.991,58.23
10731.00,5.000,9.789,0.798,0.798,0.000,0.000,1.0000,25.000,49.810,8.991,58.15
10736.00,5.000,9.788,0.797,0.797,0.000,0.000,1.0000,25.000,49.813,8.991,58.06
10741.00,5.000,9.788,0.796,0.796,0.000,0.000,1.0000,25.000,49.815,8.991,57.98
10746.00,5.000,9.787,0.796,0.796,0.000,0.000,1.0000,25.000,49.817,8.991,57.90
10751.00,5.000,9.786,0.795,0.795,0.000,0.000,1.0000,25.000,49.819,8.991,57.81
10756.00,5.000,9.785,0.794,0.794,0.000,0.000,1.0000,25.000,49.821,8.991,57.73
10761.00,5.000,9.785,0.793,0.793,0.000,0.000,1.0000,25.000,49.823,8.991,57.65
10766.00,5.000,9.784,0.792,0.792,0.000,0.000,1.0000,25.000,49.825,8.991,57.56
10771.00,5.000,9.783,0.792,0.792,0.000,0.000,1.0000,25.000,49.827,8.991,57.48
10776.00,5.000,9.782,0.791,0.791,0.000,0.000,1.0000,25.000,49.829,8.991,57.40
10781.00,5.000,9.781,0.790,0.790,0.000,0.000,1.0000,25.000,49.831,8.991,57.31
10786.00,5.000,9.781,0.789,0.789,0.000,0.000,1.0000,25.000,49.833,8.991,57.23
10791.00,5.000,9.780,0.789,0.789,0.000,0.000,1.0000,25.000,49.835,8.991,57.15
10796.00,5.000,9.779,0.788,0.788,0.000,0.000,1.0000,25.000,49.837,8.991,57.07
10801.00,5.000,9.778,0.787,0.787,0.000,0.000,1.0000,25.000,49.838,8.991,56.99
10806.00,5.000,9.778,0.786,0.786,0.000,0.000,1.0000,25.000,49.840,8.991,56.90
10811.00,5.000,9.777,0.786,0.786,0.000,0.000,1.0000,25.000,49.842,8.991,56.82
10816.00,5.000,9.776,0.785,0.785,0.000,0.000,1.0000,25.000,49.844,8.991,56.74
10821.00,5.000,9.775,0.784,0.784,0.000,0.000,1.0000,25.000,49.846,8.991,56.66
10826.00,5.000,9.774,0.783,0.783,0.000,0.000,1.0000,25.000,49.848,8.991,56.58
10831.00,5.000,9.774,0.783,0.783,0.000,0.000,1.0000,25.000,49.850,8.991,56.50
10836.00,5.000,9.773,0.782,0.782,0.000,0.000,1.0000,25.000,49.852,8.991,56.42
10841.00,5.000,9.772,0.781,0.781,0.000,0.000,1.0000,25.000,49.853,8.991,56.33
10846.00,5.000,9.771,0.780,0.780,0.000,0.000,1.0000,25.000,49.855,8.991,56.25
10851.00,5.000,9.771,0.780,0.780,0.000,0.000,1.0000,25.000,49.857,8.991,56.17
10856.00,5.000,9.770,0.779,0.779,0.000,0.000,1.0000,25.000,49.859,8.991,56.09
10861.00,5.000,9.769,0.778,0.778,0.000,0.000,1.0000,25.000,49.861,8.991,56.01
10866.00,5.000,9.768,0.777,0.777,0.000,0.000,1.0000,25.000,49.862,8.991,55.93
10871.00,5.000,9.768,0.777,0.777,0.000,0.000,1.0000,25.000,49.864,8.991,55.85
10876.00,5.000,9.767,0.776,0.776,0.000,0.000,1.0000,25.000,49.866,8.991,55.77
10881.00,5.000,9.766,0.775,0.775,0.000,0.000,1.0000,25.000,49.868,8.991,55.69
10886.00,5.000,9.765,0.774,0.774,0.000,0.000,1.0000,25.000,49.869,8.991,55.61
10891.00,5.000,9.765,0.774,0.774,0.000,0.000,1.0000,25.000,49.871,8.991,55.53
10896.00,5.000,9.764,0.773,0.773,0.000,0.000,1.0000,25.000,49.873,8.991,55.46
10901.00,5.000,9.763,0.772,0.772,0.000,0.000,1.0000,25.000,49.875,8.991,55.38
10906.00,5.000,9.762,0.771,0.771,0.000,0.000,1.0000,25.000,49.876,8.991,55.30
10911.00,5.000,9.762,0.771,0.771,0.000,0.000,1.0000,25.000,49.878,8.991,55.22
10916.00,5.000,9.761,0.770,0.770,0.000,0.000,1.0000,25.000,49.880,8.991,55.14
10921.00,5.000,9.760,0.769,0.769,0.000,0.000,1.0000,25.000,49.881,8.991,55.06
10926.00,5.000,9.759,0.768,0.768,0.000,0.000,1.0000,25.000,49.883,8.991,54.98
10931.00,5.000,9.759,0.768,0.768,0.000,0.000,1.0000,25.000,49.885,8.991,54.90
10936.00,5.000,9.758,0.767,0.767,0.000,0.000,1.0000,25.000,49.886,8.991,54.83
10941.00,5.000,9.757,0.766,0.766,0.000,0.000,1.0000,25.000,49.888,8.991,54.75
10946.00,5.000,9.756,0.765,0.765,0.000,0.000,1.0000,25.000,49.889,8.991,54.67
10951.00,5.000,9.756,0.765,0.765,0.000,0.000,1.0000,25.000,49.891,8.991,54.59
10956.00,5.000,9.755,0.764,0.764,0.000,0.000,1.0000,25.000,49.892,8.991,54.51
10961.00,5.000,9.754,0.763,0.763,0.000,0.000,1.0000,25.000,49.894,8.991,54.44
10966.00,5.000,9.753,0.763,0.763,0.000,0.000,1.0000,25.000,49.896,8.991,54.36
10971.00,5.000,9.753,0.762,0.762,0.000,0.000,1.0000,25.000,49.897,8.991,54.28
10976.00,5.000,9.752,0.761,0.761,0.000,0.000,1.0000,25.000,49.899,8.991,54.21
10981.00,5.000,9.751,0.760,0.760,0.000,0.000,1.0000,25.000,49.900,8.991,54.13
10986.00,5.000,9.751,0.760,0.760,0.000,0.000,1.0000,25.000,49.902,8.991,54.05
10991.00,5.000,9.750,0.759,0.759,0.000,0.000,1.0000,25.000,49.903,8.991,53.98
10996.00,5.000,9.749,0.758,0.758,0.000,0.000,1.0000,25.000,49.905,8.991,53.90
11001.00,5.000,9.748,0.757,0.757,0.000,0.000,1.0000,25.000,49.906,8.991,53.82
11006.00,5.000,9.748,0.757,0.757,0.000,0.000,1.0000,25.000,49.908,8.991,53.75
11011.00,5.000,9.747,0.756,0.756,0.000,0.000,1.0000,25.000,49.909,8.991,53.67
11016.00,5.000,9.746,0.755,0.755,0.000,0.000,1.0000,25.000,49.911,8.991,53.59
11021.00,5.000,9.745,0.755,0.755,0.000,0.000,1.0000,25.000,49.912,8.991,53.52
11026.00,5.000,9.745,0.754,0.754,0.000,0.000,1.0000,25.000,49.913,8.991,53.44
11031.00,5.000,9.744,0.753,0.753,0.000,0.000,1.0000,25.000,49.915,8.991,53.37
11036.00,5.000,9.743,0.752,0.752,0.000,0.000,1.0000,25.000,49.916,8.991,53.29
11041.00,5.000,9.743,0.752,0.752,0.000,0.000,1.0000,25.000,49.918,8.991,53.22
11046.00,5.000,9.742,0.751,0.751,0.000,0.000,1.0000,25.000,49.919,8.991,53.14
11051.00,5.000,9.741,0.750,0.750,0.000,0.000,1.0000,25.000,49.920,8.991,53.07
11056.00,5.000,9.740,0.750,0.750,0.000,0.000,1.0000,25.000,49.922,8.991,52.99
11061.00,5.000,9.740,0.749,0.749,0.000,0.000,1.0000,25.000,49.923,8.991,52.92
11066.00,5.000,9.739,0.748,0.748,0.000,0.000,1.0000,25.000,49.924,8.991,52.84
11071.00,5.000,9.738,0.747,0.747,0.000,0.000,1.0000,25.000,49.926,8.991,52.77
11076.00,5.000,9.738,0.747,0.747,0.000,0.000,1.0000,25.000,49.927,8.991,52.69
11081.00,5.000,9.737,0.746,0.746,0.000,0.000,1.0000,25.000,49.928,8.991,52.62
11086.00,5.000,9.736,0.745,0.745,0.000,0.000,1.0000,25.000,49.930,8.991,52.55
11091.00,5.000,9.736,0.745,0.745,0.000,0.000,1.0000,25.000,49.931,8.991,52.47
11096.00,5.000,9.735,0.744,0.744,0.000,0.000,1.0000,25.000,49.932,8.991,52.40
11101.00,5.000,9.734,0.743,0.743,0.000,0.000,1.0000,25.000,49.933,8.991,52.32
11106.00,5.000,9.733,0.743,0.743,0.000,0.000,1.0000,25.000,49.935,8.991,52.25
11111.00,5.000,9.733,0.742,0.742,0.000,0.000,1.0000,25.000,49.936,8.991,52.18
11116.00,5.000,9.732,0.741,0.741,0.000,0.000,1.0000,25.000,49.937,8.991,52.10
11121.00,5.000,9.731,0.740,0.740,0.000,0.000,1.0000,25.000,49.938,8.991,52.03
11126.00,5.000,9.731,0.740,0.740,0.000,0.000,1.0000,25.000,49.940,8.991,51.96
11131.00,5.000,9.730,0.739,0.739,0.000,0.000,1.0000,25.000,49.941,8.991,51.89
11136.00,5.000,9.729,0.738,0.738,0.000,0.000,1.0000,25.000,49.942,8.991,51.81
11141.00,5.000,9.728,0.738,0.738,0.000,0.000,1.0000,25.000,49.943,8.991,51.74
11146.00,5.000,9.728,0.737,0.737,0.000,0.000,1.0000,25.000,49.944,8.991,51.67
11151.00,5.000,9.727,0.736,0.736,0.000,0.000,1.0000,25.000,49.946,8.991,51.60
11156.00,5.000,9.726,0.736,0.736,0.000,0.000,1.0000,25.000,49.947,8.991,51.52
11161.00,5.000,9.726,0.735,0.735,0.000,0.000,1.0000,25.000,49.948,8.991,51.45
11166.00,5.000,9.725,0.734,0.734,0.000,0.000,1.0000,25.000,49.949,8.991,51.38
11171.00,5.000,9.724,0.734,0.734,0.000,0.000,1.0000,25.000,49.950,8.991,51.31
11176.00,5.000,9.724,0.733,0.733,0.000,0.000,1.0000,25.000,49.951,8.991,51.24
11181.00,5.000,9.723,0.732,0.732,0.000,0.000,1.0000,25.000,49.952,8.991,51.16
11186.00,5.000,9.722,0.732,0.732,0.000,0.000,1.0000,25.000,49.953,8.991,51.09
11191.00,5.000,9.722,0.731,0.731,0.000,0.000,1.0000,25.000,49.954,8.991,51.02
11196.00,5.000,9.721,0.730,0.730,0.000,0.000,1.0000,25.000,49.956,8.991,50.95
11201.00,5.000,9.720,0.729,0.729,0.000,0.000,1.0000,25.000,49.957,8.991,50.88
11206.00,5.000,9.720,0.729,0.729,0.000,0.000,1.0000,25.000,49.958,8.991,50.81
11211.00,5.000,9.719,0.728,0.728,0.000,0.000,1.0000,25.000,49.959,8.991,50.74
11216.00,5.000,9.718,0.727,0.727,0.000,0.000,1.0000,25.000,49.960,8.991,50.67
11221.00,5.000,9.717,0.727,0.727,0.000,0.000,1.0000,25.000,49.961,8.991,50.60
11226.00,5.000,9.717,0.726,0.726,0.000,0.000,1.0000,25.000,49.962,8.991,50.53
11231.00,5.000,9.716,0.725,0.725,0.000,0.000,1.0000,25.000,49.963,8.991,50.46
11236.00,5.000,9.715,0.725,0.725,0.000,0.000,1.0000,25.000,49.964,8.991,50.39
11241.00,5.000,9.715,0.724,0.724,0.000,0.000,1.0000,25.000,49.965,8.991,50.31
11246.00,5.000,9.714,0.723,0.723,0.000,0.000,1.0000,25.000,49.966,8.991,50.25
11251.00,5.000,9.713,0.723,0.723,0.000,0.000,1.0000,25.000,49.967,8.991,50.18
11256.00,5.000,9.713,0.722,0.722,0.000,0.000,1.0000,25.000,49.968,8.991,50.11
11261.00,5.000,9.712,0.721,0.721,0.000,0.000,1.0000,25.000,49.969,8.991,50.04
11266.00,5.000,9.711,0.721,0.721,0.000,0.000,1.0000,25.000,49.970,8.991,49.97
11271.00,5.000,9.711,0.720,0.720,0.000,0.000,1.0000,25.000,49.971,8.991,49.90
11276.00,5.000,9.710,0.719,0.719,0.000,0.000,1.0000,25.000,49.971,8.991,49.83
11281.00,5.000,9.709,0.719,0.719,0.000,0.000,1.0000,25.000,49.972,8.991,49.76
11286.00,5.000,9.709,0.718,0.718,0.000,0.000,1.0000,25.000,49.973,8.991,49.69
11291.00,5.000,9.708,0.717,0.717,0.000,0.000,1.0000,25.000,49.974,8.991,49.62
11296.00,5.000,9.707,0.717,0.717,0.000,0.000,1.0000,25.000,49.975,8.991,49.55
11301.00,5.000,9.707,0.716,0.716,0.000,0.000,1.0000,25.000,49.976,8.991,49.48
11306.00,5.000,9.706,0.715,0.715,0.000,0.000,1.0000,25.000,49.977,8.991,49.42
11311.00,5.000,9.705,0.715,0.715,0.000,0.000,1.0000,25.000,49.978,8.991,49.35
11316.00,5.000,9.705,0.714,0.714,0.000,0.000,1.0000,25.000,49.978,8.991,49.28
11321.00,5.000,9.704,0.713,0.713,0.000,0.000,1.0000,25.000,49.979,8.991,49.21
11326.00,5.000,9.703,0.713,0.713,0.000,0.000,1.0000,25.000,49.980,8.991,49.14
11331.00,5.000,9.703,0.712,0.712,0.000,0.000,1.0000,25.000,49.981,8.991,49.08
11336.00,5.000,9.702,0.711,0.711,0.000,0.000,1.0000,25.000,49.982,8.991,49.01
11341.00,5.000,9.701,0.711,0.711,0.000,0.000,1.0000,25.000,49.983,8.991,48.94
11346.00,5.000,9.701,0.710,0.710,0.000,0.000,1.0000,25.000,49.983,8.991,48.87
11351.00,5.000,9.700,0.710,0.710,0.000,0.000,1.0000,25.000,49.984,8.991,48.81
11356.00,5.000,9.700,0.709,0.709,0.000,0.000,1.0000,25.000,49.985,8.991,48.74
11361.00,5.000,9.699,0.708,0.708,0.000,0.000,1.0000,25.000,49.986,8.991,48.67
11366.00,5.000,9.698,0.708,0.708,0.000,0.000,1.0000,25.000,49.986,8.991,48.60
11371.00,5.000,9.698,0.707,0.707,0.000,0.000,1.0000,25.000,49.987,8.991,48.54
11376.00,5.000,9.697,0.706,0.706,0.000,0.000,1.0000,25.000,49.988,8.991,48.47
11381.00,5.000,9.696,0.706,0.706,0.000,0.000,1.0000,25.000,49.989,8.991,48.40
11386.00,5.000,9.696,0.705,0.705,0.000,0.000,1.0000,25.000,49.989,8.991,48.34
11391.00,5.000,9.695,0.704,0.704,0.000,0.000,1.0000,25.000,49.990,8.991,48.27
11396.00,5.000,9.694,0.704,0.704,0.000,0.000,1.0000,25.000,49.991,8.991,48.20
11401.00,5.000,9.694,0.703,0.703,0.000,0.000,1.0000,25.000,49.992,8.991,48.14
11406.00,5.000,9.693,0.702,0.702,0.000,0.000,1.0000,25.000,49.992,8.991,48.07
11411.00,5.000,9.692,0.702,0.702,0.000,0.000,1.0000,25.000,49.993,8.991,48.01
11416.00,5.000,9.692,0.701,0.701,0.000,0.000,1.0000,25.000,49.994,8.991,47.94
11421.00,5.000,9.691,0.701,0.701,0.000,0.000,1.0000,25.000,49.994,8.991,47.87
11426.00,5.000,9.690,0.700,0.700,0.000,0.000,1.0000,25.000,49.995,8.991,47.81
11431.00,5.000,9.690,0.699,0.699,0.000,0.000,1.0000,25.000,49.996,8.991,47.74
11436.00,5.000,9.689,0.699,0.699,0.000,0.000,1.0000,25.000,49.996,8.991,47.68
11441.00,5.000,9.689,0.698,0.698,0.000,0.000,1.0000,25.000,49.997,8.991,47.61
11446.00,5.000,9.688,0.697,0.697,0.000,0.000,1.0000,25.000,49.997,8.991,47.55
11451.00,5.000,9.687,0.697,0.697,0.000,0.000,1.0000,25.000,49.998,8.991,47.48
11456.00,5.000,9.687,0.696,0.696,0.000,0.000,1.0000,25.000,49.999,8.991,47.42
11461.00,5.000,9.686,0.695,0.695,0.000,0.000,1.0000,25.000,49.999,8.991,47.35
11466.00,5.000,9.685,0.695,0.695,0.000,0.000,1.0000,25.000,50.000,8.991,47.29
11471.00,5.000,9.685,0.694,0.694,0.000,0.000,1.0000,25.000,50.000,8.991,47.22
11476.00,5.000,9.684,0.694,0.694,0.000,0.000,1.0000,25.000,50.001,8.991,47.16
11481.00,5.000,9.684,0.693,0.693,0.000,0.000,1.0000,25.000,50.002,8.991,47.10
11486.00,5.000,9.683,0.692,0.692,0.000,0.000,1.0000,25.000,50.002,8.991,47.03
11491.00,5.000,9.682,0.692,0.692,0.000,0.000,1.0000,25.000,50.003,8.991,46.97
11496.00,5.000,9.682,0.691,0.691,0.000,0.000,1.0000,25.000,50.003,8.991,46.90
11501.00,5.000,9.681,0.690,0.690,0.000,0.000,1.0000,25.000,50.004,8.991,46.84
11506.00,5.000,9.680,0.690,0.690,0.000,0.000,1.0000,25.000,50.004,8.991,46.78
11511.00,5.000,9.680,0.689,0.689,0.000,0.000,1.0000,25.000,50.005,8.991,46.71
11516.00,5.000,9.679,0.689,0.689,0.000,0.000,1.0000,25.000,50.005,8.991,46.65
11521.00,5.000,9.679,0.688,0.688,0.000,0.000,1.0000,25.000,50.006,8.991,46.59
11526.00,5.000,9.678,0.687,0.687,0.000,0.000,1.0000,25.000,50.006,8.991,46.52
11531.00,5.000,9.677,0.687,0.687,0.000,0.000,1.0000,25.000,50.007,8.991,46.46
11536.00,5.000,9.677,0.686,0.686,0.000,0.000,1.0000,25.000,50.007,8.991,46.40
11541.00,5.000,9.676,0.685,0.685,0.000,0.000,1.0000,25.000,50.008,8.991,46.33
11546.00,5.000,9.675,0.685,0.685,0.000,0.000,1.0000,25.000,50.008,8.991,46.27
11551.00,5.000,9.675,0.684,0.684,0.000,0.000,1.0000,25.000,50.009,8.991,46.21
11556.00,5.000,9.674,0.684,0.684,0.000,0.000,1.0000,25.000,50.009,8.991,46.14
11561.00,5.000,9.674,0.683,0.683,0.000,0.000,1.0000,25.000,50.010,8.991,46.08
11566.00,5.000,9.673,0.682,0.682,0.000,0.000,1.0000,25.000,50.010,8.991,46.02
11571.00,5.000,9.672,0.682,0.682,0.000,0.000,1.0000,25.000,50.011,8.991,45.96
11576.00,5.000,9.672,0.681,0.681,0.000,0.000,1.0000,25.000,50.011,8.991,45.90
11581.00,5.000,9.671,0.681,0.681,0.000,0.000,1.0000,25.000,50.011,8.991,45.83
11586.00,5.000,9.671,0.680,0.680,0.000,0.000,1.0000,25.000,50.012,8.991,45.77
11591.00,5.000,9.670,0.679,0.679,0.000,0.000,1.0000,25.000,50.012,8.991,45.71
11596.00,5.000,9.669,0.679,0.679,0.000,0.000,1.0000,25.000,50.013,8.991,45.65
11601.00,5.000,9.669,0.678,0.678,0.000,0.000,1.0000,25.000,50.013,8.991,45.59
11606.00,5.000,9.668,0.678,0.678,0.000,0.000,1.0000,25.000,50.013,8.991,45.53
11611.00,5.000,9.667,0.677,0.677,0.000,0.000,1.0000,25.000,50.014,8.991,45.46
11616.00,5.000,9.667,0.676,0.676,0.000,0.000,1.0000,25.000,50.014,8.991,45.40
11621.00,5.000,9.666,0.676,0.676,0.000,0.000,1.0000,25.000,50.015,8.991,45.34
11626.00,5.000,9.666,0.675,0.675,0.000,0.000,1.0000,25.000,50.015,8.991,45.28
11631.00,5.000,9.665,0.675,0.675,0.000,0.000,1.0000,25.000,50.015,8.991,45.22
11636.00,5.000,9.664,0.674,0.674,0.000,0.000,1.0000,25.000,50.016,8.991,45.16
11641.00,5.000,9.664,0.673,0.673,0.000,0.000,1.0000,25.000,50.016,8.991,45.10
11646.00,5.000,9.663,0.673,0.673,0.000,0.000,1.0000,25.000,50.016,8.991,45.04
11651.00,5.000,9.663,0.672,0.672,0.000,0.000,1.0000,25.000,50.017,8.991,44.98
11656.00,5.000,9.662,0.672,0.672,0.000,0.000,1.0000,25.000,50.017,8.991,44.92
11661.00,5.000,9.661,0.671,0.671,0.000,0.000,1.0000,25.000,50.017,8.991,44.86
11666.00,5.000,9.661,0.670,0.670,0.000,0.000,1.0000,25.000,50.017,8.991,44.80
11671.00,5.000,9.660,0.670,0.670,0.000,0.000,1.0000,25.000,50.018,8.991,44.74
11676.00,5.000,9.660,0.669,0.669,0.000,0.000,1.0000,25.000,50.018,8.991,44.68
11681.00,5.000,9.659,0.669,0.669,0.000,0.000,1.0000,25.000,50.018,8.991,44.62
11686.00,5.000,9.658,0.668,0.668,0.000,0.000,1.0000,25.000,50.019,8.991,44.56
11691.00,5.000,9.658,0.667,0.667,0.000,0.000,1.0000,25.000,50.019,8.991,44.50
11696.00,5.000,9.657,0.667,0.667,0.000,0.000,1.0000,25.000,50.019,8.991,44.44
11701.00,5.000,9.657,0.666,0.666,0.000,0.000,1.0000,25.000,50.019,8.991,44.38
11706.00,5.000,9.656,0.666,0.666,0.000,0.000,1.0000,25.000,50.020,8.991,44.32
11711.00,5.000,9.656,0.665,0.665,0.000,0.000,1.0000,25.000,50.020,8.990,44.26
11716.00,5.000,9.655,0.664,0.664,0.000,0.000,1.0000,25.000,50.020,8.990,44.20
11721.00,5.000,9.654,0.664,0.664,0.000,0.000,1.0000,25.000,50.020,8.990,44.14
11726.00,5.000,9.654,0.663,0.663,0.000,0.000,1.0000,25.000,50.021,8.990,44.08
11731.00,5.000,9.653,0.663,0.663,0.000,0.000,1.0000,25.000,50.021,8.990,44.02
11736.00,5.000,9.653,0.662,0.662,0.000,0.000,1.0000,25.000,50.021,8.990,43.97
11741.00,5.000,9.652,0.662,0.662,0.000,0.000,1.0000,25.000,50.021,8.990,43.91
11746.00,5.000,9.651,0.661,0.661,0.000,0.000,1.0000,25.000,50.022,8.990,43.85
11751.00,5.000,9.651,0.660,0.660,0.000,0.000,1.0000,25.000,50.022,8.990,43.79
11756.00,5.000,9.650,0.660,0.660,0.000,0.000,1.0000,25.000,50.022,8.990,43.73
11761.00,5.000,9.650,0.659,0.659,0.000,0.000,1.0000,25.000,50.022,8.990,43.67
11766.00,5.000,9.649,0.659,0.659,0.000,0.000,1.0000,25.000,50.022,8.990,43.62
11771.00,5.000,9.649,0.658,0.658,0.000,0.000,1.0000,25.000,50.022,8.990,43.56
11776.00,5.000,9.648,0.657,0.657,0.000,0.000,1.0000,25.000,50.023,8.990,43.50
11781.00,5.000,9.647,0.657,0.657,0.000,0.000,1.0000,25.000,50.023,8.990,43.44
11786.00,5.000,9.647,0.656,0.656,0.000,0.000,1.0000,25.000,50.023,8.990,43.38
11791.00,5.000,9.646,0.656,0.656,0.000,0.000,1.0000,25.000,50.023,8.990,43.33
11796.00,5.000,9.646,0.655,0.655,0.000,0.000,1.0000,25.000,50.023,8.990,43.27
11801.00,5.000,9.645,0.655,0.655,0.000,0.000,1.0000,25.000,50.023,8.990,43.21
11806.00,5.000,9.645,0.654,0.654,0.000,0.000,1.0000,25.000,50.024,8.990,43.15
11811.00,5.000,9.644,0.653,0.653,0.000,0.000,1.0000,25.000,50.024,8.990,43.10
11816.00,5.000,9.643,0.653,0.653,0.000,0.000,1.0000,25.000,50.024,8.990,43.04
11821.00,5.000,9.643,0.652,0.652,0.000,0.000,1.0000,25.000,50.024,8.990,42.98
11826.00,5.000,9.642,0.652,0.652,0.000,0.000,1.0000,25.000,50.024,8.990,42.93
11831.00,5.000,9.642,0.651,0.651,0.000,0.000,1.0000,25.000,50.024,8.990,42.87
11836.00,5.000,9.641,0.651,0.651,0.000,0.000,1.0000,25.000,50.024,8.990,42.81
11841.00,5.000,9.641,0.650,0.650,0.000,0.000,1.0000,25.000,50.024,8.990,42.76
11846.00,5.000,9.640,0.649,0.649,0.000,0.000,1.0000,25.000,50.025,8.990,42.70
11851.00,5.000,9.639,0.649,0.649,0.000,0.000,1.0000,25.000,50.025,8.990,42.64
11856.00,5.000,9.639,0.648,0.648,0.000,0.000,1.0000,25.000,50.025,8.990,42.59
11861.00,5.000,9.638,0.648,0.648,0.000,0.000,1.0000,25.000,50.025,8.990,42.53
11866.00,5.000,9.638,0.647,0.647,0.000,0.000,1.0000,25.000,50.025,8.990,42.48
11871.00,5.000,9.637,0.647,0.647,0.000,0.000,1.0000,25.000,50.025,8.990,42.42
11876.00,5.000,9.637,0.646,0.646,0.000,0.000,1.0000,25.000,50.025,8.990,42.36
11881.00,5.000,9.636,0.646,0.646,0.000,0.000,1.0000,25.000,50.025,8.990,42.31
11886.00,5.000,9.635,0.645,0.645,0.000,0.000,1.0000,25.000,50.025,8.990,42.25
11891.00,5.000,9.635,0.644,0.644,0.000,0.000,1.0000,25.000,50.025,8.990,42.20
11896.00,5.000,9.634,0.644,0.644,0.000,0.000,1.0000,25.000,50.025,8.990,42.14
11901.00,5.000,9.634,0.643,0.643,0.000,0.000,1.0000,25.000,50.025,8.990,42.09
11906.00,5.000,9.633,0.643,0.643,0.000,0.000,1.0000,25.000,50.025,8.990,42.03
11911.00,5.000,9.633,0.642,0.642,0.000,0.000,1.0000,25.000,50.026,8.990,41.98
11916.00,5.000,9.632,0.642,0.642,0.000,0.000,1.0000,25.000,50.026,8.990,41.92
11921.00,5.000,9.632,0.641,0.641,0.000,0.000,1.0000,25.000,50.026,8.990,41.87
11926.00,5.000,9.631,0.641,0.641,0.000,0.000,1.0000,25.000,50.026,8.990,41.81
11931.00,5.000,9.630,0.640,0.640,0.000,0.000,1.0000,25.000,50.026,8.990,41.76
11936.00,5.000,9.630,0.639,0.639,0.000,0.000,1.0000,25.000,50.026,8.990,41.70
11941.00,5.000,9.629,0.639,0.639,0.000,0.000,1.0000,25.000,50.026,8.990,41.65
11946.00,5.000,9.629,0.638,0.638,0.000,0.000,1.0000,25.000,50.026,8.990,41.59
11951.00,5.000,9.628,0.638,0.638,0.000,0.000,1.0000,25.000,50.026,8.990,41.54
11956.00,5.000,9.628,0.637,0.637,0.000,0.000,1.0000,25.000,50.026,8.990,41.49
11961.00,5.000,9.627,0.637,0.637,0.000,0.000,1.0000,25.000,50.026,8.990,41.43
11966.00,5.000,9.627,0.636,0.636,0.000,0.000,1.0000,25.000,50.026,8.990,41.38
11971.00,5.000,9.626,0.636,0.636,0.000,0.000,1.0000,25.000,50.026,8.990,41.32
11976.00,5.000,9.626,0.635,0.635,0.000,0.000,1.0000,25.000,50.026,8.990,41.27
11981.00,5.000,9.625,0.635,0.635,0.000,0.000,1.0000,25.000,50.026,8.990,41.22
11986.00,5.000,9.624,0.634,0.634,0.000,0.000,1.0000,25.000,50.026,8.990,41.16
11991.00,5.000,9.624,0.633,0.633,0.000,0.000,1.0000,25.000,50.026,8.990,41.11
11996.00,5.000,9.623,0.633,0.633,0.000,0.000,1.0000,25.000,50.026,8.990,41.06
12001.00,5.000,9.623,0.632,0.632,0.000,0.000,1.0000,25.000,50.026,8.990,41.00
12006.00,5.000,9.622,0.632,0.632,0.000,0.000,1.0000,25.000,50.026,8.990,40.95
12011.00,5.000,9.622,0.631,0.631,0.000,0.000,1.0000,25.000,50.026,8.990,40.90
12016.00,5.000,9.621,0.631,0.631,0.000,0.000,1.0000,25.000,50.026,8.990,40.84
12021.00,5.000,9.621,0.630,0.630,0.000,0.000,1.0000,25.000,50.026,8.990,40.79
12026.00,5.000,9.620,0.630,0.630,0.000,0.000,1.0000,25.000,50.026,8.990,40.74
12031.00,5.000,9.620,0.629,0.629,0.000,0.000,1.0000,25.000,50.026,8.990,40.69
12036.00,5.000,9.619,0.629,0.629,0.000,0.000,1.0000,25.000,50.026,8.990,40.63
12041.00,5.000,9.619,0.628,0.628,0.000,0.000,1.0000,25.000,50.026,8.990,40.58
12046.00,5.000,9.618,0.628,0.628,0.000,0.000,1.0000,25.000,50.026,8.990,40.53
12051.00,5.000,9.617,0.627,0.627,0.000,0.000,1.0000,25.000,50.026,8.990,40.48
12056.00,5.000,9.617,0.626,0.626,0.000,0.000,1.0000,25.000,50.026,8.990,40.42
12061.00,5.000,9.616,0.626,0.626,0.000,0.000,1.0000,25.000,50.026,8.990,40.37
12066.00,5.000,9.616,0.625,0.625,0.000,0.000,1.0000,25.000,50.026,8.990,40.32
12071.00,5.000,9.615,0.625,0.625,0.000,0.000,1.0000,25.000,50.026,8.990,40.27
12076.00,5.000,9.615,0.624,0.624,0.000,0.000,1.0000,25.000,50.026,8.990,40.22
12081.00,5.000,9.614,0.624,0.624,0.000,0.000,1.0000,25.000,50.026,8.990,40.16
12086.00,5.000,9.614,0.623,0.623,0.000,0.000,1.0000,25.000,50.026,8.990,40.11
12091.00,5.000,9.613,0.623,0.623,0.000,0.000,1.0000,25.000,50.026,8.990,40.06
12096.00,5.000,9.613,0.622,0.622,0.000,0.000,1.0000,25.000,50.026,8.990,40.01
12101.00,5.000,9.612,0.622,0.622,0.000,0.000,1.0000,25.000,50.026,8.990,39.96
12106.00,5.000,9.612,0.621,0.621,0.000,0.000,1.0000,25.000,50.026,8.990,39.91
12111.00,5.000,9.611,0.621,0.621,0.000,0.000,1.0000,25.000,50.026,8.990,39.86
12116.00,5.000,9.611,0.620,0.620,0.000,0.000,1.0000,25.000,50.026,8.990,39.81
12121.00,5.000,9.610,0.620,0.620,0.000,0.000,1.0000,25.000,50.026,8.990,39.75
12126.00,5.000,9.610,0.619,0.619,0.000,0.000,1.0000,25.000,50.026,8.990,39.70
12131.00,5.000,9.609,0.619,0.619,0.000,0.000,1.0000,25.000,50.026,8.990,39.65
12136.00,5.000,9.609,0.618,0.618,0.000,0.000,1.0000,25.000,50.026,8.990,39.60
12141.00,5.000,9.608,0.618,0.618,0.000,0.000,1.0000,25.000,50.026,8.990,39.55
12146.00,5.000,9.607,0.617,0.617,0.000,0.000,1.0000,25.000,50.026,8.990,39.50
12151.00,5.000,9.607,0.616,0.616,0.000,0.000,1.0000,25.000,50.026,8.990,39.45
12156.00,5.000,9.606,0.616,0.616,0.000,0.000,1.0000,25.000,50.026,8.990,39.40
12161.00,5.000,9.606,0.615,0.615,0.000,0.000,1.0000,25.000,50.026,8.990,39.35
12166.00,5.000,9.605,0.615,0.615,0.000,0.000,1.0000,25.000,50.026,8.990,39.30
12171.00,5.000,9.605,0.614,0.614,0.000,0.000,1.0000,25.000,50.026,8.990,39.25
12176.00,5.000,9.604,0.614,0.614,0.000,0.000,1.0000,25.000,50.026,8.990,39.20
12181.00,5.000,9.604,0.613,0.613,0.000,0.000,1.0000,25.000,50.026,8.990,39.15
12186.00,5.000,9.603,0.613,0.613,0.000,0.000,1.0000,25.000,50.026,8.990,39.10
12191.00,5.000,9.603,0.612,0.612,0.000,0.000,1.0000,25.000,50.026,8.990,39.05
12196.00,5.000,9.602,0.612,0.612,0.000,0.000,1.0000,25.000,50.026,8.990,39.00
12201.00,5.000,9.602,0.611,0.611,0.000,0.000,1.0000,25.000,50.026,8.990,38.95
12206.00,5.000,9.601,0.611,0.611,0.000,0.000,1.0000,25.000,50.026,8.990,38.90
12211.00,5.000,9.601,0.610,0.610,0.000,0.000,1.0000,25.000,50.026,8.990,38.85
12216.00,5.000,9.600,0.610,0.610,0.000,0.000,1.0000,25.000,50.026,8.990,38.80
12221.00,5.000,9.600,0.609,0.609,0.000,0.000,1.0000,25.000,50.026,8.990,38.76
12226.00,5.000,9.599,0.609,0.609,0.000,0.000,1.0000,25.000,50.026,8.990,38.71
12231.00,5.000,9.599,0.608,0.608,0.000,0.000,1.0000,25.000,50.026,8.990,38.66
12236.00,5.000,9.598,0.608,0.608,0.000,0.000,1.0000,25.000,50.026,8.990,38.61
12241.00,5.000,9.598,0.607,0.607,0.000,0.000,1.0000,25.000,50.026,8.990,38.56
12246.00,5.000,9.597,0.607,0.607,0.000,0.000,1.0000,25.000,50.026,8.990,38.51
12251.00,5.000,9.597,0.606,0.606,0.000,0.000,1.0000,25.000,50.026,8.990,38.46
12256.00,5.000,9.596,0.606,0.606,0.000,0.000,1.0000,25.000,50.026,8.990,38.41
12261.00,5.000,9.596,0.605,0.605,0.000,0.000,1.0000,25.000,50.026,8.990,38.37
12266.00,5.000,9.595,0.605,0.605,0.000,0.000,1.0000,25.000,50.026,8.990,38.32
12271.00,5.000,9.595,0.604,0.604,0.000,0.000,1.0000,25.000,50.026,8.990,38.27
12276.00,5.000,9.594,0.604,0.604,0.000,0.000,1.0000,25.000,50.026,8.990,38.22
12281.00,5.000,9.594,0.603,0.603,0.000,0.000,1.0000,25.000,50.026,8.990,38.17
12286.00,5.000,9.593,0.603,0.603,0.000,0.000,1.0000,25.000,50.026,8.990,38.13
12291.00,5.000,9.593,0.602,0.602,0.000,0.000,1.0000,25.000,50.026,8.990,38.08
12296.00,5.000,9.592,0.602,0.602,0.000,0.000,1.0000,25.000,50.026,8.990,38.03
12301.00,5.000,9.592,0.601,0.601,0.000,0.000,1.0000,25.000,50.026,8.990,37.98
12306.00,5.000,9.591,0.601,0.601,0.000,0.000,1.0000,25.000,50.026,8.990,37.94
12311.00,5.000,9.591,0.600,0.600,0.000,0.000,1.0000,25.000,50.026,8.990,37.89
12316.00,5.000,9.590,0.600,0.600,0.000,0.000,1.0000,25.000,50.026,8.990,37.84
12321.00,5.000,9.590,0.599,0.599,0.000,0.000,1.0000,25.000,50.026,8.990,37.79
12326.00,5.000,9.589,0.599,0.599,0.000,0.000,1.0000,25.000,50.026,8.990,37.75
12331.00,5.000,9.589,0.598,0.598,0.000,0.000,1.0000,25.000,50.026,8.990,37.70
12336.00,5.000,9.588,0.598,0.598,0.000,0.000,1.0000,25.000,50.026,8.990,37.65
12341.00,5.000,9.588,0.597,0.597,0.000,0.000,1.0000,25.000,50.026,8.990,37.60
12346.00,5.000,9.587,0.597,0.597,0.000,0.000,1.0000,25.000,50.026,8.990,37.56
12351.00,5.000,9.587,0.596,0.596,0.000,0.000,1.0000,25.000,50.026,8.990,37.51
12356.00,5.000,9.586,0.596,0.596,0.000,0.000,1.0000,25.000,50.026,8.990,37.46
12361.00,5.000,9.586,0.595,0.595,0.000,0.000,1.0000,25.000,50.026,8.990,37.42
12366.00,5.000,9.585,0.595,0.595,0.000,0.000,1.0000,25.000,50.026,8.990,37.37
12371.00,5.000,9.585,0.594,0.594,0.000,0.000,1.0000,25.000,50.026,8.990,37.32
12376.00,5.000,9.584,0.594,0.594,0.000,0.000,1.0000,25.000,50.026,8.990,37.28
12381.00,5.000,9.584,0.593,0.593,0.000,0.000,1.0000,25.000,50.026,8.990,37.23
12386.00,5.000,9.583,0.593,0.593,0.000,0.000,1.0000,25.000,50.026,8.990,37.19
12391.00,5.000,9.583,0.592,0.592,0.000,0.000,1.0000,25.000,50.026,8.990,37.14
12396.00,5.000,9.582,0.592,0.592,0.000,0.000,1.0000,25.000,50.026,8.990,37.09
12401.00,5.000,9.582,0.591,0.591,0.000,0.000,1.0000,25.000,50.026,8.990,37.05
12406.00,5.000,9.581,0.591,0.591,0.000,0.000,1.0000,25.000,50.026,8.990,37.00
12411.00,5.000,9.581,0.591,0.591,0.000,0.000,1.0000,25.000,50.026,8.990,36.96
12416.00,5.000,9.581,0.590,0.590,0.000,0.000,1.0000,25.000,50.026,8.990,36.91
12421.00,5.000,9.580,0.590,0.590,0.000,0.000,1.0000,25.000,50.026,8.990,36.87
12426.00,5.000,9.580,0.589,0.589,0.000,0.000,1.0000,25.000,50.026,8.990,36.82
12431.00,5.000,9.579,0.589,0.589,0.000,0.000,1.0000,25.000,50.026,8.990,36.77
12436.00,5.000,9.579,0.588,0.588,0.000,0.000,1.0000,25.000,50.026,8.990,36.73
12441.00,5.000,9.578,0.588,0.588,0.000,0.000,1.0000,25.000,50.026,8.990,36.68
12446.00,5.000,9.578,0.587,0.587,0.000,0.000,1.0000,25.000,50.026,8.990,36.64
12451.00,5.000,9.577,0.587,0.587,0.000,0.000,1.0000,25.000,50.026,8.990,36.59
12456.00,5.000,9.577,0.586,0.586,0.000,0.000,1.0000,25.000,50.026,8.990,36.55
12461.00,5.000,9.576,0.586,0.586,0.000,0.000,1.0000,25.000,50.026,8.990,36.50
12466.00,5.000,9.576,0.585,0.585,0.000,0.000,1.0000,25.000,50.026,8.990,36.46
12471.00,5.000,9.575,0.585,0.585,0.000,0.000,1.0000,25.000,50.026,8.990,36.41
12476.00,5.000,9.575,0.584,0.584,0.000,0.000,1.0000,25.000,50.026,8.990,36.37
12481.00,5.000,9.574,0.584,0.584,0.000,0.000,1.0000,25.000,50.026,8.990,36.32
12486.00,5.000,9.574,0.583,0.583,0.000,0.000,1.0000,25.000,50.026,8.990,36.28
12491.00,5.000,9.573,0.583,0.583,0.000,0.000,1.0000,25.000,50.026,8.990,36.24
12496.00,5.000,9.573,0.582,0.582,0.000,0.000,1.0000,25.000,50.026,8.990,36.19
12501.00,5.000,9.572,0.582,0.582,0.000,0.000,1.0000,25.000,50.026,8.990,36.15
12506.00,5.000,9.572,0.581,0.581,0.000,0.000,1.0000,25.000,50.026,8.990,36.10
12511.00,5.000,9.571,0.581,0.581,0.000,0.000,1.0000,25.000,50.026,8.990,36.06
12516.00,5.000,9.571,0.581,0.581,0.000,0.000,1.0000,25.000,50.026,8.990,36.01
12521.00,5.000,9.571,0.580,0.580,0.000,0.000,1.0000,25.000,50.026,8.990,35.97
12526.00,5.000,9.570,0.580,0.580,0.000,0.000,1.0000,25.000,50.026,8.990,35.93
12531.00,5.000,9.570,0.579,0.579,0.000,0.000,1.0000,25.000,50.026,8.990,35.88
12536.00,5.000,9.569,0.579,0.579,0.000,0.000,1.0000,25.000,50.026,8.990,35.84
12541.00,5.000,9.569,0.578,0.578,0.000,0.000,1.0000,25.000,50.026,8.990,35.80
12546.00,5.000,9.568,0.578,0.578,0.000,0.000,1.0000,25.000,50.026,8.990,35.75
12551.00,5.000,9.568,0.577,0.577,0.000,0.000,1.0000,25.000,50.026,8.990,35.71
12556.00,5.000,9.567,0.577,0.577,0.000,0.000,1.0000,25.000,50.026,8.990,35.66
12561.00,5.000,9.567,0.576,0.576,0.000,0.000,1.0000,25.000,50.026,8.990,35.62
12566.00,5.000,9.566,0.576,0.576,0.000,0.000,1.0000,25.000,50.026,8.990,35.58
12571.00,5.000,9.566,0.575,0.575,0.000,0.000,1.0000,25.000,50.026,8.990,35.54
12576.00,5.000,9.565,0.575,0.575,0.000,0.000,1.0000,25.000,50.026,8.990,35.49
12581.00,5.000,9.565,0.575,0.575,0.000,0.000,1.0000,25.000,50.026,8.990,35.45
12586.00,5.000,9.565,0.574,0.574,0.000,0.000,1.0000,25.000,50.026,8.990,35.41
12591.00,5.000,9.564,0.574,0.574,0.000,0.000,1.0000,25.000,50.026,8.990,35.36
12596.00,5.000,9.564,0.573,0.573,0.000,0.000,1.0000,25.000,50.026,8.990,35.32
12601.00,5.000,9.563,0.573,0.573,0.000,0.000,1.0000,25.000,50.026,8.990,35.28
12606.00,5.000,9.563,0.572,0.572,0.000,0.000,1.0000,25.000,50.026,8.990,35.23
12611.00,5.000,9.562,0.572,0.572,0.000,0.000,1.0000,25.000,50.026,8.990,35.19
12616.00,5.000,9.562,0.571,0.571,0.000,0.000,1.0000,25.000,50.026,8.990,35.15
12621.00,5.000,9.561,0.571,0.571,0.000,0.000,1.0000,25.000,50.026,8.990,35.11
12626.00,5.000,9.561,0.570,0.570,0.000,0.000,1.0000,25.000,50.026,8.990,35.07
12631.00,5.000,9.560,0.570,0.570,0.000,0.000,1.0000,25.000,50.026,8.990,35.02
12636.00,5.000,9.560,0.570,0.570,0.000,0.000,1.0000,25.000,50.026,8.990,34.98
12641.00,5.000,9.560,0.569,0.569,0.000,0.000,1.0000,25.000,50.026,8.990,34.94
12646.00,5.000,9.559,0.569,0.569,0.000,0.000,1.0000,25.000,50.026,8.990,34.90
12651.00,5.000,9.559,0.568,0.568,0.000,0.000,1.0000,25.000,50.026,8.990,34.85
12656.00,5.000,9.558,0.568,0.568,0.000,0.000,1.0000,25.000,50.026,8.990,34.81
12661.00,5.000,9.558,0.567,0.567,0.000,0.000,1.0000,25.000,50.026,8.990,34.77
12666.00,5.000,9.557,0.567,0.567,0.000,0.000,1.0000,25.000,50.026,8.990,34.73
12671.00,5.000,9.557,0.566,0.566,0.000,0.000,1.0000,25.000,50.026,8.990,34.69
12676.00,5.000,9.556,0.566,0.566,0.000,0.000,1.0000,25.000,50.026,8.990,34.65
12681.00,5.000,9.556,0.565,0.565,0.000,0.000,1.0000,25.000,50.026,8.990,34.60
12686.00,5.000,9.555,0.565,0.565,0.000,0.000,1.0000,25.000,50.026,8.990,34.56
12691.00,5.000,9.555,0.565,0.565,0.000,0.000,1.0000,25.000,50.026,8.990,34.52
12696.00,5.000,9.555,0.564,0.564,0.000,0.000,1.0000,25.000,50.026,8.990,34.48
12701.00,5.000,9.554,0.564,0.564,0.000,0.000,1.0000,25.000,50.026,8.990,34.44
12706.00,5.000,9.554,0.563,0.563,0.000,0.000,1.0000,25.000,50.026,8.990,34.40
12711.00,5.000,9.553,0.563,0.563,0.000,0.000,1.0000,25.000,50.026,8.990,34.36
12716.00,5.000,9.553,0.562,0.562,0.000,0.000,1.0000,25.000,50.026,8.990,34.32
12721.00,5.000,9.552,0.562,0.562,0.000,0.000,1.0000,25.000,50.026,8.990,34.27
12726.00,5.000,9.552,0.561,0.561,0.000,0.000,1.0000,25.000,50.026,8.990,34.23
12731.00,5.000,9.551,0.561,0.561,0.000,0.000,1.0000,25.000,50.026,8.990,34.19
12736.00,5.000,9.551,0.561,0.561,0.000,0.000,1.0000,25.000,50.026,8.990,34.15
12741.00,5.000,9.551,0.560,0.560,0.000,0.000,1.0000,25.000,50.026,8.990,34.11
12746.00,5.000,9.550,0.560,0.560,0.000,0.000,1.0000,25.000,50.026,8.990,34.07
12751.00,5.000,9.550,0.559,0.559,0.000,0.000,1.0000,25.000,50.026,8.990,34.03
12756.00,5.000,9.549,0.559,0.559,0.000,0.000,1.0000,25.000,50.026,8.990,33.99
12761.00,5.000,9.549,0.558,0.558,0.000,0.000,1.0000,25.000,50.026,8.990,33.95
12766.00,5.000,9.548,0.558,0.558,0.000,0.000,1.0000,25.000,50.026,8.990,33.91
12771.00,5.000,9.548,0.558,0.558,0.000,0.000,1.0000,25.000,50.026,8.990,33.87
12776.00,5.000,9.548,0.557,0.557,0.000,0.000,1.0000,25.000,50.026,8.990,33.83
12781.00,5.000,9.547,0.557,0.557,0.000,0.000,1.0000,25.000,50.026,8.990,33.79
12786.00,5.000,9.547,0.556,0.556,0.000,0.000,1.0000,25.000,50.026,8.990,33.75
12791.00,5.000,9.546,0.556,0.556,0.000,0.000,1.0000,25.000,50.026,8.990,33.71
12796.00,5.000,9.546,0.555,0.555,0.000,0.000,1.0000,25.000,50.026,8.990,33.67
12801.00,5.000,9.545,0.555,0.555,0.000,0.000,1.0000,25.000,50.026,8.990,33.63
12806.00,5.000,9.545,0.554,0.554,0.000,0.000,1.0000,25.000,50.026,8.990,33.59
12811.00,5.000,9.545,0.554,0.554,0.000,0.000,1.0000,25.000,50.026,8.990,33.55
12816.00,5.000,9.544,0.554,0.554,0.000,0.000,1.0000,25.000,50.026,8.990,33.51
12821.00,5.000,9.544,0.553,0.553,0.000,0.000,1.0000,25.000,50.026,8.990,33.47
12826.00,5.000,9.543,0.553,0.553,0.000,0.000,1.0000,25.000,50.026,8.990,33.43
12831.00,5.000,9.543,0.552,0.552,0.000,0.000,1.0000,25.000,50.026,8.990,33.39
12836.00,5.000,9.542,0.552,0.552,0.000,0.000,1.0000,25.000,50.026,8.990,33.35
12841.00,5.000,9.542,0.551,0.551,0.000,0.000,1.0000,25.000,50.026,8.990,33.31
12846.00,5.000,9.542,0.551,0.551,0.000,0.000,1.0000,25.000,50.026,8.990,33.27
12851.00,5.000,9.541,0.551,0.551,0.000,0.000,1.0000,25.000,50.026,8.990,33.24
12856.00,5.000,9.541,0.550,0.550,0.000,0.000,1.0000,25.000,50.026,8.990,33.20
12861.00,5.000,9.540,0.550,0.550,0.000,0.000,1.0000,25.000,50.026,8.990,33.16
12866.00,5.000,9.540,0.549,0.549,0.000,0.000,1.0000,25.000,50.026,8.990,33.12
12871.00,5.000,9.539,0.549,0.549,0.000,0.000,1.0000,25.000,50.026,8.990,33.08
12876.00,5.000,9.539,0.548,0.548,0.000,0.000,1.0000,25.000,50.026,8.990,33.04
12881.00,5.000,9.539,0.548,0.548,0.000,0.000,1.0000,25.000,50.026,8.990,33.00
12886.00,5.000,9.538,0.548,0.548,0.000,0.000,1.0000,25.000,50.026,8.990,32.96
12891.00,5.000,9.538,0.547,0.547,0.000,0.000,1.0000,25.000,50.026,8.990,32.93
12896.00,5.000,9.537,0.547,0.547,0.000,0.000,1.0000,25.000,50.026,8.990,32.89
12901.00,5.000,9.537,0.546,0.546,0.000,0.000,1.0000,25.000,50.026,8.990,32.85
12906.00,5.000,9.536,0.546,0.546,0.000,0.000,1.0000,25.000,50.026,8.990,32.81
12911.00,5.000,9.536,0.546,0.546,0.000,0.000,1.0000,25.000,50.026,8.990,32.77
12916.00,5.000,9.536,0.545,0.545,0.000,0.000,1.0000,25.000,50.026,8.990,32.73
12921.00,5.000,9.535,0.545,0.545,0.000,0.000,1.0000,25.000,50.026,8.990,32.70
12926.00,5.000,9.535,0.544,0.544,0.000,0.000,1.0000,25.000,50.026,8.990,32.66
12931.00,5.000,9.534,0.544,0.544,0.000,0.000,1.0000,25.000,50.026,8.990,32.62
12936.00,5.000,9.534,0.543,0.543,0.000,0.000,1.0000,25.000,50.026,8.990,32.58
12941.00,5.000,9.533,0.543,0.543,0.000,0.000,1.0000,25.000,50.026,8.990,32.54
12946.00,5.000,9.533,0.543,0.543,0.000,0.000,1.0000,25.000,50.026,8.990,32.51
12951.00,5.000,9.533,0.542,0.542,0.000,0.000,1.0000,25.000,50.026,8.990,32.47
12956.00,5.000,9.532,0.542,0.542,0.000,0.000,1.0000,25.000,50.026,8.990,32.43
12961.00,5.000,9.532,0.541,0.541,0.000,0.000,1.0000,25.000,50.026,8.990,32.39
12966.00,5.000,9.531,0.541,0.541,0.000,0.000,1.0000,25.000,50.026,8.990,32.36
12971.00,5.000,9.531,0.541,0.541,0.000,0.000,1.0000,25.000,50.026,8.990,32.32
12976.00,5.000,9.531,0.540,0.540,0.000,0.000,1.0000,25.000,50.026,8.990,32.28
12981.00,5.000,9.530,0.540,0.540,0.000,0.000,1.0000,25.000,50.026,8.990,32.24
12986.00,5.000,9.530,0.539,0.539,0.000,0.000,1.0000,25.000,50.026,8.990,32.21
12991.00,5.000,9.529,0.539,0.539,0.000,0.000,1.0000,25.000,50.026,8.990,32.17
12996.00,5.000,9.529,0.538,0.538,0.000,0.000,1.0000,25.000,50.026,8.990,32.13
13001.00,5.000,9.529,0.538,0.538,0.000,0.000,1.0000,25.000,50.026,8.990,32.09
13006.00,5.000,9.528,0.538,0.538,0.000,0.000,1.0000,25.000,50.026,8.990,32.06
13011.00,5.000,9.528,0.537,0.537,0.000,0.000,1.0000,25.000,50.026,8.990,32.02
13016.00,5.000,9.527,0.537,0.537,0.000,0.000,1.0000,25.000,50.026,8.990,31.98
13021.00,5.000,9.527,0.536,0.536,0.000,0.000,1.0000,25.000,50.026,8.990,31.95
13026.00,5.000,9.526,0.536,0.536,0.000,0.000,1.0000,25.000,50.026,8.990,31.91
13031.00,5.000,9.526,0.536,0.536,0.000,0.000,1.0000,25.000,50.026,8.990,31.87
13036.00,5.000,9.526,0.535,0.535,0.000,0.000,1.0000,25.000,50.026,8.990,31.84
13041.00,5.000,9.525,0.535,0.535,0.000,0.000,1.0000,25.000,50.026,8.990,31.80
13046.00,5.000,9.525,0.534,0.534,0.000,0.000,1.0000,25.000,50.026,8.990,31.76
13051.00,5.000,9.524,0.534,0.534,0.000,0.000,1.0000,25.000,50.026,8.990,31.73
13056.00,5.000,9.524,0.534,0.534,0.000,0.000,1.0000,25.000,50.026,8.990,31.69
13061.00,5.000,9.524,0.533,0.533,0.000,0.000,1.0000,25.000,50.026,8.990,31.65
13066.00,5.000,9.523,0.533,0.533,0.000,0.000,1.0000,25.000,50.026,8.990,31.62
13071.00,5.000,9.523,0.532,0.532,0.000,0.000,1.0000,25.000,50.026,8.990,31.58
13076.00,5.000,9.522,0.532,0.532,0.000,0.000,1.0000,25.000,50.026,8.990,31.55
13081.00,5.000,9.522,0.532,0.532,0.000,0.000,1.0000,25.000,50.026,8.990,31.51
13086.00,5.000,9.522,0.531,0.531,0.000,0.000,1.0000,25.000,50.026,8.990,31.47
13091.00,5.000,9.521,0.531,0.531,0.000,0.000,1.0000,25.000,50.026,8.990,31.44
13096.00,5.000,9.521,0.530,0.530,0.000,0.000,1.0000,25.000,50.026,8.990,31.40
13101.00,5.000,9.520,0.530,0.530,0.000,0.000,1.0000,25.000,50.026,8.990,31.37
13106.00,5.000,9.520,0.530,0.530,0.000,0.000,1.0000,25.000,50.026,8.990,31.33
13111.00,5.000,9.520,0.529,0.529,0.000,0.000,1.0000,25.000,50.026,8.990,31.29
13116.00,5.000,9.519,0.529,0.529,0.000,0.000,1.0000,25.000,50.026,8.990,31.26
13121.00,5.000,9.519,0.528,0.528,0.000,0.000,1.0000,25.000,50.026,8.990,31.22
13126.00,5.000,9.518,0.528,0.528,0.000,0.000,1.0000,25.000,50.026,8.990,31.19
13131.00,5.000,9.518,0.528,0.528,0.000,0.000,1.0000,25.000,50.026,8.990,31.15
13136.00,5.000,9.518,0.527,0.527,0.000,0.000,1.0000,25.000,50.026,8.990,31.12
13141.00,5.000,9.517,0.527,0.527,0.000,0.000,1.0000,25.000,50.026,8.990,31.08
13146.00,5.000,9.517,0.526,0.526,0.000,0.000,1.0000,25.000,50.026,8.990,31.05
13151.00,5.000,9.516,0.526,0.526,0.000,0.000,1.0000,25.000,50.026,8.990,31.01
13156.00,5.000,9.516,0.526,0.526,0.000,0.000,1.0000,25.000,50.026,8.990,30.98
13161.00,5.000,9.516,0.525,0.525,0.000,0.000,1.0000,25.000,50.026,8.990,30.94
13166.00,5.000,9.515,0.525,0.525,0.000,0.000,1.0000,25.000,50.026,8.990,30.91
13171.00,5.000,9.515,0.524,0.524,0.000,0.000,1.0000,25.000,50.026,8.990,30.87
13176.00,5.000,9.515,0.524,0.524,0.000,0.000,1.0000,25.000,50.026,8.990,30.84
13181.00,5.000,9.514,0.524,0.524,0.000,0.000,1.0000,25.000,50.026,8.990,30.80
13186.00,5.000,9.514,0.523,0.523,0.000,0.000,1.0000,25.000,50.026,8.990,30.77
13191.00,5.000,9.513,0.523,0.523,0.000,0.000,1.0000,25.000,50.026,8.990,30.73
13196.00,5.000,9.513,0.522,0.522,0.000,0.000,1.0000,25.000,50.026,8.990,30.70
13201.00,5.000,9.513,0.522,0.522,0.000,0.000,1.0000,25.000,50.026,8.990,30.66
13206.00,5.000,9.512,0.522,0.522,0.000,0.000,1.0000,25.000,50.026,8.990,30.63
13211.00,5.000,9.512,0.521,0.521,0.000,0.000,1.0000,25.000,50.026,8.990,30.59
13216.00,5.000,9.511,0.521,0.521,0.000,0.000,1.0000,25.000,50.026,8.990,30.56
13221.00,5.000,9.511,0.521,0.521,0.000,0.000,1.0000,25.000,50.026,8.990,30.52
13226.00,5.000,9.511,0.520,0.520,0.000,0.000,1.0000,25.000,50.026,8.990,30.49
13231.00,5.000,9.510,0.520,0.520,0.000,0.000,1.0000,25.000,50.026,8.990,30.45
13236.00,5.000,9.510,0.519,0.519,0.000,0.000,1.0000,25.000,50.026,8.990,30.42
13241.00,5.000,9.509,0.519,0.519,0.000,0.000,1.0000,25.000,50.026,8.990,30.39
13246.00,5.000,9.509,0.519,0.519,0.000,0.000,1.0000,25.000,50.026,8.990,30.35
13251.00,5.000,9.509,0.518,0.518,0.000,0.000,1.0000,25.000,50.026,8.990,30.32
13256.00,5.000,9.508,0.518,0.518,0.000,0.000,1.0000,25.000,50.026,8.990,30.28
13261.00,5.000,9.508,0.517,0.517,0.000,0.000,1.0000,25.000,50.026,8.990,30.25
13266.00,5.000,9.508,0.517,0.517,0.000,0.000,1.0000,25.000,50.026,8.990,30.22
13271.00,5.000,9.507,0.517,0.517,0.000,0.000,1.0000,25.000,50.026,8.990,30.18
13276.00,5.000,9.507,0.516,0.516,0.000,0.000,1.0000,25.000,50.026,8.990,30.15
13281.00,5.000,9.506,0.516,0.516,0.000,0.000,1.0000,25.000,50.026,8.990,30.12
13286.00,5.000,9.506,0.516,0.516,0.000,0.000,1.0000,25.000,50.026,8.990,30.08
13291.00,5.000,9.506,0.515,0.515,0.000,0.000,1.0000,25.000,50.026,8.990,30.05
13296.00,5.000,9.505,0.515,0.515,0.000,0.000,1.0000,25.000,50.026,8.990,30.01
13301.00,5.000,9.505,0.514,0.514,0.000,0.000,1.0000,25.000,50.026,8.990,29.98
13306.00,5.000,9.505,0.514,0.514,0.000,0.000,1.0000,25.000,50.026,8.990,29.95
13311.00,5.000,9.504,0.514,0.514,0.000,0.000,1.0000,25.000,50.026,8.990,29.91
13316.00,5.000,9.504,0.513,0.513,0.000,0.000,1.0000,25.000,50.026,8.990,29.88
13321.00,5.000,9.503,0.513,0.513,0.000,0.000,1.0000,25.000,50.026,8.990,29.85
13326.00,5.000,9.503,0.513,0.513,0.000,0.000,1.0000,25.000,50.026,8.990,29.81
13331.00,5.000,9.503,0.512,0.512,0.000,0.000,1.0000,25.000,50.026,8.990,29.78
13336.00,5.000,9.502,0.512,0.512,0.000,0.000,1.0000,25.000,50.026,8.990,29.75
13341.00,5.000,9.502,0.511,0.511,0.000,0.000,1.0000,25.000,50.026,8.990,29.72
13346.00,5.000,9.501,0.511,0.511,0.000,0.000,1.0000,25.000,50.026,8.990,29.68
13351.00,5.000,9.501,0.511,0.511,0.000,0.000,1.0000,25.000,50.026,8.990,29.65
13356.00,5.000,9.501,0.510,0.510,0.000,0.000,1.0000,25.000,50.026,8.990,29.62
13361.00,5.000,9.500,0.510,0.510,0.000,0.000,1.0000,25.000,50.026,8.990,29.58
13366.00,5.000,9.500,0.510,0.510,0.000,0.000,1.0000,25.000,50.026,8.990,29.55
13371.00,5.000,9.500,0.509,0.509,0.000,0.000,1.0000,25.000,50.026,8.990,29.52
13376.00,5.000,9.499,0.509,0.509,0.000,0.000,1.0000,25.000,50.026,8.990,29.49
13381.00,5.000,9.499,0.508,0.508,0.000,0.000,1.0000,25.000,50.026,8.990,29.45
13386.00,5.000,9.499,0.508,0.508,0.000,0.000,1.0000,25.000,50.026,8.990,29.42
13391.00,5.000,9.498,0.508,0.508,0.000,0.000,1.0000,25.000,50.026,8.990,29.39
13396.00,5.000,9.498,0.507,0.507,0.000,0.000,1.0000,25.000,50.026,8.990,29.36
13401.00,5.000,9.497,0.507,0.507,0.000,0.000,1.0000,25.000,50.026,8.990,29.32
13406.00,5.000,9.497,0.507,0.507,0.000,0.000,1.0000,25.000,50.026,8.990,29.29
13411.00,5.000,9.497,0.506,0.506,0.000,0.000,1.0000,25.000,50.026,8.990,29.26
13416.00,5.000,9.496,0.506,0.506,0.000,0.000,1.0000,25.000,50.026,8.990,29.23
13421.00,5.000,9.496,0.505,0.505,0.000,0.000,1.0000,25.000,50.026,8.990,29.19
13426.00,5.000,9.496,0.505,0.505,0.000,0.000,1.0000,25.000,50.026,8.990,29.16
13431.00,5.000,9.495,0.505,0.505,0.000,0.000,1.0000,25.000,50.026,8.990,29.13
13436.00,5.000,9.495,0.504,0.504,0.000,0.000,1.0000,25.000,50.026,8.990,29.10
13441.00,5.000,9.494,0.504,0.504,0.000,0.000,1.0000,25.000,50.026,8.990,29.07
13446.00,5.000,9.494,0.504,0.504,0.000,0.000,1.0000,25.000,50.026,8.990,29.03
13451.00,5.000,9.494,0.503,0.503,0.000,0.000,1.0000,25.000,50.026,8.990,29.00
13456.00,5.000,9.493,0.503,0.503,0.000,0.000,1.0000,25.000,50.026,8.990,28.97
13461.00,5.000,9.493,0.503,0.503,0.000,0.000,1.0000,25.000,50.026,8.990,28.94
13466.00,5.000,9.493,0.502,0.502,0.000,0.000,1.0000,25.000,50.026,8.990,28.91
13471.00,5.000,9.492,0.502,0.502,0.000,0.000,1.0000,25.000,50.026,8.990,28.88
13476.00,5.000,9.492,0.501,0.501,0.000,0.000,1.0000,25.000,50.026,8.990,28.84
13481.00,5.000,9.492,0.501,0.501,0.000,0.000,1.0000,25.000,50.026,8.990,28.81
13486.00,5.000,9.491,0.501,0.501,0.000,0.000,1.0000,25.000,50.026,8.990,28.78
13491.00,5.000,9.491,0.500,0.500,0.000,0.000,1.0000,25.000,50.026,8.990,28.75
13496.00,5.000,9.490,0.500,0.500,0.000,0.000,1.0000,25.000,50.026,8.990,28.72
13501.00,5.000,9.490,0.500,0.500,0.000,0.000,1.0000,25.000,50.026,8.990,28.69
13506.00,5.000,9.490,0.499,0.499,0.000,0.000,1.0000,25.000,50.026,8.990,28.66
13511.00,5.000,9.489,0.499,0.499,0.000,0.000,1.0000,25.000,50.026,8.990,28.62
13516.00,5.000,9.489,0.499,0.499,0.000,0.000,1.0000,25.000,50.026,8.990,28.59
13521.00,5.000,9.489,0.498,0.498,0.000,0.000,1.0000,25.000,50.026,8.990,28.56
13526.00,5.000,9.488,0.498,0.498,0.000,0.000,1.0000,25.000,50.026,8.990,28.53
13531.00,5.000,9.488,0.497,0.497,0.000,0.000,1.0000,25.000,50.026,8.990,28.50
13536.00,5.000,9.488,0.497,0.497,0.000,0.000,1.0000,25.000,50.026,8.990,28.47
13541.00,5.000,9.487,0.497,0.497,0.000,0.000,1.0000,25.000,50.026,8.990,28.44
13546.00,5.000,9.487,0.496,0.496,0.000,0.000,1.0000,25.000,50.026,8.990,28.41
13551.00,5.000,9.487,0.496,0.496,0.000,0.000,1.0000,25.000,50.026,8.990,28.38
13556.00,5.000,9.486,0.496,0.496,0.000,0.000,1.0000,25.000,50.026,8.990,28.35
13561.00,5.000,9.486,0.495,0.495,0.000,0.000,1.0000,25.000,50.026,8.990,28.32
13566.00,5.000,9.485,0.495,0.495,0.000,0.000,1.0000,25.000,50.026,8.990,28.29
13571.00,5.000,9.485,0.495,0.495,0.000,0.000,1.0000,25.000,50.026,8.990,28.25
13576.00,5.000,9.485,0.494,0.494,0.000,0.000,1.0000,25.000,50.026,8.990,28.22
13581.00,5.000,9.484,0.494,0.494,0.000,0.000,1.0000,25.000,50.026,8.990,28.19
13586.00,5.000,9.484,0.494,0.494,0.000,0.000,1.0000,25.000,50.026,8.990,28.16
13591.00,5.000,9.484,0.493,0.493,0.000,0.000,1.0000,25.000,50.026,8.990,28.13
13596.00,5.000,9.483,0.493,0.493,0.000,0.000,1.0000,25.000,50.026,8.990,28.10
13601.00,5.000,9.483,0.493,0.493,0.000,0.000,1.0000,25.000,50.026,8.990,28.07
13606.00,5.000,9.483,0.492,0.492,0.000,0.000,1.0000,25.000,50.026,8.990,28.04
13611.00,5.000,9.482,0.492,0.492,0.000,0.000,1.0000,25.000,50.026,8.990,28.01
13616.00,5.000,9.482,0.491,0.491,0.000,0.000,1.0000,25.000,50.026,8.990,27.98
13621.00,5.000,9.482,0.491,0.491,0.000,0.000,1.0000,25.000,50.026,8.990,27.95
13626.00,5.000,9.481,0.491,0.491,0.000,0.000,1.0000,25.000,50.026,8.990,27.92
13631.00,5.000,9.481,0.490,0.490,0.000,0.000,1.0000,25.000,50.026,8.990,27.89
13636.00,5.000,9.481,0.490,0.490,0.000,0.000,1.0000,25.000,50.026,8.990,27.86
13641.00,5.000,9.480,0.490,0.490,0.000,0.000,1.0000,25.000,50.026,8.990,27.83
13646.00,5.000,9.480,0.489,0.489,0.000,0.000,1.0000,25.000,50.026,8.990,27.80
13651.00,5.000,9.480,0.489,0.489,0.000,0.000,1.0000,25.000,50.026,8.990,27.77
13656.00,5.000,9.479,0.489,0.489,0.000,0.000,1.0000,25.000,50.026,8.990,27.74
13661.00,5.000,9.479,0.488,0.488,0.000,0.000,1.0000,25.000,50.026,8.990,27.71
13666.00,5.000,9.479,0.488,0.488,0.000,0.000,1.0000,25.000,50.026,8.990,27.68
13671.00,5.000,9.478,0.488,0.488,0.000,0.000,1.0000,25.000,50.026,8.990,27.65
13676.00,5.000,9.478,0.487,0.487,0.000,0.000,1.0000,25.000,50.026,8.990,27.62
13681.00,5.000,9.477,0.487,0.487,0.000,0.000,1.0000,25.000,50.026,8.990,27.59
13686.00,5.000,9.477,0.487,0.487,0.000,0.000,1.0000,25.000,50.026,8.990,27.57
13691.00,5.000,9.477,0.486,0.486,0.000,0.000,1.0000,25.000,50.026,8.990,27.54
13696.00,5.000,9.476,0.486,0.486,0.000,0.000,1.0000,25.000,50.026,8.990,27.51
13701.00,5.000,9.476,0.486,0.486,0.000,0.000,1.0000,25.000,50.026,8.990,27.48
13706.00,5.000,9.476,0.485,0.485,0.000,0.000,1.0000,25.000,50.026,8.990,27.45
13711.00,5.000,9.475,0.485,0.485,0.000,0.000,1.0000,25.000,50.026,8.990,27.42
13716.00,5.000,9.475,0.485,0.485,0.000,0.000,1.0000,25.000,50.026,8.990,27.39
13721.00,5.000,9.475,0.484,0.484,0.000,0.000,1.0000,25.000,50.026,8.990,27.36
13726.00,5.000,9.474,0.484,0.484,0.000,0.000,1.0000,25.000,50.026,8.990,27.33
13731.00,5.000,9.474,0.484,0.484,0.000,0.000,1.0000,25.000,50.026,8.990,27.30
13736.00,5.000,9.474,0.483,0.483,0.000,0.000,1.0000,25.000,50.026,8.990,27.27
13741.00,5.000,9.473,0.483,0.483,0.000,0.000,1.0000,25.000,50.026,8.990,27.24
13746.00,5.000,9.473,0.483,0.483,0.000,0.000,1.0000,25.000,50.026,8.990,27.22
13751.00,5.000,9.473,0.482,0.482,0.000,0.000,1.0000,25.000,50.026,8.990,27.19
13756.00,5.000,9.472,0.482,0.482,0.000,0.000,1.0000,25.000,50.026,8.990,27.16
13761.00,5.000,9.472,0.482,0.482,0.000,0.000,1.0000,25.000,50.026,8.990,27.13
13766.00,5.000,9.472,0.481,0.481,0.000,0.000,1.0000,25.000,50.026,8.990,27.10
13771.00,5.000,9.471,0.481,0.481,0.000,0.000,1.0000,25.000,50.026,8.990,27.07
13776.00,5.000,9.471,0.481,0.481,0.000,0.000,1.0000,25.000,50.026,8.990,27.04
13781.00,5.000,9.471,0.480,0.480,0.000,0.000,1.0000,25.000,50.026,8.990,27.01
13786.00,5.000,9.470,0.480,0.480,0.000,0.000,1.0000,25.000,50.026,8.990,26.99
13791.00,5.000,9.470,0.480,0.480,0.000,0.000,1.0000,25.000,50.026,8.990,26.96
13796.00,5.000,9.470,0.479,0.479,0.000,0.000,1.0000,25.000,50.026,8.990,26.93
13801.00,5.000,9.469,0.479,0.479,0.000,0.000,1.0000,25.000,50.026,8.990,26.90
13806.00,5.000,9.469,0.479,0.479,0.000,0.000,1.0000,25.000,50.026,8.990,26.87
13811.00,5.000,9.469,0.478,0.478,0.000,0.000,1.0000,25.000,50.026,8.990,26.84
13816.00,5.000,9.468,0.478,0.478,0.000,0.000,1.0000,25.000,50.026,8.990,26.82
13821.00,5.000,9.468,0.478,0.478,0.000,0.000,1.0000,25.000,50.026,8.990,26.79
13826.00,5.000,9.468,0.477,0.477,0.000,0.000,1.0000,25.000,50.026,8.990,26.76
13831.00,5.000,9.467,0.477,0.477,0.000,0.000,1.0000,25.000,50.026,8.990,26.73
13836.00,5.000,9.467,0.477,0.477,0.000,0.000,1.0000,25.000,50.026,8.990,26.70
13841.00,5.000,9.467,0.476,0.476,0.000,0.000,1.0000,25.000,50.026,8.990,26.68
13846.00,5.000,9.466,0.476,0.476,0.000,0.000,1.0000,25.000,50.026,8.990,26.65
13851.00,5.000,9.466,0.476,0.476,0.000,0.000,1.0000,25.000,50.026,8.990,26.62
13856.00,5.000,9.466,0.475,0.475,0.000,0.000,1.0000,25.000,50.026,8.990,26.59
13861.00,5.000,9.465,0.475,0.475,0.000,0.000,1.0000,25.000,50.026,8.990,26.56
13866.00,5.000,9.465,0.475,0.475,0.000,0.000,1.0000,25.000,50.026,8.990,26.54
13871.00,5.000,9.465,0.474,0.474,0.000,0.000,1.0000,25.000,50.026,8.990,26.51
13876.00,5.000,9.464,0.474,0.474,0.000,0.000,1.0000,25.000,50.026,8.990,26.48
13881.00,5.000,9.464,0.474,0.474,0.000,0.000,1.0000,25.000,50.026,8.990,26.45
13886.00,5.000,9.464,0.473,0.473,0.000,0.000,1.0000,25.000,50.026,8.990,26.43
13891.00,5.000,9.463,0.473,0.473,0.000,0.000,1.0000,25.000,50.026,8.990,26.40
13896.00,5.000,9.463,0.473,0.473,0.000,0.000,1.0000,25.000,50.026,8.990,26.37
13901.00,5.000,9.463,0.472,0.472,0.000,0.000,1.0000,25.000,50.026,8.990,26.34
13906.00,5.000,9.462,0.472,0.472,0.000,0.000,1.0000,25.000,50.026,8.990,26.32
13911.00,5.000,9.462,0.472,0.472,0.000,0.000,1.0000,25.000,50.026,8.990,26.29
13916.00,5.000,9.462,0.471,0.471,0.000,0.000,1.0000,25.000,50.026,8.990,26.26
13921.00,5.000,9.461,0.471,0.471,0.000,0.000,1.0000,25.000,50.026,8.990,26.23
13926.00,5.000,9.461,0.471,0.471,0.000,0.000,1.0000,25.000,50.026,8.990,26.21
13931.00,5.000,9.461,0.470,0.470,0.000,0.000,1.0000,25.000,50.026,8.990,26.18
13936.00,5.000,9.461,0.470,0.470,0.000,0.000,1.0000,25.000,50.026,8.990,26.15
13941.00,5.000,9.460,0.470,0.470,0.000,0.000,1.0000,25.000,50.026,8.990,26.13
13946.00,5.000,9.460,0.469,0.469,0.000,0.000,1.0000,25.000,50.026,8.990,26.10
13951.00,5.000,9.460,0.469,0.469,0.000,0.000,1.0000,25.000,50.026,8.990,26.07
13956.00,5.000,9.459,0.469,0.469,0.000,0.000,1.0000,25.000,50.026,8.990,26.04
13961.00,5.000,9.459,0.468,0.468,0.000,0.000,1.0000,25.000,50.026,8.990,26.02
13966.00,5.000,9.459,0.468,0.468,0.000,0.000,1.0000,25.000,50.026,8.990,25.99
13971.00,5.000,9.458,0.468,0.468,0.000,0.000,1.0000,25.000,50.026,8.990,25.96
13976.00,5.000,9.458,0.467,0.467,0.000,0.000,1.0000,25.000,50.026,8.990,25.94
13981.00,5.000,9.458,0.467,0.467,0.000,0.000,1.0000,25.000,50.026,8.990,25.91
13986.00,5.000,9.457,0.467,0.467,0.000,0.000,1.0000,25.000,50.026,8.990,25.88
13991.00,5.000,9.457,0.467,0.467,0.000,0.000,1.0000,25.000,50.026,8.990,25.86
13996.00,5.000,9.457,0.466,0.466,0.000,0.000,1.0000,25.000,50.026,8.990,25.83
14001.00,5.000,9.456,0.466,0.466,0.000,0.000,1.0000,25.000,50.026,8.990,25.80
14006.00,5.000,9.456,0.466,0.466,0.000,0.000,1.0000,25.000,50.026,8.990,25.78
14011.00,5.000,9.456,0.465,0.465,0.000,0.000,1.0000,25.000,50.026,8.990,25.75
14016.00,5.000,9.455,0.465,0.465,0.000,0.000,1.0000,25.000,50.026,8.990,25.72
14021.00,5.000,9.455,0.465,0.465,0.000,0.000,1.0000,25.000,50.026,8.990,25.70
14026.00,5.000,9.455,0.464,0.464,0.000,0.000,1.0000,25.000,50.026,8.990,25.67
14031.00,5.000,9.454,0.464,0.464,0.000,0.000,1.0000,25.000,50.026,8.990,25.65
14036.00,5.000,9.454,0.464,0.464,0.000,0.000,1.0000,25.000,50.026,8.990,25.62
14041.00,5.000,9.454,0.463,0.463,0.000,0.000,1.0000,25.000,50.026,8.990,25.59
14046.00,5.000,9.454,0.463,0.463,0.000,0.000,1.0000,25.000,50.026,8.990,25.57
14051.00,5.000,9.453,0.463,0.463,0.000,0.000,1.0000,25.000,50.026,8.990,25.54
14056.00,5.000,9.453,0.462,0.462,0.000,0.000,1.0000,25.000,50.026,8.990,25.51
14061.00,5.000,9.453,0.462,0.462,0.000,0.000,1.0000,25.000,50.026,8.990,25.49
14066.00,5.000,9.452,0.462,0.462,0.000,0.000,1.0000,25.000,50.026,8.990,25.46
14071.00,5.000,9.452,0.461,0.461,0.000,0.000,1.0000,25.000,50.026,8.990,25.44
14076.00,5.000,9.452,0.461,0.461,0.000,0.000,1.0000,25.000,50.026,8.990,25.41
14081.00,5.000,9.451,0.461,0.461,0.000,0.000,1.0000,25.000,50.026,8.990,25.38
14086.00,5.000,9.451,0.461,0.461,0.000,0.000,1.0000,25.000,50.026,8.990,25.36
14091.00,5.000,9.451,0.460,0.460,0.000,0.000,1.0000,25.000,50.026,8.990,25.33
14096.00,5.000,9.450,0.460,0.460,0.000,0.000,1.0000,25.000,50.026,8.990,25.31
14101.00,5.000,9.450,0.460,0.460,0.000,0.000,1.0000,25.000,50.026,8.990,25.28
14106.00,5.000,9.450,0.459,0.459,0.000,0.000,1.0000,25.000,50.026,8.990,25.26
14111.00,5.000,9.449,0.459,0.459,0.000,0.000,1.0000,25.000,50.026,8.990,25.23
14116.00,5.000,9.449,0.459,0.459,0.000,0.000,1.0000,25.000,50.026,8.990,25.20
14121.00,5.000,9.449,0.458,0.458,0.000,0.000,1.0000,25.000,50.026,8.990,25.18
14126.00,5.000,9.449,0.458,0.458,0.000,0.000,1.0000,25.000,50.026,8.990,25.15
14131.00,5.000,9.448,0.458,0.458,0.000,0.000,1.0000,25.000,50.026,8.990,25.13
14136.00,5.000,9.448,0.457,0.457,0.000,0.000,1.0000,25.000,50.026,8.990,25.10
14141.00,5.000,9.448,0.457,0.457,0.000,0.000,1.0000,25.000,50.026,8.990,25.08
14146.00,5.000,9.447,0.457,0.457,0.000,0.000,1.0000,25.000,50.026,8.990,25.05
14151.00,5.000,9.447,0.457,0.457,0.000,0.000,1.0000,25.000,50.026,8.990,25.03
14156.00,5.000,9.447,0.456,0.456,0.000,0.000,1.0000,25.000,50.026,8.990,25.00
14161.00,5.000,9.446,0.456,0.456,0.000,0.000,1.0000,25.000,50.026,8.990,24.98
14166.00,5.000,9.446,0.456,0.456,0.000,0.000,1.0000,25.000,50.026,8.990,24.95
14171.00,5.000,9.446,0.455,0.455,0.000,0.000,1.0000,25.000,50.026,8.990,24.93
14176.00,5.000,9.446,0.455,0.455,0.000,0.000,1.0000,25.000,50.026,8.990,24.90
14181.00,5.000,9.445,0.455,0.455,0.000,0.000,1.0000,25.000,50.026,8.990,24.88
14186.00,5.000,9.445,0.454,0.454,0.000,0.000,1.0000,25.000,50.026,8.990,24.85
14191.00,5.000,9.445,0.454,0.454,0.000,0.000,1.0000,25.000,50.026,8.990,24.83
14196.00,5.000,9.444,0.454,0.454,0.000,0.000,1.0000,25.000,50.026,8.990,24.80
14201.00,5.000,9.444,0.454,0.454,0.000,0.000,1.0000,25.000,50.026,8.990,24.78
14206.00,5.000,9.444,0.453,0.453,0.000,0.000,1.0000,25.000,50.026,8.990,24.75
14211.00,5.000,9.443,0.453,0.453,0.000,0.000,1.0000,25.000,50.026,8.990,24.73
14216.00,5.000,9.443,0.453,0.453,0.000,0.000,1.0000,25.000,50.026,8.990,24.70
14221.00,5.000,9.443,0.452,0.452,0.000,0.000,1.0000,25.000,50.026,8.990,24.68
14226.00,5.000,9.443,0.452,0.452,0.000,0.000,1.0000,25.000,50.026,8.990,24.65
14231.00,5.000,9.442,0.452,0.452,0.000,0.000,1.0000,25.000,50.026,8.990,24.63
14236.00,5.000,9.442,0.451,0.451,0.000,0.000,1.0000,25.000,50.026,8.990,24.60
14241.00,5.000,9.442,0.451,0.451,0.000,0.000,1.0000,25.000,50.026,8.990,24.58
14246.00,5.000,9.441,0.451,0.451,0.000,0.000,1.0000,25.000,50.026,8.990,24.55
14251.00,5.000,9.441,0.451,0.451,0.000,0.000,1.0000,25.000,50.026,8.990,24.53
14256.00,5.000,9.441,0.450,0.450,0.000,0.000,1.0000,25.000,50.026,8.990,24.50
14261.00,5.000,9.440,0.450,0.450,0.000,0.000,1.0000,25.000,50.026,8.990,24.48
14266.00,5.000,9.440,0.450,0.450,0.000,0.000,1.0000,25.000,50.026,8.990,24.45
14271.00,5.000,9.440,0.449,0.449,0.000,0.000,1.0000,25.000,50.026,8.990,24.43
14276.00,5.000,9.440,0.449,0.449,0.000,0.000,1.0000,25.000,50.026,8.990,24.41
14281.00,5.000,9.439,0.449,0.449,0.000,0.000,1.0000,25.000,50.026,8.990,24.38
14286.00,5.000,9.439,0.448,0.448,0.000,0.000,1.0000,25.000,50.026,8.990,24.36
14291.00,5.000,9.439,0.448,0.448,0.000,0.000,1.0000,25.000,50.026,8.990,24.33
14296.00,5.000,9.438,0.448,0.448,0.000,0.000,1.0000,25.000,50.026,8.990,24.31
14301.00,5.000,9.438,0.448,0.448,0.000,0.000,1.0000,25.000,50.026,8.990,24.28
14306.00,5.000,9.438,0.447,0.447,0.000,0.000,1.0000,25.000,50.026,8.990,24.26
14311.00,5.000,9.437,0.447,0.447,0.000,0.000,1.0000,25.000,50.026,8.990,24.24
14316.00,5.000,9.437,0.447,0.447,0.000,0.000,1.0000,25.000,50.026,8.990,24.21
14321.00,5.000,9.437,0.446,0.446,0.000,0.000,1.0000,25.000,50.026,8.990,24.19
14326.00,5.000,9.437,0.446,0.446,0.000,0.000,1.0000,25.000,50.026,8.990,24.16
14331.00,5.000,9.436,0.446,0.446,0.000,0.000,1.0000,25.000,50.026,8.990,24.14
14336.00,5.000,9.436,0.446,0.446,0.000,0.000,1.0000,25.000,50.026,8.990,24.12
14341.00,5.000,9.436,0.445,0.445,0.000,0.000,1.0000,25.000,50.026,8.990,24.09
14346.00,5.000,9.435,0.445,0.445,0.000,0.000,1.0000,25.000,50.026,8.990,24.07
14351.00,5.000,9.435,0.445,0.445,0.000,0.000,1.0000,25.000,50.026,8.990,24.05
14356.00,5.000,9.435,0.444,0.444,0.000,0.000,1.0000,25.000,50.026,8.990,24.02
14361.00,5.000,9.435,0.444,0.444,0.000,0.000,1.0000,25.000,50.026,8.990,24.00
14366.00,5.000,9.434,0.444,0.444,0.000,0.000,1.0000,25.000,50.026,8.990,23.97
14371.00,5.000,9.434,0.443,0.443,0.000,0.000,1.0000,25.000,50.026,8.990,23.95
14376.00,5.000,9.434,0.443,0.443,0.000,0.000,1.0000,25.000,50.026,8.990,23.93
14381.00,5.000,9.433,0.443,0.443,0.000,0.000,1.0000,25.000,50.026,8.990,23.90
14386.00,5.000,9.433,0.443,0.443,0.000,0.000,1.0000,25.000,50.026,8.990,23.88
14391.00,5.000,9.433,0.442,0.442,0.000,0.000,1.0000,25.000,50.026,8.990,23.86
14396.00,5.000,9.433,0.442,0.442,0.000,0.000,1.0000,25.000,50.026,8.990,23.83
14401.00,5.000,9.432,0.442,0.442,0.000,0.000,1.0000,25.000,50.026,8.990,23.81
14406.00,5.000,9.432,0.441,0.441,0.000,0.000,1.0000,25.000,50.026,8.990,23.79
14411.00,5.000,9.432,0.441,0.441,0.000,0.000,1.0000,25.000,50.026,8.990,23.76
14416.00,5.000,9.431,0.441,0.441,0.000,0.000,1.0000,25.000,50.026,8.990,23.74
14421.00,5.000,9.431,0.441,0.441,0.000,0.000,1.0000,25.000,50.026,8.990,23.72
14426.00,5.000,9.431,0.440,0.440,0.000,0.000,1.0000,25.000,50.026,8.990,23.69
14431.00,5.000,9.431,0.440,0.440,0.000,0.000,1.0000,25.000,50.026,8.990,23.67
14436.00,5.000,9.430,0.440,0.440,0.000,0.000,1.0000,25.000,50.026,8.990,23.65
14441.00,5.000,9.430,0.439,0.439,0.000,0.000,1.0000,25.000,50.026,8.990,23.62
14446.00,5.000,9.430,0.439,0.439,0.000,0.000,1.0000,25.000,50.026,8.990,23.60
14451.00,5.000,9.429,0.439,0.439,0.000,0.000,1.0000,25.000,50.026,8.990,23.58
14456.00,5.000,9.429,0.439,0.439,0.000,0.000,1.0000,25.000,50.026,8.990,23.55
14461.00,5.000,9.429,0.438,0.438,0.000,0.000,1.0000,25.000,50.026,8.990,23.53
14466.00,5.000,9.429,0.438,0.438,0.000,0.000,1.0000,25.000,50.026,8.990,23.51
14471.00,5.000,9.428,0.438,0.438,0.000,0.000,1.0000,25.000,50.026,8.990,23.49
14476.00,5.000,9.428,0.437,0.437,0.000,0.000,1.0000,25.000,50.026,8.990,23.46
14481.00,5.000,9.428,0.437,0.437,0.000,0.000,1.0000,25.000,50.026,8.990,23.44
14486.00,5.000,9.427,0.437,0.437,0.000,0.000,1.0000,25.000,50.026,8.990,23.42
14491.00,5.000,9.427,0.437,0.437,0.000,0.000,1.0000,25.000,50.026,8.990,23.39
14496.00,5.000,9.427,0.436,0.436,0.000,0.000,1.0000,25.000,50.026,8.990,23.37
14501.00,5.000,9.427,0.436,0.436,0.000,0.000,1.0000,25.000,50.026,8.990,23.35
14506.00,5.000,9.426,0.436,0.436,0.000,0.000,1.0000,25.000,50.026,8.990,23.33
14511.00,5.000,9.426,0.436,0.436,0.000,0.000,1.0000,25.000,50.026,8.990,23.30
14516.00,5.000,9.426,0.435,0.435,0.000,0.000,1.0000,25.000,50.026,8.990,23.28
14521.00,5.000,9.425,0.435,0.435,0.000,0.000,1.0000,25.000,50.026,8.990,23.26
14526.00,5.000,9.425,0.435,0.435,0.000,0.000,1.0000,25.000,50.026,8.990,23.24
14531.00,5.000,9.425,0.434,0.434,0.000,0.000,1.0000,25.000,50.026,8.990,23.21
14536.00,5.000,9.425,0.434,0.434,0.000,0.000,1.0000,25.000,50.026,8.990,23.19
14541.00,5.000,9.424,0.434,0.434,0.000,0.000,1.0000,25.000,50.026,8.990,23.17
14546.00,5.000,9.424,0.434,0.434,0.000,0.000,1.0000,25.000,50.026,8.990,23.15
14551.00,5.000,9.424,0.433,0.433,0.000,0.000,1.0000,25.000,50.026,8.990,23.12
14556.00,5.000,9.424,0.433,0.433,0.000,0.000,1.0000,25.000,50.026,8.990,23.10
14561.00,5.000,9.423,0.433,0.433,0.000,0.000,1.0000,25.000,50.026,8.990,23.08
14566.00,5.000,9.423,0.432,0.432,0.000,0.000,1.0000,25.000,50.026,8.990,23.06
14571.00,5.000,9.423,0.432,0.432,0.000,0.000,1.0000,25.000,50.026,8.990,23.03
14576.00,5.000,9.422,0.432,0.432,0.000,0.000,1.0000,25.000,50.026,8.990,23.01
14581.00,5.000,9.422,0.432,0.432,0.000,0.000,1.0000,25.000,50.026,8.990,22.99
14586.00,5.000,9.422,0.431,0.431,0.000,0.000,1.0000,25.000,50.026,8.990,22.97
14591.00,5.000,9.422,0.431,0.431,0.000,0.000,1.0000,25.000,50.026,8.990,22.95
14596.00,5.000,9.421,0.431,0.431,0.000,0.000,1.0000,25.000,50.026,8.990,22.92
14601.00,5.000,9.421,0.431,0.431,0.000,0.000,1.0000,25.000,50.026,8.990,22.90
14606.00,5.000,9.421,0.430,0.430,0.000,0.000,1.0000,25.000,50.026,8.990,22.88
14611.00,5.000,9.420,0.430,0.430,0.000,0.000,1.0000,25.000,50.026,8.990,22.86
14616.00,5.000,9.420,0.430,0.430,0.000,0.000,1.0000,25.000,50.026,8.990,22.84
14621.00,5.000,9.420,0.429,0.429,0.000,0.000,1.0000,25.000,50.026,8.990,22.81
14626.00,5.000,9.420,0.429,0.429,0.000,0.000,1.0000,25.000,50.026,8.990,22.79
14631.00,5.000,9.419,0.429,0.429,0.000,0.000,1.0000,25.000,50.026,8.990,22.77
14636.00,5.000,9.419,0.429,0.429,0.000,0.000,1.0000,25.000,50.026,8.990,22.75
14641.00,5.000,9.419,0.428,0.428,0.000,0.000,1.0000,25.000,50.026,8.990,22.73
14646.00,5.000,9.419,0.428,0.428,0.000,0.000,1.0000,25.000,50.026,8.990,22.71
14651.00,5.000,9.418,0.428,0.428,0.000,0.000,1.0000,25.000,50.026,8.990,22.68
14656.00,5.000,9.418,0.428,0.428,0.000,0.000,1.0000,25.000,50.026,8.990,22.66
14661.00,5.000,9.418,0.427,0.427,0.000,0.000,1.0000,25.000,50.026,8.990,22.64
14666.00,5.000,9.418,0.427,0.427,0.000,0.000,1.0000,25.000,50.026,8.990,22.62
14671.00,5.000,9.417,0.427,0.427,0.000,0.000,1.0000,25.000,50.026,8.990,22.60
14676.00,5.000,9.417,0.426,0.426,0.000,0.000,1.0000,25.000,50.026,8.990,22.58
14681.00,5.000,9.417,0.426,0.426,0.000,0.000,1.0000,25.000,50.026,8.990,22.55
14686.00,5.000,9.416,0.426,0.426,0.000,0.000,1.0000,25.000,50.026,8.990,22.53
14691.00,5.000,9.416,0.426,0.426,0.000,0.000,1.0000,25.000,50.026,8.990,22.51
14696.00,5.000,9.416,0.425,0.425,0.000,0.000,1.0000,25.000,50.026,8.990,22.49
14701.00,5.000,9.416,0.425,0.425,0.000,0.000,1.0000,25.000,50.026,8.990,22.47
14706.00,5.000,9.415,0.425,0.425,0.000,0.000,1.0000,25.000,50.026,8.990,22.45
14711.00,5.000,9.415,0.425,0.425,0.000,0.000,1.0000,25.000,50.026,8.990,22.43
14716.00,5.000,9.415,0.424,0.424,0.000,0.000,1.0000,25.000,50.026,8.990,22.41
14721.00,5.000,9.415,0.424,0.424,0.000,0.000,1.0000,25.000,50.026,8.990,22.38
14726.00,5.000,9.414,0.424,0.424,0.000,0.000,1.0000,25.000,50.026,8.990,22.36
14731.00,5.000,9.414,0.424,0.424,0.000,0.000,1.0000,25.000,50.026,8.990,22.34
14736.00,5.000,9.414,0.423,0.423,0.000,0.000,1.0000,25.000,50.026,8.990,22.32
14741.00,5.000,9.414,0.423,0.423,0.000,0.000,1.0000,25.000,50.026,8.990,22.30
14746.00,5.000,9.413,0.423,0.423,0.000,0.000,1.0000,25.000,50.026,8.990,22.28
14751.00,5.000,9.413,0.423,0.423,0.000,0.000,1.0000,25.000,50.026,8.990,22.26
14756.00,5.000,9.413,0.422,0.422,0.000,0.000,1.0000,25.000,50.026,8.990,22.24
14761.00,5.000,9.412,0.422,0.422,0.000,0.000,1.0000,25.000,50.026,8.990,22.22
14766.00,5.000,9.412,0.422,0.422,0.000,0.000,1.0000,25.000,50.026,8.990,22.19
14771.00,5.000,9.412,0.421,0.421,0.000,0.000,1.0000,25.000,50.026,8.990,22.17
14776.00,5.000,9.412,0.421,0.421,0.000,0.000,1.0000,25.000,50.026,8.990,22.15
14781.00,5.000,9.411,0.421,0.421,0.000,0.000,1.0000,25.000,50.026,8.990,22.13
14786.00,5.000,9.411,0.421,0.421,0.000,0.000,1.0000,25.000,50.026,8.990,22.11
14791.00,5.000,9.411,0.420,0.420,0.000,0.000,1.0000,25.000,50.026,8.990,22.09
14796.00,5.000,9.411,0.420,0.420,0.000,0.000,1.0000,25.000,50.026,8.990,22.07
14801.00,5.000,9.410,0.420,0.420,0.000,0.000,1.0000,25.000,50.026,8.990,22.05
14806.00,5.000,9.410,0.420,0.420,0.000,0.000,1.0000,25.000,50.026,8.990,22.03
14811.00,5.000,9.410,0.419,0.419,0.000,0.000,1.0000,25.000,50.026,8.990,22.01
14816.00,5.000,9.410,0.419,0.419,0.000,0.000,1.0000,25.000,50.026,8.990,21.99
14821.00,5.000,9.409,0.419,0.419,0.000,0.000,1.0000,25.000,50.026,8.990,21.97
14826.00,5.000,9.409,0.419,0.419,0.000,0.000,1.0000,25.000,50.026,8.990,21.95
14831.00,5.000,9.409,0.418,0.418,0.000,0.000,1.0000,25.000,50.026,8.990,21.93
14836.00,5.000,9.409,0.418,0.418,0.000,0.000,1.0000,25.000,50.026,8.990,21.90
14841.00,5.000,9.408,0.418,0.418,0.000,0.000,1.0000,25.000,50.026,8.990,21.88
14846.00,5.000,9.408,0.418,0.418,0.000,0.000,1.0000,25.000,50.026,8.990,21.86
14851.00,5.000,9.408,0.417,0.417,0.000,0.000,1.0000,25.000,50.026,8.990,21.84
14856.00,5.000,9.408,0.417,0.417,0.000,0.000,1.0000,25.000,50.026,8.990,21.82
14861.00,5.000,9.407,0.417,0.417,0.000,0.000,1.0000,25.000,50.026,8.990,21.80
14866.00,5.000,9.407,0.417,0.417,0.000,0.000,1.0000,25.000,50.026,8.990,21.78
14871.00,5.000,9.407,0.416,0.416,0.000,0.000,1.0000,25.000,50.026,8.990,21.76
14876.00,5.000,9.406,0.416,0.416,0.000,0.000,1.0000,25.000,50.026,8.990,21.74
14881.00,5.000,9.406,0.416,0.416,0.000,0.000,1.0000,25.000,50.026,8.990,21.72
14886.00,5.000,9.406,0.416,0.416,0.000,0.000,1.0000,25.000,50.026,8.990,21.70
14891.00,5.000,9.406,0.415,0.415,0.000,0.000,1.0000,25.000,50.026,8.990,21.68
14896.00,5.000,9.405,0.415,0.415,0.000,0.000,1.0000,25.000,50.026,8.990,21.66
14901.00,5.000,9.405,0.415,0.415,0.000,0.000,1.0000,25.000,50.026,8.990,21.64
14906.00,5.000,9.405,0.414,0.414,0.000,0.000,1.0000,25.000,50.026,8.990,21.62
14911.00,5.000,9.405,0.414,0.414,0.000,0.000,1.0000,25.000,50.026,8.990,21.60
14916.00,5.000,9.404,0.414,0.414,0.000,0.000,1.0000,25.000,50.026,8.990,21.58
14921.00,5.000,9.404,0.414,0.414,0.000,0.000,1.0000,25.000,50.026,8.990,21.56
14926.00,5.000,9.404,0.413,0.413,0.000,0.000,1.0000,25.000,50.026,8.990,21.54
14931.00,5.000,9.404,0.413,0.413,0.000,0.000,1.0000,25.000,50.026,8.990,21.52
14936.00,5.000,9.403,0.413,0.413,0.000,0.000,1.0000,25.000,50.026,8.990,21.50
14941.00,5.000,9.403,0.413,0.413,0.000,0.000,1.0000,25.000,50.026,8.990,21.48
14946.00,5.000,9.403,0.412,0.412,0.000,0.000,1.0000,25.000,50.026,8.990,21.46
14951.00,5.000,9.403,0.412,0.412,0.000,0.000,1.0000,25.000,50.026,8.990,21.44
14956.00,5.000,9.402,0.412,0.412,0.000,0.000,1.0000,25.000,50.026,8.990,21.42
14961.00,5.000,9.402,0.412,0.412,0.000,0.000,1.0000,25.000,50.026,8.990,21.40
14966.00,5.000,9.402,0.411,0.411,0.000,0.000,1.0000,25.000,50.026,8.990,21.38
14971.00,5.000,9.402,0.411,0.411,0.000,0.000,1.0000,25.000,50.026,8.990,21.36
14976.00,5.000,9.401,0.411,0.411,0.000,0.000,1.0000,25.000,50.026,8.990,21.34
14981.00,5.000,9.401,0.411,0.411,0.000,0.000,1.0000,25.000,50.026,8.990,21.32
14986.00,5.000,9.401,0.410,0.410,0.000,0.000,1.0000,25.000,50.026,8.990,21.30
14991.00,5.000,9.401,0.410,0.410,0.000,0.000,1.0000,25.000,50.026,8.990,21.28
14996.00,5.000,9.400,0.410,0.410,0.000,0.000,1.0000,25.000,50.026,8.990,21.27
15001.00,5.000,9.400,0.410,0.410,0.000,0.000,1.0000,25.000,50.026,8.990,21.25
15006.00,5.000,9.400,0.409,0.409,0.000,0.000,1.0000,25.000,50.026,8.990,21.23
15011.00,5.000,9.400,0.409,0.409,0.000,0.000,1.0000,25.000,50.026,8.990,21.21
15016.00,5.000,9.399,0.409,0.409,0.000,0.000,1.0000,25.000,50.026,8.990,21.19
15021.00,5.000,9.399,0.409,0.409,0.000,0.000,1.0000,25.000,50.026,8.990,21.17
15026.00,5.000,9.399,0.408,0.408,0.000,0.000,1.0000,25.000,50.026,8.990,21.15
15031.00,5.000,9.399,0.408,0.408,0.000,0.000,1.0000,25.000,50.026,8.990,21.13
15036.00,5.000,9.398,0.408,0.408,0.000,0.000,1.0000,25.000,50.026,8.990,21.11
15041.00,5.000,9.398,0.408,0.408,0.000,0.000,1.0000,25.000,50.026,8.990,21.09
15046.00,5.000,9.398,0.407,0.407,0.000,0.000,1.0000,25.000,50.026,8.990,21.07
15051.00,5.000,9.398,0.407,0.407,0.000,0.000,1.0000,25.000,50.026,8.990,21.05
15056.00,5.000,9.397,0.407,0.407,0.000,0.000,1.0000,25.000,50.026,8.990,21.03
15061.00,5.000,9.397,0.407,0.407,0.000,0.000,1.0000,25.000,50.026,8.990,21.01
15066.00,5.000,9.397,0.407,0.407,0.000,0.000,1.0000,25.000,50.026,8.990,20.99
15071.00,5.000,9.397,0.406,0.406,0.000,0.000,1.0000,25.000,50.026,8.990,20.98
15076.00,5.000,9.396,0.406,0.406,0.000,0.000,1.0000,25.000,50.026,8.990,20.96
15081.00,5.000,9.396,0.406,0.406,0.000,0.000,1.0000,25.000,50.026,8.990,20.94
15086.00,5.000,9.396,0.406,0.406,0.000,0.000,1.0000,25.000,50.026,8.990,20.92
15091.00,5.000,9.396,0.405,0.405,0.000,0.000,1.0000,25.000,50.026,8.990,20.90
15096.00,5.000,9.396,0.405,0.405,0.000,0.000,1.0000,25.000,50.026,8.990,20.88
15101.00,5.000,9.395,0.405,0.405,0.000,0.000,1.0000,25.000,50.026,8.990,20.86
15106.00,5.000,9.395,0.405,0.405,0.000,0.000,1.0000,25.000,50.026,8.990,20.84
15111.00,5.000,9.395,0.404,0.404,0.000,0.000,1.0000,25.000,50.026,8.990,20.82
15116.00,5.000,9.395,0.404,0.404,0.000,0.000,1.0000,25.000,50.026,8.990,20.81
15121.00,5.000,9.394,0.404,0.404,0.000,0.000,1.0000,25.000,50.026,8.990,20.79
15126.00,5.000,9.394,0.404,0.404,0.000,0.000,1.0000,25.000,50.026,8.990,20.77
15131.00,5.000,9.394,0.403,0.403,0.000,0.000,1.0000,25.000,50.026,8.990,20.75
15136.00,5.000,9.394,0.403,0.403,0.000,0.000,1.0000,25.000,50.026,8.990,20.73
15141.00,5.000,9.393,0.403,0.403,0.000,0.000,1.0000,25.000,50.026,8.990,20.71
15146.00,5.000,9.393,0.403,0.403,0.000,0.000,1.0000,25.000,50.026,8.990,20.69
15151.00,5.000,9.393,0.402,0.402,0.000,0.000,1.0000,25.000,50.026,8.990,20.67
15156.00,5.000,9.393,0.402,0.402,0.000,0.000,1.0000,25.000,50.026,8.990,20.66
15161.00,5.000,9.392,0.402,0.402,0.000,0.000,1.0000,25.000,50.026,8.990,20.64
15166.00,5.000,9.392,0.402,0.402,0.000,0.000,1.0000,25.000,50.026,8.990,20.62
15171.00,5.000,9.392,0.401,0.401,0.000,0.000,1.0000,25.000,50.026,8.990,20.60
15176.00,5.000,9.392,0.401,0.401,0.000,0.000,1.0000,25.000,50.026,8.990,20.58
15181.00,5.000,9.391,0.401,0.401,0.000,0.000,1.0000,25.000,50.026,8.990,20.56
15186.00,5.000,9.391,0.401,0.401,0.000,0.000,1.0000,25.000,50.026,8.990,20.54
15191.00,5.000,9.391,0.400,0.400,0.000,0.000,1.0000,25.000,50.026,8.990,20.53
15196.00,5.000,9.391,0.400,0.400,0.000,0.000,1.0000,25.000,50.026,8.990,20.51
15201.00,5.000,9.390,0.400,0.400,0.000,0.000,1.0000,25.000,50.026,8.990,20.49
15206.00,5.000,9.390,0.400,0.400,0.000,0.000,1.0000,25.000,50.026,8.990,20.47
15211.00,5.000,9.390,0.400,0.400,0.000,0.000,1.0000,25.000,50.026,8.990,20.45
15216.00,5.000,9.390,0.399,0.399,0.000,0.000,1.0000,25.000,50.026,8.990,20.43
15221.00,5.000,9.390,0.399,0.399,0.000,0.000,1.0000,25.000,50.026,8.990,20.42
15226.00,5.000,9.389,0.399,0.399,0.000,0.000,1.0000,25.000,50.026,8.990,20.40
15231.00,5.000,9.389,0.399,0.399,0.000,0.000,1.0000,25.000,50.026,8.990,20.38
15236.00,5.000,9.389,0.398,0.398,0.000,0.000,1.0000,25.000,50.026,8.990,20.36
15241.00,5.000,9.389,0.398,0.398,0.000,0.000,1.0000,25.000,50.026,8.990,20.34
15246.00,5.000,9.388,0.398,0.398,0.000,0.000,1.0000,25.000,50.026,8.990,20.32
15251.00,5.000,9.388,0.398,0.398,0.000,0.000,1.0000,25.000,50.026,8.990,20.31
15256.00,5.000,9.388,0.397,0.397,0.000,0.000,1.0000,25.000,50.026,8.990,20.29
15261.00,5.000,9.388,0.397,0.397,0.000,0.000,1.0000,25.000,50.026,8.990,20.27
15266.00,5.000,9.387,0.397,0.397,0.000,0.000,1.0000,25.000,50.026,8.990,20.25
15271.00,5.000,9.387,0.397,0.397,0.000,0.000,1.0000,25.000,50.026,8.990,20.23
15276.00,5.000,9.387,0.396,0.396,0.000,0.000,1.0000,25.000,50.026,8.990,20.22
15281.00,5.000,9.387,0.396,0.396,0.000,0.000,1.0000,25.000,50.026,8.990,20.20
15286.00,5.000,9.386,0.396,0.396,0.000,0.000,1.0000,25.000,50.026,8.990,20.18
15291.00,5.000,9.386,0.396,0.396,0.000,0.000,1.0000,25.000,50.026,8.990,20.16
15296.00,5.000,9.386,0.396,0.396,0.000,0.000,1.0000,25.000,50.026,8.990,20.14
15301.00,5.000,9.386,0.395,0.395,0.000,0.000,1.0000,25.000,50.026,8.990,20.13
15306.00,5.000,9.386,0.395,0.395,0.000,0.000,1.0000,25.000,50.026,8.990,20.11
15311.00,5.000,9.385,0.395,0.395,0.000,0.000,1.0000,25.000,50.026,8.990,20.09
15316.00,5.000,9.385,0.395,0.395,0.000,0.000,1.0000,25.000,50.026,8.990,20.07
15321.00,5.000,9.385,0.394,0.394,0.000,0.000,1.0000,25.000,50.026,8.990,20.06
15326.00,5.000,9.385,0.394,0.394,0.000,0.000,1.0000,25.000,50.026,8.990,20.04
15331.00,5.000,9.384,0.394,0.394,0.000,0.000,1.0000,25.000,50.026,8.990,20.02
15336.00,5.000,9.384,0.394,0.394,0.000,0.000,1.0000,25.000,50.026,8.990,20.00
15341.00,5.000,9.384,0.393,0.393,0.000,0.000,1.0000,25.000,50.026,8.990,19.99
15346.00,5.000,9.384,0.393,0.393,0.000,0.000,1.0000,25.000,50.026,8.990,19.97
15351.00,5.000,9.383,0.393,0.393,0.000,0.000,1.0000,25.000,50.026,8.990,19.95
15356.00,5.000,9.383,0.393,0.393,0.000,0.000,1.0000,25.000,50.026,8.990,19.93
15361.00,5.000,9.383,0.393,0.393,0.000,0.000,1.0000,25.000,50.026,8.990,19.91
15366.00,5.000,9.383,0.392,0.392,0.000,0.000,1.0000,25.000,50.026,8.990,19.90
15371.00,5.000,9.383,0.392,0.392,0.000,0.000,1.0000,25.000,50.026,8.990,19.88
15376.00,5.000,9.382,0.392,0.392,0.000,0.000,1.0000,25.000,50.026,8.990,19.86
15381.00,5.000,9.382,0.392,0.392,0.000,0.000,1.0000,25.000,50.026,8.990,19.85
15386.00,5.000,9.382,0.391,0.391,0.000,0.000,1.0000,25.000,50.026,8.990,19.83
15391.00,5.000,9.382,0.391,0.391,0.000,0.000,1.0000,25.000,50.026,8.990,19.81
15396.00,5.000,9.381,0.391,0.391,0.000,0.000,1.0000,25.000,50.026,8.990,19.79
15401.00,5.000,9.381,0.391,0.391,0.000,0.000,1.0000,25.000,50.026,8.990,19.78
15406.00,5.000,9.381,0.391,0.391,0.000,0.000,1.0000,25.000,50.026,8.990,19.76
15411.00,5.000,9.381,0.390,0.390,0.000,0.000,1.0000,25.000,50.026,8.990,19.74
15416.00,5.000,9.381,0.390,0.390,0.000,0.000,1.0000,25.000,50.026,8.990,19.72
15421.00,5.000,9.380,0.390,0.390,0.000,0.000,1.0000,25.000,50.026,8.990,19.71
15426.00,5.000,9.380,0.390,0.390,0.000,0.000,1.0000,25.000,50.026,8.990,19.69
15431.00,5.000,9.380,0.389,0.389,0.000,0.000,1.0000,25.000,50.026,8.990,19.67
15436.00,5.000,9.380,0.389,0.389,0.000,0.000,1.0000,25.000,50.026,8.990,19.66
15441.00,5.000,9.379,0.389,0.389,0.000,0.000,1.0000,25.000,50.026,8.990,19.64
15446.00,5.000,9.379,0.389,0.389,0.000,0.000,1.0000,25.000,50.026,8.990,19.62
15451.00,5.000,9.379,0.388,0.388,0.000,0.000,1.0000,25.000,50.026,8.990,19.60
15456.00,5.000,9.379,0.388,0.388,0.000,0.000,1.0000,25.000,50.026,8.990,19.59
15461.00,5.000,9.379,0.388,0.388,0.000,0.000,1.0000,25.000,50.026,8.990,19.57
15466.00,5.000,9.378,0.388,0.388,0.000,0.000,1.0000,25.000,50.026,8.990,19.55
15471.00,5.000,9.378,0.388,0.388,0.000,0.000,1.0000,25.000,50.026,8.990,19.54
15476.00,5.000,9.378,0.387,0.387,0.000,0.000,1.0000,25.000,50.026,8.990,19.52
15481.00,5.000,9.378,0.387,0.387,0.000,0.000,1.0000,25.000,50.026,8.990,19.50
15486.00,5.000,9.377,0.387,0.387,0.000,0.000,1.0000,25.000,50.026,8.990,19.48
15491.00,5.000,9.377,0.387,0.387,0.000,0.000,1.0000,25.000,50.026,8.990,19.47
15496.00,5.000,9.377,0.386,0.386,0.000,0.000,1.0000,25.000,50.026,8.990,19.45
15501.00,5.000,9.377,0.386,0.386,0.000,0.000,1.0000,25.000,50.026,8.990,19.43
15506.00,5.000,9.377,0.386,0.386,0.000,0.000,1.0000,25.000,50.026,8.990,19.42
15511.00,5.000,9.376,0.386,0.386,0.000,0.000,1.0000,25.000,50.026,8.990,19.40
15516.00,5.000,9.376,0.386,0.386,0.000,0.000,1.0000,25.000,50.026,8.990,19.38
15521.00,5.000,9.376,0.385,0.385,0.000,0.000,1.0000,25.000,50.026,8.990,19.37
15526.00,5.000,9.376,0.385,0.385,0.000,0.000,1.0000,25.000,50.026,8.990,19.35
15531.00,5.000,9.375,0.385,0.385,0.000,0.000,1.0000,25.000,50.026,8.990,19.33
15536.00,5.000,9.375,0.385,0.385,0.000,0.000,1.0000,25.000,50.026,8.990,19.32
15541.00,5.000,9.375,0.384,0.384,0.000,0.000,1.0000,25.000,50.026,8.990,19.30
15546.00,5.000,9.375,0.384,0.384,0.000,0.000,1.0000,25.000,50.026,8.990,19.28
15551.00,5.000,9.375,0.384,0.384,0.000,0.000,1.0000,25.000,50.026,8.990,19.27
15556.00,5.000,9.374,0.384,0.384,0.000,0.000,1.0000,25.000,50.026,8.990,19.25
15561.00,5.000,9.374,0.384,0.384,0.000,0.000,1.0000,25.000,50.026,8.990,19.23
15566.00,5.000,9.374,0.383,0.383,0.000,0.000,1.0000,25.000,50.026,8.990,19.22
15571.00,5.000,9.374,0.383,0.383,0.000,0.000,1.0000,25.000,50.026,8.990,19.20
15576.00,5.000,9.373,0.383,0.383,0.000,0.000,1.0000,25.000,50.026,8.990,19.18
15581.00,5.000,9.373,0.383,0.383,0.000,0.000,1.0000,25.000,50.026,8.990,19.17
15586.00,5.000,9.373,0.383,0.383,0.000,0.000,1.0000,25.000,50.026,8.990,19.15
15591.00,5.000,9.373,0.382,0.382,0.000,0.000,1.0000,25.000,50.026,8.990,19.14
15596.00,5.000,9.373,0.382,0.382,0.000,0.000,1.0000,25.000,50.026,8.990,19.12
15601.00,5.000,9.372,0.382,0.382,0.000,0.000,1.0000,25.000,50.026,8.990,19.10
15606.00,5.000,9.372,0.382,0.382,0.000,0.000,1.0000,25.000,50.026,8.990,19.09
15611.00,5.000,9.372,0.381,0.381,0.000,0.000,1.0000,25.000,50.026,8.990,19.07
15616.00,5.000,9.372,0.381,0.381,0.000,0.000,1.0000,25.000,50.026,8.990,19.05
15621.00,5.000,9.371,0.381,0.381,0.000,0.000,1.0000,25.000,50.026,8.990,19.04
15626.00,5.000,9.371,0.381,0.381,0.000,0.000,1.0000,25.000,50.026,8.990,19.02
15631.00,5.000,9.371,0.381,0.381,0.000,0.000,1.0000,25.000,50.026,8.990,19.00
15636.00,5.000,9.371,0.380,0.380,0.000,0.000,1.0000,25.000,50.026,8.990,18.99
15641.00,5.000,9.371,0.380,0.380,0.000,0.000,1.0000,25.000,50.026,8.990,18.97
15646.00,5.000,9.370,0.380,0.380,0.000,0.000,1.0000,25.000,50.026,8.990,18.96
15651.00,5.000,9.370,0.380,0.380,0.000,0.000,1.0000,25.000,50.026,8.990,18.94
15656.00,5.000,9.370,0.380,0.380,0.000,0.000,1.0000,25.000,50.026,8.990,18.92
15661.00,5.000,9.370,0.379,0.379,0.000,0.000,1.0000,25.000,50.026,8.990,18.91
15666.00,5.000,9.370,0.379,0.379,0.000,0.000,1.0000,25.000,50.026,8.990,18.89
15671.00,5.000,9.369,0.379,0.379,0.000,0.000,1.0000,25.000,50.026,8.990,18.88
15676.00,5.000,9.369,0.379,0.379,0.000,0.000,1.0000,25.000,50.026,8.990,18.86
15681.00,5.000,9.369,0.378,0.378,0.000,0.000,1.0000,25.000,50.026,8.990,18.84
15686.00,5.000,9.369,0.378,0.378,0.000,0.000,1.0000,25.000,50.026,8.990,18.83
15691.00,5.000,9.369,0.378,0.378,0.000,0.000,1.0000,25.000,50.026,8.990,18.81
15696.00,5.000,9.368,0.378,0.378,0.000,0.000,1.0000,25.000,50.026,8.990,18.80
15701.00,5.000,9.368,0.378,0.378,0.000,0.000,1.0000,25.000,50.026,8.990,18.78
15706.00,5.000,9.368,0.377,0.377,0.000,0.000,1.0000,25.000,50.026,8.990,18.76
15711.00,5.000,9.368,0.377,0.377,0.000,0.000,1.0000,25.000,50.026,8.990,18.75
15716.00,5.000,9.367,0.377,0.377,0.000,0.000,1.0000,25.000,50.026,8.990,18.73
15721.00,5.000,9.367,0.377,0.377,0.000,0.000,1.0000,25.000,50.026,8.990,18.72
15726.00,5.000,9.367,0.377,0.377,0.000,0.000,1.0000,25.000,50.026,8.990,18.70
15731.00,5.000,9.367,0.376,0.376,0.000,0.000,1.0000,25.000,50.026,8.990,18.69
15736.00,5.000,9.367,0.376,0.376,0.000,0.000,1.0000,25.000,50.026,8.990,18.67
15741.00,5.000,9.366,0.376,0.376,0.000,0.000,1.0000,25.000,50.026,8.990,18.65
15746.00,5.000,9.366,0.376,0.376,0.000,0.000,1.0000,25.000,50.026,8.990,18.64
15751.00,5.000,9.366,0.376,0.376,0.000,0.000,1.0000,25.000,50.026,8.990,18.62
15756.00,5.000,9.366,0.375,0.375,0.000,0.000,1.0000,25.000,50.026,8.990,18.61
15761.00,5.000,9.366,0.375,0.375,0.000,0.000,1.0000,25.000,50.026,8.990,18.59
15766.00,5.000,9.365,0.375,0.375,0.000,0.000,1.0000,25.000,50.026,8.990,18.58
15771.00,5.000,9.365,0.375,0.375,0.000,0.000,1.0000,25.000,50.026,8.990,18.56
15776.00,5.000,9.365,0.374,0.374,0.000,0.000,1.0000,25.000,50.026,8.990,18.54
15781.00,5.000,9.365,0.374,0.374,0.000,0.000,1.0000,25.000,50.026,8.990,18.53
15786.00,5.000,9.365,0.374,0.374,0.000,0.000,1.0000,25.000,50.026,8.990,18.51
15791.00,5.000,9.364,0.374,0.374,0.000,0.000,1.0000,25.000,50.026,8.990,18.50
15796.00,5.000,9.364,0.374,0.374,0.000,0.000,1.0000,25.000,50.026,8.990,18.48
15801.00,5.000,9.364,0.373,0.373,0.000,0.000,1.0000,25.000,50.026,8.990,18.47
15806.00,5.000,9.364,0.373,0.373,0.000,0.000,1.0000,25.000,50.026,8.990,18.45
15811.00,5.000,9.363,0.373,0.373,0.000,0.000,1.0000,25.000,50.026,8.990,18.44
15816.00,5.000,9.363,0.373,0.373,0.000,0.000,1.0000,25.000,50.026,8.990,18.42
15821.00,5.000,9.363,0.373,0.373,0.000,0.000,1.0000,25.000,50.026,8.990,18.41
15826.00,5.000,9.363,0.372,0.372,0.000,0.000,1.0000,25.000,50.026,8.990,18.39
15831.00,5.000,9.363,0.372,0.372,0.000,0.000,1.0000,25.000,50.026,8.990,18.37
15836.00,5.000,9.362,0.372,0.372,0.000,0.000,1.0000,25.000,50.026,8.990,18.36
15841.00,5.000,9.362,0.372,0.372,0.000,0.000,1.0000,25.000,50.026,8.990,18.34
15846.00,5.000,9.362,0.372,0.372,0.000,0.000,1.0000,25.000,50.026,8.990,18.33
15851.00,5.000,9.362,0.371,0.371,0.000,0.000,1.0000,25.000,50.026,8.990,18.31
15856.00,5.000,9.362,0.371,0.371,0.000,0.000,1.0000,25.000,50.026,8.990,18.30
15861.00,5.000,9.361,0.371,0.371,0.000,0.000,1.0000,25.000,50.026,8.990,18.28
15866.00,5.000,9.361,0.371,0.371,0.000,0.000,1.0000,25.000,50.026,8.990,18.27
15871.00,5.000,9.361,0.371,0.371,0.000,0.000,1.0000,25.000,50.026,8.990,18.25
15876.00,5.000,9.361,0.370,0.370,0.000,0.000,1.0000,25.000,50.026,8.990,18.24
15881.00,5.000,9.361,0.370,0.370,0.000,0.000,1.0000,25.000,50.026,8.990,18.22
15886.00,5.000,9.360,0.370,0.370,0.000,0.000,1.0000,25.000,50.026,8.990,18.21
15891.00,5.000,9.360,0.370,0.370,0.000,0.000,1.0000,25.000,50.026,8.990,18.19
15896.00,5.000,9.360,0.370,0.370,0.000,0.000,1.0000,25.000,50.026,8.990,18.18
15901.00,5.000,9.360,0.369,0.369,0.000,0.000,1.0000,25.000,50.026,8.990,18.16
15906.00,5.000,9.360,0.369,0.369,0.000,0.000,1.0000,25.000,50.026,8.990,18.15
15911.00,5.000,9.359,0.369,0.369,0.000,0.000,1.0000,25.000,50.026,8.990,18.13
15916.00,5.000,9.359,0.369,0.369,0.000,0.000,1.0000,25.000,50.026,8.990,18.12
15921.00,5.000,9.359,0.369,0.369,0.000,0.000,1.0000,25.000,50.026,8.990,18.10
15926.00,5.000,9.359,0.368,0.368,0.000,0.000,1.0000,25.000,50.026,8.990,18.09
15931.00,5.000,9.359,0.368,0.368,0.000,0.000,1.0000,25.000,50.026,8.990,18.07
15936.00,5.000,9.358,0.368,0.368,0.000,0.000,1.0000,25.000,50.026,8.990,18.06
15941.00,5.000,9.358,0.368,0.368,0.000,0.000,1.0000,25.000,50.026,8.990,18.04
15946.00,5.000,9.358,0.368,0.368,0.000,0.000,1.0000,25.000,50.026,8.990,18.03
15951.00,5.000,9.358,0.367,0.367,0.000,0.000,1.0000,25.000,50.026,8.990,18.01
15956.00,5.000,9.358,0.367,0.367,0.000,0.000,1.0000,25.000,50.026,8.990,18.00
15961.00,5.000,9.357,0.367,0.367,0.000,0.000,1.0000,25.000,50.026,8.990,17.98
15966.00,5.000,9.357,0.367,0.367,0.000,0.000,1.0000,25.000,50.026,8.990,17.97
15971.00,5.000,9.357,0.367,0.367,0.000,0.000,1.0000,25.000,50.026,8.990,17.95
15976.00,5.000,9.357,0.366,0.366,0.000,0.000,1.0000,25.000,50.026,8.990,17.94
15981.00,5.000,9.357,0.366,0.366,0.000,0.000,1.0000,25.000,50.026,8.990,17.93
15986.00,5.000,9.356,0.366,0.366,0.000,0.000,1.0000,25.000,50.026,8.990,17.91
15991.00,5.000,9.356,0.366,0.366,0.000,0.000,1.0000,25.000,50.026,8.990,17.90
15996.00,5.000,9.356,0.366,0.366,0.000,0.000,1.0000,25.000,50.026,8.990,17.88
16001.00,5.000,9.356,0.365,0.365,0.000,0.000,1.0000,25.000,50.026,8.990,17.87
16006.00,5.000,9.356,0.365,0.365,0.000,0.000,1.0000,25.000,50.026,8.990,17.85
16011.00,5.000,9.355,0.365,0.365,0.000,0.000,1.0000,25.000,50.026,8.990,17.84
16016.00,5.000,9.355,0.365,0.365,0.000,0.000,1.0000,25.000,50.026,8.990,17.82
16021.00,5.000,9.355,0.365,0.365,0.000,0.000,1.0000,25.000,50.026,8.990,17.81
16026.00,5.000,9.355,0.364,0.364,0.000,0.000,1.0000,25.000,50.026,8.990,17.79
16031.00,5.000,9.355,0.364,0.364,0.000,0.000,1.0000,25.000,50.026,8.990,17.78
16036.00,5.000,9.354,0.364,0.364,0.000,0.000,1.0000,25.000,50.026,8.990,17.77
16041.00,5.000,9.354,0.364,0.364,0.000,0.000,1.0000,25.000,50.026,8.990,17.75
16046.00,5.000,9.354,0.364,0.364,0.000,0.000,1.0000,25.000,50.026,8.990,17.74
16051.00,5.000,9.354,0.363,0.363,0.000,0.000,1.0000,25.000,50.026,8.990,17.72
16056.00,5.000,9.354,0.363,0.363,0.000,0.000,1.0000,25.000,50.026,8.990,17.71
16061.00,5.000,9.353,0.363,0.363,0.000,0.000,1.0000,25.000,50.026,8.990,17.69
16066.00,5.000,9.353,0.363,0.363,0.000,0.000,1.0000,25.000,50.026,8.990,17.68
16071.00,5.000,9.353,0.363,0.363,0.000,0.000,1.0000,25.000,50.026,8.990,17.66
16076.00,5.000,9.353,0.362,0.362,0.000,0.000,1.0000,25.000,50.026,8.990,17.65
16081.00,5.000,9.353,0.362,0.362,0.000,0.000,1.0000,25.000,50.026,8.990,17.64
16086.00,5.000,9.352,0.362,0.362,0.000,0.000,1.0000,25.000,50.026,8.990,17.62
16091.00,5.000,9.352,0.362,0.362,0.000,0.000,1.0000,25.000,50.026,8.990,17.61
16096.00,5.000,9.352,0.362,0.362,0.000,0.000,1.0000,25.000,50.026,8.990,17.59
16101.00,5.000,9.352,0.361,0.361,0.000,0.000,1.0000,25.000,50.026,8.990,17.58
16106.00,5.000,9.352,0.361,0.361,0.000,0.000,1.0000,25.000,50.026,8.990,17.56
16111.00,5.000,9.352,0.361,0.361,0.000,0.000,1.0000,25.000,50.026,8.990,17.55
16116.00,5.000,9.351,0.361,0.361,0.000,0.000,1.0000,25.000,50.026,8.990,17.54
16121.00,5.000,9.351,0.361,0.361,0.000,0.000,1.0000,25.000,50.026,8.990,17.52
16126.00,5.000,9.351,0.360,0.360,0.000,0.000,1.0000,25.000,50.026,8.990,17.51
16131.00,5.000,9.351,0.360,0.360,0.000,0.000,1.0000,25.000,50.026,8.990,17.49
16136.00,5.000,9.351,0.360,0.360,0.000,0.000,1.0000,25.000,50.026,8.990,17.48
16141.00,5.000,9.350,0.360,0.360,0.000,0.000,1.0000,25.000,50.026,8.990,17.47
16146.00,5.000,9.350,0.360,0.360,0.000,0.000,1.0000,25.000,50.026,8.990,17.45
16151.00,5.000,9.350,0.360,0.360,0.000,0.000,1.0000,25.000,50.026,8.990,17.44
16156.00,5.000,9.350,0.359,0.359,0.000,0.000,1.0000,25.000,50.026,8.990,17.42
16161.00,5.000,9.350,0.359,0.359,0.000,0.000,1.0000,25.000,50.026,8.990,17.41
16166.00,5.000,9.349,0.359,0.359,0.000,0.000,1.0000,25.000,50.026,8.990,17.40
16171.00,5.000,9.349,0.359,0.359,0.000,0.000,1.0000,25.000,50.026,8.990,17.38
16176.00,5.000,9.349,0.359,0.359,0.000,0.000,1.0000,25.000,50.026,8.990,17.37
16181.00,5.000,9.349,0.358,0.358,0.000,0.000,1.0000,25.000,50.026,8.990,17.35
16186.00,5.000,9.349,0.358,0.358,0.000,0.000,1.0000,25.000,50.026,8.990,17.34
16191.00,5.000,9.348,0.358,0.358,0.000,0.000,1.0000,25.000,50.026,8.990,17.33
16196.00,5.000,9.348,0.358,0.358,0.000,0.000,1.0000,25.000,50.026,8.990,17.31
16201.00,5.000,9.348,0.358,0.358,0.000,0.000,1.0000,25.000,50.026,8.990,17.30
16206.00,5.000,9.348,0.357,0.357,0.000,0.000,1.0000,25.000,50.026,8.990,17.29
16211.00,5.000,9.348,0.357,0.357,0.000,0.000,1.0000,25.000,50.026,8.990,17.27
16216.00,5.000,9.348,0.357,0.357,0.000,0.000,1.0000,25.000,50.026,8.990,17.26
16221.00,5.000,9.347,0.357,0.357,0.000,0.000,1.0000,25.000,50.026,8.990,17.24
16226.00,5.000,9.347,0.357,0.357,0.000,0.000,1.0000,25.000,50.026,8.990,17.23
16231.00,5.000,9.347,0.356,0.356,0.000,0.000,1.0000,25.000,50.026,8.990,17.22
16236.00,5.000,9.347,0.356,0.356,0.000,0.000,1.0000,25.000,50.026,8.990,17.20
16241.00,5.000,9.347,0.356,0.356,0.000,0.000,1.0000,25.000,50.026,8.990,17.19
16246.00,5.000,9.346,0.356,0.356,0.000,0.000,1.0000,25.000,50.026,8.990,17.18
16251.00,5.000,9.346,0.356,0.356,0.000,0.000,1.0000,25.000,50.026,8.990,17.16
16256.00,5.000,9.346,0.356,0.356,0.000,0.000,1.0000,25.000,50.026,8.990,17.15
16261.00,5.000,9.346,0.355,0.355,0.000,0.000,1.0000,25.000,50.026,8.990,17.13
16266.00,5.000,9.346,0.355,0.355,0.000,0.000,1.0000,25.000,50.026,8.990,17.12
16271.00,5.000,9.345,0.355,0.355,0.000,0.000,1.0000,25.000,50.026,8.990,17.11
16276.00,5.000,9.345,0.355,0.355,0.000,0.000,1.0000,25.000,50.026,8.990,17.09
16281.00,5.000,9.345,0.355,0.355,0.000,0.000,1.0000,25.000,50.026,8.990,17.08
16286.00,5.000,9.345,0.354,0.354,0.000,0.000,1.0000,25.000,50.026,8.990,17.07
16291.00,5.000,9.345,0.354,0.354,0.000,0.000,1.0000,25.000,50.026,8.990,17.05
16296.00,5.000,9.345,0.354,0.354,0.000,0.000,1.0000,25.000,50.026,8.990,17.04
16301.00,5.000,9.344,0.354,0.354,0.000,0.000,1.0000,25.000,50.026,8.990,17.03
16306.00,5.000,9.344,0.354,0.354,0.000,0.000,1.0000,25.000,50.026,8.990,17.01
16311.00,5.000,9.344,0.354,0.354,0.000,0.000,1.0000,25.000,50.026,8.990,17.00
16316.00,5.000,9.344,0.353,0.353,0.000,0.000,1.0000,25.000,50.026,8.990,16.99
16321.00,5.000,9.344,0.353,0.353,0.000,0.000,1.0000,25.000,50.026,8.990,16.97
16326.00,5.000,9.343,0.353,0.353,0.000,0.000,1.0000,25.000,50.026,8.990,16.96
16331.00,5.000,9.343,0.353,0.353,0.000,0.000,1.0000,25.000,50.026,8.990,16.95
16336.00,5.000,9.343,0.353,0.353,0.000,0.000,1.0000,25.000,50.026,8.990,16.93
16341.00,5.000,9.343,0.352,0.352,0.000,0.000,1.0000,25.000,50.026,8.990,16.92
16346.00,5.000,9.343,0.352,0.352,0.000,0.000,1.0000,25.000,50.026,8.990,16.91
16351.00,5.000,9.343,0.352,0.352,0.000,0.000,1.0000,25.000,50.026,8.990,16.89
16356.00,5.000,9.342,0.352,0.352,0.000,0.000,1.0000,25.000,50.026,8.990,16.88
16361.00,5.000,9.342,0.352,0.352,0.000,0.000,1.0000,25.000,50.026,8.990,16.87
16366.00,5.000,9.342,0.351,0.351,0.000,0.000,1.0000,25.000,50.026,8.990,16.85
16371.00,5.000,9.342,0.351,0.351,0.000,0.000,1.0000,25.000,50.026,8.990,16.84
16376.00,5.000,9.342,0.351,0.351,0.000,0.000,1.0000,25.000,50.026,8.990,16.83
16381.00,5.000,9.341,0.351,0.351,0.000,0.000,1.0000,25.000,50.026,8.990,16.81
16386.00,5.000,9.341,0.351,0.351,0.000,0.000,1.0000,25.000,50.026,8.990,16.80
16391.00,5.000,9.341,0.351,0.351,0.000,0.000,1.0000,25.000,50.026,8.990,16.79
16396.00,5.000,9.341,0.350,0.350,0.000,0.000,1.0000,25.000,50.026,8.990,16.77
16401.00,5.000,9.341,0.350,0.350,0.000,0.000,1.0000,25.000,50.026,8.990,16.76
16406.00,5.000,9.341,0.350,0.350,0.000,0.000,1.0000,25.000,50.026,8.990,16.75
16411.00,5.000,9.340,0.350,0.350,0.000,0.000,1.0000,25.000,50.026,8.990,16.74
16416.00,5.000,9.340,0.350,0.350,0.000,0.000,1.0000,25.000,50.026,8.990,16.72
16421.00,5.000,9.340,0.349,0.349,0.000,0.000,1.0000,25.000,50.026,8.990,16.71
16426.00,5.000,9.340,0.349,0.349,0.000,0.000,1.0000,25.000,50.026,8.990,16.70
16431.00,5.000,9.340,0.349,0.349,0.000,0.000,1.0000,25.000,50.026,8.990,16.68
16436.00,5.000,9.339,0.349,0.349,0.000,0.000,1.0000,25.000,50.026,8.990,16.67
16441.00,5.000,9.339,0.349,0.349,0.000,0.000,1.0000,25.000,50.026,8.990,16.66
16446.00,5.000,9.339,0.349,0.349,0.000,0.000,1.0000,25.000,50.026,8.990,16.64
16451.00,5.000,9.339,0.348,0.348,0.000,0.000,1.0000,25.000,50.026,8.990,16.63
16456.00,5.000,9.339,0.348,0.348,0.000,0.000,1.0000,25.000,50.026,8.990,16.62
16461.00,5.000,9.339,0.348,0.348,0.000,0.000,1.0000,25.000,50.026,8.990,16.61
16466.00,5.000,9.338,0.348,0.348,0.000,0.000,1.0000,25.000,50.026,8.990,16.59
16471.00,5.000,9.338,0.348,0.348,0.000,0.000,1.0000,25.000,50.026,8.990,16.58
16476.00,5.000,9.338,0.348,0.348,0.000,0.000,1.0000,25.000,50.026,8.990,16.57
16481.00,5.000,9.338,0.347,0.347,0.000,0.000,1.0000,25.000,50.026,8.990,16.55
16486.00,5.000,9.338,0.347,0.347,0.000,0.000,1.0000,25.000,50.026,8.990,16.54
16491.00,5.000,9.337,0.347,0.347,0.000,0.000,1.0000,25.000,50.026,8.990,16.53
16496.00,5.000,9.337,0.347,0.347,0.000,0.000,1.0000,25.000,50.026,8.990,16.52
16501.00,5.000,9.337,0.347,0.347,0.000,0.000,1.0000,25.000,50.026,8.990,16.50
16506.00,5.000,9.337,0.346,0.346,0.000,0.000,1.0000,25.000,50.026,8.990,16.49
16511.00,5.000,9.337,0.346,0.346,0.000,0.000,1.0000,25.000,50.026,8.990,16.48
16516.00,5.000,9.337,0.346,0.346,0.000,0.000,1.0000,25.000,50.026,8.990,16.47
16521.00,5.000,9.336,0.346,0.346,0.000,0.000,1.0000,25.000,50.026,8.990,16.45
16526.00,5.000,9.336,0.346,0.346,0.000,0.000,1.0000,25.000,50.026,8.990,16.44
16531.00,5.000,9.336,0.346,0.346,0.000,0.000,1.0000,25.000,50.026,8.990,16.43
16536.00,5.000,9.336,0.345,0.345,0.000,0.000,1.0000,25.000,50.026,8.990,16.42
16541.00,5.000,9.336,0.345,0.345,0.000,0.000,1.0000,25.000,50.026,8.990,16.40
16546.00,5.000,9.336,0.345,0.345,0.000,0.000,1.0000,25.000,50.026,8.990,16.39
16551.00,5.000,9.335,0.345,0.345,0.000,0.000,1.0000,25.000,50.026,8.990,16.38
16556.00,5.000,9.335,0.345,0.345,0.000,0.000,1.0000,25.000,50.026,8.990,16.36
16561.00,5.000,9.335,0.345,0.345,0.000,0.000,1.0000,25.000,50.026,8.990,16.35
16566.00,5.000,9.335,0.344,0.344,0.000,0.000,1.0000,25.000,50.026,8.990,16.34
16571.00,5.000,9.335,0.344,0.344,0.000,0.000,1.0000,25.000,50.026,8.990,16.33
16576.00,5.000,9.334,0.344,0.344,0.000,0.000,1.0000,25.000,50.026,8.990,16.31
16581.00,5.000,9.334,0.344,0.344,0.000,0.000,1.0000,25.000,50.026,8.990,16.30
16586.00,5.000,9.334,0.344,0.344,0.000,0.000,1.0000,25.000,50.026,8.990,16.29
16591.00,5.000,9.334,0.343,0.343,0.000,0.000,1.0000,25.000,50.026,8.990,16.28
16596.00,5.000,9.334,0.343,0.343,0.000,0.000,1.0000,25.000,50.026,8.990,16.27
16601.00,5.000,9.334,0.343,0.343,0.000,0.000,1.0000,25.000,50.026,8.990,16.25
16606.00,5.000,9.333,0.343,0.343,0.000,0.000,1.0000,25.000,50.026,8.990,16.24
16611.00,5.000,9.333,0.343,0.343,0.000,0.000,1.0000,25.000,50.026,8.990,16.23
16616.00,5.000,9.333,0.343,0.343,0.000,0.000,1.0000,25.000,50.026,8.990,16.22
16621.00,5.000,9.333,0.342,0.342,0.000,0.000,1.0000,25.000,50.026,8.990,16.20
16626.00,5.000,9.333,0.342,0.342,0.000,0.000,1.0000,25.000,50.026,8.990,16.19
16631.00,5.000,9.333,0.342,0.342,0.000,0.000,1.0000,25.000,50.026,8.990,16.18
16636.00,5.000,9.332,0.342,0.342,0.000,0.000,1.0000,25.000,50.026,8.990,16.17
16641.00,5.000,9.332,0.342,0.342,0.000,0.000,1.0000,25.000,50.026,8.990,16.15
16646.00,5.000,9.332,0.342,0.342,0.000,0.000,1.0000,25.000,50.026,8.990,16.14
16651.00,5.000,9.332,0.341,0.341,0.000,0.000,1.0000,25.000,50.026,8.990,16.13
16656.00,5.000,9.332,0.341,0.341,0.000,0.000,1.0000,25.000,50.026,8.990,16.12
16661.00,5.000,9.332,0.341,0.341,0.000,0.000,1.0000,25.000,50.026,8.990,16.11
16666.00,5.000,9.331,0.341,0.341,0.000,0.000,1.0000,25.000,50.026,8.990,16.09
16671.00,5.000,9.331,0.341,0.341,0.000,0.000,1.0000,25.000,50.026,8.990,16.08
16676.00,5.000,9.331,0.341,0.341,0.000,0.000,1.0000,25.000,50.026,8.990,16.07
16681.00,5.000,9.331,0.340,0.340,0.000,0.000,1.0000,25.000,50.026,8.990,16.06
16686.00,5.000,9.331,0.340,0.340,0.000,0.000,1.0000,25.000,50.026,8.990,16.04
16691.00,5.000,9.331,0.340,0.340,0.000,0.000,1.0000,25.000,50.026,8.990,16.03
16696.00,5.000,9.330,0.340,0.340,0.000,0.000,1.0000,25.000,50.026,8.990,16.02
16701.00,5.000,9.330,0.340,0.340,0.000,0.000,1.0000,25.000,50.026,8.990,16.01
16706.00,5.000,9.330,0.340,0.340,0.000,0.000,1.0000,25.000,50.026,8.990,16.00
16711.00,5.000,9.330,0.339,0.339,0.000,0.000,1.0000,25.000,50.026,8.990,15.98
16716.00,5.000,9.330,0.339,0.339,0.000,0.000,1.0000,25.000,50.026,8.990,15.97
16721.00,5.000,9.330,0.339,0.339,0.000,0.000,1.0000,25.000,50.026,8.990,15.96
16726.00,5.000,9.329,0.339,0.339,0.000,0.000,1.0000,25.000,50.026,8.990,15.95
16731.00,5.000,9.329,0.339,0.339,0.000,0.000,1.0000,25.000,50.026,8.990,15.94
16736.00,5.000,9.329,0.339,0.339,0.000,0.000,1.0000,25.000,50.026,8.990,15.92
16741.00,5.000,9.329,0.338,0.338,0.000,0.000,1.0000,25.000,50.026,8.990,15.91
16746.00,5.000,9.329,0.338,0.338,0.000,0.000,1.0000,25.000,50.026,8.990,15.90
16751.00,5.000,9.329,0.338,0.338,0.000,0.000,1.0000,25.000,50.026,8.990,15.89
16756.00,5.000,9.328,0.338,0.338,0.000,0.000,1.0000,25.000,50.026,8.990,15.88
16761.00,5.000,9.328,0.338,0.338,0.000,0.000,1.0000,25.000,50.026,8.990,15.86
16766.00,5.000,9.328,0.338,0.338,0.000,0.000,1.0000,25.000,50.026,8.990,15.85
16771.00,5.000,9.328,0.337,0.337,0.000,0.000,1.0000,25.000,50.026,8.990,15.84
16776.00,5.000,9.328,0.337,0.337,0.000,0.000,1.0000,25.000,50.026,8.990,15.83
16781.00,5.000,9.328,0.337,0.337,0.000,0.000,1.0000,25.000,50.026,8.990,15.82
16786.00,5.000,9.327,0.337,0.337,0.000,0.000,1.0000,25.000,50.026,8.990,15.81
16791.00,5.000,9.327,0.337,0.337,0.000,0.000,1.0000,25.000,50.026,8.990,15.79
16796.00,5.000,9.327,0.337,0.337,0.000,0.000,1.0000,25.000,50.026,8.990,15.78
16801.00,5.000,9.327,0.336,0.336,0.000,0.000,1.0000,25.000,50.026,8.990,15.77
16806.00,5.000,9.327,0.336,0.336,0.000,0.000,1.0000,25.000,50.026,8.990,15.76
16811.00,5.000,9.327,0.336,0.336,0.000,0.000,1.0000,25.000,50.026,8.990,15.75
16816.00,5.000,9.326,0.336,0.336,0.000,0.000,1.0000,25.000,50.026,8.990,15.74
16821.00,5.000,9.326,0.336,0.336,0.000,0.000,1.0000,25.000,50.026,8.990,15.72
16826.00,5.000,9.326,0.336,0.336,0.000,0.000,1.0000,25.000,50.026,8.990,15.71
16831.00,5.000,9.326,0.335,0.335,0.000,0.000,1.0000,25.000,50.026,8.990,15.70
16836.00,5.000,9.326,0.335,0.335,0.000,0.000,1.0000,25.000,50.026,8.990,15.69
16841.00,5.000,9.326,0.335,0.335,0.000,0.000,1.0000,25.000,50.026,8.990,15.68
16846.00,5.000,9.325,0.335,0.335,0.000,0.000,1.0000,25.000,50.026,8.990,15.67
16851.00,5.000,9.325,0.335,0.335,0.000,0.000,1.0000,25.000,50.026,8.990,15.65
16856.00,5.000,9.325,0.335,0.335,0.000,0.000,1.0000,25.000,50.026,8.990,15.64
16861.00,5.000,9.325,0.334,0.334,0.000,0.000,1.0000,25.000,50.026,8.990,15.63
16866.00,5.000,9.325,0.334,0.334,0.000,0.000,1.0000,25.000,50.026,8.990,15.62
16871.00,5.000,9.325,0.334,0.334,0.000,0.000,1.0000,25.000,50.026,8.990,15.61
16876.00,5.000,9.324,0.334,0.334,0.000,0.000,1.0000,25.000,50.026,8.990,15.60
16881.00,5.000,9.324,0.334,0.334,0.000,0.000,1.0000,25.000,50.026,8.990,15.58
16886.00,5.000,9.324,0.334,0.334,0.000,0.000,1.0000,25.000,50.026,8.990,15.57
16891.00,5.000,9.324,0.333,0.333,0.000,0.000,1.0000,25.000,50.026,8.990,15.56
16896.00,5.000,9.324,0.333,0.333,0.000,0.000,1.0000,25.000,50.026,8.990,15.55
16901.00,5.000,9.324,0.333,0.333,0.000,0.000,1.0000,25.000,50.026,8.990,15.54
16906.00,5.000,9.323,0.333,0.333,0.000,0.000,1.0000,25.000,50.026,8.990,15.53
16911.00,5.000,9.323,0.333,0.333,0.000,0.000,1.0000,25.000,50.026,8.990,15.52
16916.00,5.000,9.323,0.333,0.333,0.000,0.000,1.0000,25.000,50.026,8.990,15.50
16921.00,5.000,9.323,0.332,0.332,0.000,0.000,1.0000,25.000,50.026,8.990,15.49
16926.00,5.000,9.323,0.332,0.332,0.000,0.000,1.0000,25.000,50.026,8.990,15.48
16931.00,5.000,9.323,0.332,0.332,0.000,0.000,1.0000,25.000,50.026,8.990,15.47
16936.00,5.000,9.322,0.332,0.332,0.000,0.000,1.0000,25.000,50.026,8.990,15.46
16941.00,5.000,9.322,0.332,0.332,0.000,0.000,1.0000,25.000,50.026,8.990,15.45
16946.00,5.000,9.322,0.332,0.332,0.000,0.000,1.0000,25.000,50.026,8.990,15.44
16951.00,5.000,9.322,0.331,0.331,0.000,0.000,1.0000,25.000,50.026,8.990,15.43
16956.00,5.000,9.322,0.331,0.331,0.000,0.000,1.0000,25.000,50.026,8.990,15.41
16961.00,5.000,9.322,0.331,0.331,0.000,0.000,1.0000,25.000,50.026,8.990,15.40
16966.00,5.000,9.321,0.331,0.331,0.000,0.000,1.0000,25.000,50.026,8.990,15.39
16971.00,5.000,9.321,0.331,0.331,0.000,0.000,1.0000,25.000,50.026,8.990,15.38
16976.00,5.000,9.321,0.331,0.331,0.000,0.000,1.0000,25.000,50.026,8.990,15.37
16981.00,5.000,9.321,0.331,0.331,0.000,0.000,1.0000,25.000,50.026,8.990,15.36
16986.00,5.000,9.321,0.330,0.330,0.000,0.000,1.0000,25.000,50.026,8.990,15.35
16991.00,5.000,9.321,0.330,0.330,0.000,0.000,1.0000,25.000,50.026,8.990,15.34
16996.00,5.000,9.321,0.330,0.330,0.000,0.000,1.0000,25.000,50.026,8.990,15.32
17001.00,5.000,9.320,0.330,0.330,0.000,0.000,1.0000,25.000,50.026,8.990,15.31
17006.00,5.000,9.320,0.330,0.330,0.000,0.000,1.0000,25.000,50.026,8.990,15.30
17011.00,5.000,9.320,0.330,0.330,0.000,0.000,1.0000,25.000,50.026,8.990,15.29
17016.00,5.000,9.320,0.329,0.329,0.000,0.000,1.0000,25.000,50.026,8.990,15.28
17021.00,5.000,9.320,0.329,0.329,0.000,0.000,1.0000,25.000,50.026,8.990,15.27
17026.00,5.000,9.320,0.329,0.329,0.000,0.000,1.0000,25.000,50.026,8.990,15.26
17031.00,5.000,9.319,0.329,0.329,0.000,0.000,1.0000,25.000,50.026,8.990,15.25
17036.00,5.000,9.319,0.329,0.329,0.000,0.000,1.0000,25.000,50.026,8.990,15.24
17041.00,5.000,9.319,0.329,0.329,0.000,0.000,1.0000,25.000,50.026,8.990,15.22
17046.00,5.000,9.319,0.328,0.328,0.000,0.000,1.0000,25.000,50.026,8.990,15.21
17051.00,5.000,9.319,0.328,0.328,0.000,0.000,1.0000,25.000,50.026,8.990,15.20
17056.00,5.000,9.319,0.328,0.328,0.000,0.000,1.0000,25.000,50.026,8.990,15.19
17061.00,5.000,9.318,0.328,0.328,0.000,0.000,1.0000,25.000,50.026,8.990,15.18
17066.00,5.000,9.318,0.328,0.328,0.000,0.000,1.0000,25.000,50.026,8.990,15.17
17071.00,5.000,9.318,0.328,0.328,0.000,0.000,1.0000,25.000,50.026,8.990,15.16
17076.00,5.000,9.318,0.328,0.328,0.000,0.000,1.0000,25.000,50.026,8.990,15.15
17081.00,5.000,9.318,0.327,0.327,0.000,0.000,1.0000,25.000,50.026,8.990,15.14
17086.00,5.000,9.318,0.327,0.327,0.000,0.000,1.0000,25.000,50.026,8.990,15.13
17091.00,5.000,9.318,0.327,0.327,0.000,0.000,1.0000,25.000,50.026,8.990,15.12
17096.00,5.000,9.317,0.327,0.327,0.000,0.000,1.0000,25.000,50.026,8.990,15.10
17101.00,5.000,9.317,0.327,0.327,0.000,0.000,1.0000,25.000,50.026,8.990,15.09
17106.00,5.000,9.317,0.327,0.327,0.000,0.000,1.0000,25.000,50.026,8.990,15.08
17111.00,5.000,9.317,0.326,0.326,0.000,0.000,1.0000,25.000,50.026,8.990,15.07
17116.00,5.000,9.317,0.326,0.326,0.000,0.000,1.0000,25.000,50.026,8.990,15.06
17121.00,5.000,9.317,0.326,0.326,0.000,0.000,1.0000,25.000,50.026,8.990,15.05
17126.00,5.000,9.316,0.326,0.326,0.000,0.000,1.0000,25.000,50.026,8.990,15.04
17131.00,5.000,9.316,0.326,0.326,0.000,0.000,1.0000,25.000,50.026,8.990,15.03
17136.00,5.000,9.316,0.326,0.326,0.000,0.000,1.0000,25.000,50.026,8.990,15.02
17141.00,5.000,9.316,0.325,0.325,0.000,0.000,1.0000,25.000,50.026,8.990,15.01
17146.00,5.000,9.316,0.325,0.325,0.000,0.000,1.0000,25.000,50.026,8.990,15.00
17151.00,5.000,9.316,0.325,0.325,0.000,0.000,1.0000,25.000,50.026,8.990,14.99
17156.00,5.000,9.316,0.325,0.325,0.000,0.000,1.0000,25.000,50.026,8.990,14.98
17161.00,5.000,9.315,0.325,0.325,0.000,0.000,1.0000,25.000,50.026,8.990,14.96
17166.00,5.000,9.315,0.325,0.325,0.000,0.000,1.0000,25.000,50.026,8.990,14.95
17171.00,5.000,9.315,0.325,0.325,0.000,0.000,1.0000,25.000,50.026,8.990,14.94
17176.00,5.000,9.315,0.324,0.324,0.000,0.000,1.0000,25.000,50.026,8.990,14.93
17181.00,5.000,9.315,0.324,0.324,0.000,0.000,1.0000,25.000,50.026,8.990,14.92
17186.00,5.000,9.315,0.324,0.324,0.000,0.000,1.0000,25.000,50.026,8.990,14.91
17191.00,5.000,9.314,0.324,0.324,0.000,0.000,1.0000,25.000,50.026,8.990,14.90
17196.00,5.000,9.314,0.324,0.324,0.000,0.000,1.0000,25.000,50.026,8.990,14.89
17201.00,5.000,9.314,0.324,0.324,0.000,0.000,1.0000,25.000,50.026,8.990,14.88
17206.00,5.000,9.314,0.324,0.324,0.000,0.000,1.0000,25.000,50.026,8.990,14.87
17211.00,5.000,9.314,0.323,0.323,0.000,0.000,1.0000,25.000,50.026,8.990,14.86
17216.00,5.000,9.314,0.323,0.323,0.000,0.000,1.0000,25.000,50.026,8.990,14.85
17221.00,5.000,9.314,0.323,0.323,0.000,0.000,1.0000,25.000,50.026,8.990,14.84
17226.00,5.000,9.313,0.323,0.323,0.000,0.000,1.0000,25.000,50.026,8.990,14.83
17231.00,5.000,9.313,0.323,0.323,0.000,0.000,1.0000,25.000,50.026,8.990,14.82
17236.00,5.000,9.313,0.323,0.323,0.000,0.000,1.0000,25.000,50.026,8.990,14.81
17241.00,5.000,9.313,0.322,0.322,0.000,0.000,1.0000,25.000,50.026,8.990,14.80
17246.00,5.000,9.313,0.322,0.322,0.000,0.000,1.0000,25.000,50.026,8.990,14.79
17251.00,5.000,9.313,0.322,0.322,0.000,0.000,1.0000,25.000,50.026,8.990,14.77
17256.00,5.000,9.312,0.322,0.322,0.000,0.000,1.0000,25.000,50.026,8.990,14.76
17261.00,5.000,9.312,0.322,0.322,0.000,0.000,1.0000,25.000,50.026,8.990,14.75
17266.00,5.000,9.312,0.322,0.322,0.000,0.000,1.0000,25.000,50.026,8.990,14.74
17271.00,5.000,9.312,0.322,0.322,0.000,0.000,1.0000,25.000,50.026,8.990,14.73
17276.00,5.000,9.312,0.321,0.321,0.000,0.000,1.0000,25.000,50.026,8.990,14.72
17281.00,5.000,9.312,0.321,0.321,0.000,0.000,1.0000,25.000,50.026,8.990,14.71
17286.00,5.000,9.312,0.321,0.321,0.000,0.000,1.0000,25.000,50.026,8.990,14.70
17291.00,5.000,9.311,0.321,0.321,0.000,0.000,1.0000,25.000,50.026,8.990,14.69
17296.00,5.000,9.311,0.321,0.321,0.000,0.000,1.0000,25.000,50.026,8.990,14.68
17301.00,5.000,9.311,0.321,0.321,0.000,0.000,1.0000,25.000,50.026,8.990,14.67
17306.00,5.000,9.311,0.320,0.320,0.000,0.000,1.0000,25.000,50.026,8.990,14.66
17311.00,5.000,9.311,0.320,0.320,0.000,0.000,1.0000,25.000,50.026,8.990,14.65
17316.00,5.000,9.311,0.320,0.320,0.000,0.000,1.0000,25.000,50.026,8.990,14.64
17321.00,5.000,9.311,0.320,0.320,0.000,0.000,1.0000,25.000,50.026,8.990,14.63
17326.00,5.000,9.310,0.320,0.320,0.000,0.000,1.0000,25.000,50.026,8.990,14.62
17331.00,5.000,9.310,0.320,0.320,0.000,0.000,1.0000,25.000,50.026,8.990,14.61
17336.00,5.000,9.310,0.320,0.320,0.000,0.000,1.0000,25.000,50.026,8.990,14.60
17341.00,5.000,9.310,0.319,0.319,0.000,0.000,1.0000,25.000,50.026,8.990,14.59
17346.00,5.000,9.310,0.319,0.319,0.000,0.000,1.0000,25.000,50.026,8.990,14.58
17351.00,5.000,9.310,0.319,0.319,0.000,0.000,1.0000,25.000,50.026,8.990,14.57
17356.00,5.000,9.309,0.319,0.319,0.000,0.000,1.0000,25.000,50.026,8.990,14.56
17361.00,5.000,9.309,0.319,0.319,0.000,0.000,1.0000,25.000,50.026,8.990,14.55
17366.00,5.000,9.309,0.319,0.319,0.000,0.000,1.0000,25.000,50.026,8.990,14.54
17371.00,5.000,9.309,0.319,0.319,0.000,0.000,1.0000,25.000,50.026,8.990,14.53
17376.00,5.000,9.309,0.318,0.318,0.000,0.000,1.0000,25.000,50.026,8.990,14.52
17381.00,5.000,9.309,0.318,0.318,0.000,0.000,1.0000,25.000,50.026,8.990,14.51
17386.00,5.000,9.309,0.318,0.318,0.000,0.000,1.0000,25.000,50.026,8.990,14.50
17391.00,5.000,9.308,0.318,0.318,0.000,0.000,1.0000,25.000,50.026,8.990,14.49
17396.00,5.000,9.308,0.318,0.318,0.000,0.000,1.0000,25.000,50.026,8.990,14.48
17401.00,5.000,9.308,0.318,0.318,0.000,0.000,1.0000,25.000,50.026,8.990,14.47
17406.00,5.000,9.308,0.318,0.318,0.000,0.000,1.0000,25.000,50.026,8.990,14.46
17411.00,5.000,9.308,0.317,0.317,0.000,0.000,1.0000,25.000,50.026,8.990,14.45
17416.00,5.000,9.308,0.317,0.317,0.000,0.000,1.0000,25.000,50.026,8.990,14.44
17421.00,5.000,9.308,0.317,0.317,0.000,0.000,1.0000,25.000,50.026,8.990,14.43
17426.00,5.000,9.307,0.317,0.317,0.000,0.000,1.0000,25.000,50.026,8.990,14.42
17431.00,5.000,9.307,0.317,0.317,0.000,0.000,1.0000,25.000,50.026,8.990,14.41
17436.00,5.000,9.307,0.317,0.317,0.000,0.000,1.0000,25.000,50.026,8.990,14.40
17441.00,5.000,9.307,0.317,0.317,0.000,0.000,1.0000,25.000,50.026,8.990,14.39
17446.00,5.000,9.307,0.316,0.316,0.000,0.000,1.0000,25.000,50.026,8.990,14.38
17451.00,5.000,9.307,0.316,0.316,0.000,0.000,1.0000,25.000,50.026,8.990,14.37
17456.00,5.000,9.307,0.316,0.316,0.000,0.000,1.0000,25.000,50.026,8.990,14.36
17461.00,5.000,9.306,0.316,0.316,0.000,0.000,1.0000,25.000,50.026,8.990,14.35
17466.00,5.000,9.306,0.316,0.316,0.000,0.000,1.0000,25.000,50.026,8.990,14.34
17471.00,5.000,9.306,0.316,0.316,0.000,0.000,1.0000,25.000,50.026,8.990,14.33
17476.00,5.000,9.306,0.316,0.316,0.000,0.000,1.0000,25.000,50.026,8.990,14.32
17481.00,5.000,9.306,0.315,0.315,0.000,0.000,1.0000,25.000,50.026,8.990,14.31
17486.00,5.000,9.306,0.315,0.315,0.000,0.000,1.0000,25.000,50.026,8.990,14.30
17491.00,5.000,9.306,0.315,0.315,0.000,0.000,1.0000,25.000,50.026,8.990,14.29
17496.00,5.000,9.305,0.315,0.315,0.000,0.000,1.0000,25.000,50.026,8.990,14.28
17501.00,5.000,9.305,0.315,0.315,0.000,0.000,1.0000,25.000,50.026,8.990,14.27
17506.00,5.000,9.305,0.315,0.315,0.000,0.000,1.0000,25.000,50.026,8.990,14.26
17511.00,5.000,9.305,0.315,0.315,0.000,0.000,1.0000,25.000,50.026,8.990,14.25
17516.00,5.000,9.305,0.314,0.314,0.000,0.000,1.0000,25.000,50.026,8.990,14.24
17521.00,5.000,9.305,0.314,0.314,0.000,0.000,1.0000,25.000,50.026,8.990,14.23
17526.00,5.000,9.305,0.314,0.314,0.000,0.000,1.0000,25.000,50.026,8.990,14.22
17531.00,5.000,9.304,0.314,0.314,0.000,0.000,1.0000,25.000,50.026,8.990,14.21
17536.00,5.000,9.304,0.314,0.314,0.000,0.000,1.0000,25.000,50.026,8.990,14.20
17541.00,5.000,9.304,0.314,0.314,0.000,0.000,1.0000,25.000,50.026,8.990,14.19
17546.00,5.000,9.304,0.314,0.314,0.000,0.000,1.0000,25.000,50.026,8.990,14.18
17551.00,5.000,9.304,0.313,0.313,0.000,0.000,1.0000,25.000,50.026,8.990,14.17
17556.00,5.000,9.304,0.313,0.313,0.000,0.000,1.0000,25.000,50.026,8.990,14.16
17561.00,5.000,9.304,0.313,0.313,0.000,0.000,1.0000,25.000,50.026,8.990,14.15
17566.00,5.000,9.303,0.313,0.313,0.000,0.000,1.0000,25.000,50.026,8.990,14.14
17571.00,5.000,9.303,0.313,0.313,0.000,0.000,1.0000,25.000,50.026,8.990,14.13
17576.00,5.000,9.303,0.313,0.313,0.000,0.000,1.0000,25.000,50.026,8.990,14.12
17581.00,5.000,9.303,0.313,0.313,0.000,0.000,1.0000,25.000,50.026,8.990,14.11
17586.00,5.000,9.303,0.312,0.312,0.000,0.000,1.0000,25.000,50.026,8.990,14.11
17591.00,5.000,9.303,0.312,0.312,0.000,0.000,1.0000,25.000,50.026,8.990,14.10
17596.00,5.000,9.303,0.312,0.312,0.000,0.000,1.0000,25.000,50.026,8.990,14.09
17601.00,5.000,9.302,0.312,0.312,0.000,0.000,1.0000,25.000,50.026,8.990,14.08
17606.00,5.000,9.302,0.312,0.312,0.000,0.000,1.0000,25.000,50.026,8.990,14.07
17611.00,5.000,9.302,0.312,0.312,0.000,0.000,1.0000,25.000,50.026,8.990,14.06
17616.00,5.000,9.302,0.312,0.312,0.000,0.000,1.0000,25.000,50.026,8.990,14.05
17621.00,5.000,9.302,0.311,0.311,0.000,0.000,1.0000,25.000,50.026,8.990,14.04
17626.00,5.000,9.302,0.311,0.311,0.000,0.000,1.0000,25.000,50.026,8.990,14.03
17631.00,5.000,9.302,0.311,0.311,0.000,0.000,1.0000,25.000,50.026,8.990,14.02
17636.00,5.000,9.301,0.311,0.311,0.000,0.000,1.0000,25.000,50.026,8.990,14.01
17641.00,5.000,9.301,0.311,0.311,0.000,0.000,1.0000,25.000,50.026,8.990,14.00
17646.00,5.000,9.301,0.311,0.311,0.000,0.000,1.0000,25.000,50.026,8.990,13.99
17651.00,5.000,9.301,0.311,0.311,0.000,0.000,1.0000,25.000,50.026,8.990,13.98
17656.00,5.000,9.301,0.310,0.310,0.000,0.000,1.0000,25.000,50.026,8.990,13.97
17661.00,5.000,9.301,0.310,0.310,0.000,0.000,1.0000,25.000,50.026,8.990,13.96
17666.00,5.000,9.301,0.310,0.310,0.000,0.000,1.0000,25.000,50.026,8.990,13.95
17671.00,5.000,9.301,0.310,0.310,0.000,0.000,1.0000,25.000,50.026,8.990,13.94
17676.00,5.000,9.300,0.310,0.310,0.000,0.000,1.0000,25.000,50.026,8.990,13.93
17681.00,5.000,9.300,0.310,0.310,0.000,0.000,1.0000,25.000,50.026,8.990,13.93
17686.00,5.000,9.300,0.310,0.310,0.000,0.000,1.0000,25.000,50.026,8.990,13.92
17691.00,5.000,9.300,0.309,0.309,0.000,0.000,1.0000,25.000,50.026,8.990,13.91
17696.00,5.000,9.300,0.309,0.309,0.000,0.000,1.0000,25.000,50.026,8.990,13.90
17701.00,5.000,9.300,0.309,0.309,0.000,0.000,1.0000,25.000,50.026,8.990,13.89
17706.00,5.000,9.300,0.309,0.309,0.000,0.000,1.0000,25.000,50.026,8.990,13.88
17711.00,5.000,9.299,0.309,0.309,0.000,0.000,1.0000,25.000,50.026,8.990,13.87
17716.00,5.000,9.299,0.309,0.309,0.000,0.000,1.0000,25.000,50.026,8.990,13.86
17721.00,5.000,9.299,0.309,0.309,0.000,0.000,1.0000,25.000,50.026,8.990,13.85
17726.00,5.000,9.299,0.309,0.309,0.000,0.000,1.0000,25.000,50.026,8.990,13.84
17731.00,5.000,9.299,0.308,0.308,0.000,0.000,1.0000,25.000,50.026,8.990,13.83
17736.00,5.000,9.299,0.308,0.308,0.000,0.000,1.0000,25.000,50.026,8.990,13.82
17741.00,5.000,9.299,0.308,0.308,0.000,0.000,1.0000,25.000,50.026,8.990,13.81
17746.00,5.000,9.298,0.308,0.308,0.000,0.000,1.0000,25.000,50.026,8.990,13.81
17751.00,5.000,9.298,0.308,0.308,0.000,0.000,1.0000,25.000,50.026,8.990,13.80
17756.00,5.000,9.298,0.308,0.308,0.000,0.000,1.0000,25.000,50.026,8.990,13.79
17761.00,5.000,9.298,0.308,0.308,0.000,0.000,1.0000,25.000,50.026,8.990,13.78
17766.00,5.000,9.298,0.307,0.307,0.000,0.000,1.0000,25.000,50.026,8.990,13.77
17771.00,5.000,9.298,0.307,0.307,0.000,0.000,1.0000,25.000,50.026,8.990,13.76
17776.00,5.000,9.298,0.307,0.307,0.000,0.000,1.0000,25.000,50.026,8.990,13.75
17781.00,5.000,9.298,0.307,0.307,0.000,0.000,1.0000,25.000,50.026,8.990,13.74
17786.00,5.000,9.297,0.307,0.307,0.000,0.000,1.0000,25.000,50.026,8.990,13.73
17791.00,5.000,9.297,0.307,0.307,0.000,0.000,1.0000,25.000,50.026,8.990,13.72
17796.00,5.000,9.297,0.307,0.307,0.000,0.000,1.0000,25.000,50.026,8.990,13.71
17801.00,5.000,9.297,0.306,0.306,0.000,0.000,1.0000,25.000,50.026,8.990,13.70
17806.00,5.000,9.297,0.306,0.306,0.000,0.000,1.0000,25.000,50.026,8.990,13.70
17811.00,5.000,9.297,0.306,0.306,0.000,0.000,1.0000,25.000,50.026,8.990,13.69
17816.00,5.000,9.297,0.306,0.306,0.000,0.000,1.0000,25.000,50.026,8.990,13.68
17821.00,5.000,9.296,0.306,0.306,0.000,0.000,1.0000,25.000,50.026,8.990,13.67
17826.00,5.000,9.296,0.306,0.306,0.000,0.000,1.0000,25.000,50.026,8.990,13.66
17831.00,5.000,9.296,0.306,0.306,0.000,0.000,1.0000,25.000,50.026,8.990,13.65
17836.00,5.000,9.296,0.306,0.306,0.000,0.000,1.0000,25.000,50.026,8.990,13.64
17841.00,5.000,9.296,0.305,0.305,0.000,0.000,1.0000,25.000,50.026,8.990,13.63
17846.00,5.000,9.296,0.305,0.305,0.000,0.000,1.0000,25.000,50.026,8.990,13.62
17851.00,5.000,9.296,0.305,0.305,0.000,0.000,1.0000,25.000,50.026,8.990,13.61
17856.00,5.000,9.296,0.305,0.305,0.000,0.000,1.0000,25.000,50.026,8.990,13.61
17861.00,5.000,9.295,0.305,0.305,0.000,0.000,1.0000,25.000,50.026,8.990,13.60
17866.00,5.000,9.295,0.305,0.305,0.000,0.000,1.0000,25.000,50.026,8.990,13.59
17871.00,5.000,9.295,0.305,0.305,0.000,0.000,1.0000,25.000,50.026,8.990,13.58
17876.00,5.000,9.295,0.304,0.304,0.000,0.000,1.0000,25.000,50.026,8.990,13.57
17881.00,5.000,9.295,0.304,0.304,0.000,0.000,1.0000,25.000,50.026,8.990,13.56
17886.00,5.000,9.295,0.304,0.304,0.000,0.000,1.0000,25.000,50.026,8.990,13.55
17891.00,5.000,9.295,0.304,0.304,0.000,0.000,1.0000,25.000,50.026,8.990,13.54
17896.00,5.000,9.294,0.304,0.304,0.000,0.000,1.0000,25.000,50.026,8.990,13.53
17901.00,5.000,9.294,0.304,0.304,0.000,0.000,1.0000,25.000,50.026,8.990,13.53
17906.00,5.000,9.294,0.304,0.304,0.000,0.000,1.0000,25.000,50.026,8.990,13.52
17911.00,5.000,9.294,0.304,0.304,0.000,0.000,1.0000,25.000,50.026,8.990,13.51
17916.00,5.000,9.294,0.303,0.303,0.000,0.000,1.0000,25.000,50.026,8.990,13.50
17921.00,5.000,9.294,0.303,0.303,0.000,0.000,1.0000,25.000,50.026,8.990,13.49
17926.00,5.000,9.294,0.303,0.303,0.000,0.000,1.0000,25.000,50.026,8.990,13.48
17931.00,5.000,9.294,0.303,0.303,0.000,0.000,1.0000,25.000,50.026,8.990,13.47
17936.00,5.000,9.293,0.303,0.303,0.000,0.000,1.0000,25.000,50.026,8.990,13.46
17941.00,5.000,9.293,0.303,0.303,0.000,0.000,1.0000,25.000,50.026,8.990,13.46
17946.00,5.000,9.293,0.303,0.303,0.000,0.000,1.0000,25.000,50.026,8.990,13.45
17951.00,5.000,9.293,0.303,0.303,0.000,0.000,1.0000,25.000,50.026,8.990,13.44
17956.00,5.000,9.293,0.302,0.302,0.000,0.000,1.0000,25.000,50.026,8.990,13.43
17961.00,5.000,9.293,0.302,0.302,0.000,0.000,1.0000,25.000,50.026,8.990,13.42
17966.00,5.000,9.293,0.302,0.302,0.000,0.000,1.0000,25.000,50.026,8.990,13.41
17971.00,5.000,9.292,0.302,0.302,0.000,0.000,1.0000,25.000,50.026,8.990,13.40
17976.00,5.000,9.292,0.302,0.302,0.000,0.000,1.0000,25.000,50.026,8.990,13.39
17981.00,5.000,9.292,0.302,0.302,0.000,0.000,1.0000,25.000,50.026,8.990,13.39
17986.00,5.000,9.292,0.302,0.302,0.000,0.000,1.0000,25.000,50.026,8.990,13.38
17991.00,5.000,9.292,0.301,0.301,0.000,0.000,1.0000,25.000,50.026,8.990,13.37
17996.00,5.000,9.292,0.301,0.301,0.000,0.000,1.0000,25.000,50.026,8.990,13.36
18001.00,5.000,9.292,0.301,0.301,0.000,0.000,1.0000,25.000,50.026,8.990,13.35
18006.00,5.000,9.292,0.301,0.301,0.000,0.000,1.0000,25.000,50.026,8.990,13.34
18011.00,5.000,9.291,0.301,0.301,0.000,0.000,1.0000,25.000,50.026,8.990,13.33
18016.00,5.000,9.291,0.301,0.301,0.000,0.000,1.0000,25.000,50.026,8.990,13.33
18021.00,5.000,9.291,0.301,0.301,0.000,0.000,1.0000,25.000,50.026,8.990,13.32
18026.00,5.000,9.291,0.301,0.301,0.000,0.000,1.0000,25.000,50.026,8.990,13.31
18031.00,5.000,9.291,0.300,0.300,0.000,0.000,1.0000,25.000,50.026,8.990,13.30
18036.00,5.000,9.291,0.300,0.300,0.000,0.000,1.0000,25.000,50.026,8.990,13.29
18041.00,5.000,9.291,0.300,0.300,0.000,0.000,1.0000,25.000,50.026,8.990,13.28
18046.00,5.000,9.291,0.300,0.300,0.000,0.000,1.0000,25.000,50.026,8.990,13.27
18051.00,5.000,9.290,0.300,0.300,0.000,0.000,1.0000,25.000,50.026,8.990,13.27
18056.00,5.000,9.290,0.300,0.300,0.000,0.000,1.0000,25.000,50.026,8.990,13.26
18061.00,5.000,9.290,0.300,0.300,0.000,0.000,1.0000,25.000,50.026,8.990,13.25
18066.00,5.000,9.290,0.300,0.300,0.000,0.000,1.0000,25.000,50.026,8.990,13.24
18071.00,5.000,9.290,0.299,0.299,0.000,0.000,1.0000,25.000,50.026,8.990,13.23
18076.00,5.000,9.290,0.299,0.299,0.000,0.000,1.0000,25.000,50.026,8.990,13.22
18081.00,5.000,9.290,0.299,0.299,0.000,0.000,1.0000,25.000,50.026,8.990,13.21
18086.00,5.000,9.290,0.299,0.299,0.000,0.000,1.0000,25.000,50.026,8.990,13.21
18091.00,5.000,9.289,0.299,0.299,0.000,0.000,1.0000,25.000,50.026,8.990,13.20
18096.00,5.000,9.289,0.299,0.299,0.000,0.000,1.0000,25.000,50.026,8.990,13.19
18101.00,5.000,9.289,0.299,0.299,0.000,0.000,1.0000,25.000,50.026,8.990,13.18
18106.00,5.000,9.289,0.299,0.299,0.000,0.000,1.0000,25.000,50.026,8.990,13.17
18111.00,5.000,9.289,0.298,0.298,0.000,0.000,1.0000,25.000,50.026,8.990,13.16
18116.00,5.000,9.289,0.298,0.298,0.000,0.000,1.0000,25.000,50.026,8.990,13.16
18121.00,5.000,9.289,0.298,0.298,0.000,0.000,1.0000,25.000,50.026,8.990,13.15
18126.00,5.000,9.289,0.298,0.298,0.000,0.000,1.0000,25.000,50.026,8.990,13.14
18131.00,5.000,9.288,0.298,0.298,0.000,0.000,1.0000,25.000,50.026,8.990,13.13
18136.00,5.000,9.288,0.298,0.298,0.000,0.000,1.0000,25.000,50.026,8.990,13.12
18141.00,5.000,9.288,0.298,0.298,0.000,0.000,1.0000,25.000,50.026,8.990,13.11
18146.00,5.000,9.288,0.298,0.298,0.000,0.000,1.0000,25.000,50.026,8.990,13.11
18151.00,5.000,9.288,0.297,0.297,0.000,0.000,1.0000,25.000,50.026,8.990,13.10
18156.00,5.000,9.288,0.297,0.297,0.000,0.000,1.0000,25.000,50.026,8.990,13.09
18161.00,5.000,9.288,0.297,0.297,0.000,0.000,1.0000,25.000,50.026,8.990,13.08
18166.00,5.000,9.288,0.297,0.297,0.000,0.000,1.0000,25.000,50.026,8.990,13.07
18171.00,5.000,9.287,0.297,0.297,0.000,0.000,1.0000,25.000,50.026,8.990,13.06
18176.00,5.000,9.287,0.297,0.297,0.000,0.000,1.0000,25.000,50.026,8.990,13.06
18181.00,5.000,9.287,0.297,0.297,0.000,0.000,1.0000,25.000,50.026,8.990,13.05
18186.00,5.000,9.287,0.297,0.297,0.000,0.000,1.0000,25.000,50.026,8.990,13.04
18191.00,5.000,9.287,0.296,0.296,0.000,0.000,1.0000,25.000,50.026,8.990,13.03
18196.00,5.000,9.287,0.296,0.296,0.000,0.000,1.0000,25.000,50.026,8.990,13.02
18201.00,5.000,9.287,0.296,0.296,0.000,0.000,1.0000,25.000,50.026,8.990,13.01
18206.00,5.000,9.287,0.296,0.296,0.000,0.000,1.0000,25.000,50.026,8.990,13.01
18211.00,5.000,9.286,0.296,0.296,0.000,0.000,1.0000,25.000,50.026,8.990,13.00
18216.00,5.000,9.286,0.296,0.296,0.000,0.000,1.0000,25.000,50.026,8.990,12.99
18221.00,5.000,9.286,0.296,0.296,0.000,0.000,1.0000,25.000,50.026,8.990,12.98
18226.00,5.000,9.286,0.296,0.296,0.000,0.000,1.0000,25.000,50.026,8.990,12.97
18231.00,5.000,9.286,0.295,0.295,0.000,0.000,1.0000,25.000,50.026,8.990,12.97
18236.00,5.000,9.286,0.295,0.295,0.000,0.000,1.0000,25.000,50.026,8.990,12.96
18241.00,5.000,9.286,0.295,0.295,0.000,0.000,1.0000,25.000,50.026,8.990,12.95
18246.00,5.000,9.286,0.295,0.295,0.000,0.000,1.0000,25.000,50.026,8.990,12.94
18251.00,5.000,9.285,0.295,0.295,0.000,0.000,1.0000,25.000,50.026,8.990,12.93
18256.00,5.000,9.285,0.295,0.295,0.000,0.000,1.0000,25.000,50.026,8.990,12.93
18261.00,5.000,9.285,0.295,0.295,0.000,0.000,1.0000,25.000,50.026,8.990,12.92
18266.00,5.000,9.285,0.295,0.295,0.000,0.000,1.0000,25.000,50.026,8.990,12.91
18271.00,5.000,9.285,0.294,0.294,0.000,0.000,1.0000,25.000,50.026,8.990,12.90
18276.00,5.000,9.285,0.294,0.294,0.000,0.000,1.0000,25.000,50.026,8.990,12.89
18281.00,5.000,9.285,0.294,0.294,0.000,0.000,1.0000,25.000,50.026,8.990,12.88
18286.00,5.000,9.285,0.294,0.294,0.000,0.000,1.0000,25.000,50.026,8.990,12.88
18291.00,5.000,9.284,0.294,0.294,0.000,0.000,1.0000,25.000,50.026,8.990,12.87
18296.00,5.000,9.284,0.294,0.294,0.000,0.000,1.0000,25.000,50.026,8.990,12.86
18301.00,5.000,9.284,0.294,0.294,0.000,0.000,1.0000,25.000,50.026,8.990,12.85
18306.00,5.000,9.284,0.294,0.294,0.000,0.000,1.0000,25.000,50.026,8.990,12.84
18311.00,5.000,9.284,0.293,0.293,0.000,0.000,1.0000,25.000,50.026,8.990,12.84
18316.00,5.000,9.284,0.293,0.293,0.000,0.000,1.0000,25.000,50.026,8.990,12.83
18321.00,5.000,9.284,0.293,0.293,0.000,0.000,1.0000,25.000,50.026,8.990,12.82
18326.00,5.000,9.284,0.293,0.293,0.000,0.000,1.0000,25.000,50.026,8.990,12.81
18331.00,5.000,9.283,0.293,0.293,0.000,0.000,1.0000,25.000,50.026,8.990,12.80
18336.00,5.000,9.283,0.293,0.293,0.000,0.000,1.0000,25.000,50.026,8.990,12.80
18341.00,5.000,9.283,0.293,0.293,0.000,0.000,1.0000,25.000,50.026,8.990,12.79
18346.00,5.000,9.283,0.293,0.293,0.000,0.000,1.0000,25.000,50.026,8.990,12.78
18351.00,5.000,9.283,0.293,0.293,0.000,0.000,1.0000,25.000,50.026,8.990,12.77
18356.00,5.000,9.283,0.292,0.292,0.000,0.000,1.0000,25.000,50.026,8.990,12.77
18361.00,5.000,9.283,0.292,0.292,0.000,0.000,1.0000,25.000,50.026,8.990,12.76
18366.00,5.000,9.283,0.292,0.292,0.000,0.000,1.0000,25.000,50.026,8.990,12.75
18371.00,5.000,9.283,0.292,0.292,0.000,0.000,1.0000,25.000,50.026,8.990,12.74
18376.00,5.000,9.282,0.292,0.292,0.000,0.000,1.0000,25.000,50.026,8.990,12.73
18381.00,5.000,9.282,0.292,0.292,0.000,0.000,1.0000,25.000,50.026,8.990,12.73
18386.00,5.000,9.282,0.292,0.292,0.000,0.000,1.0000,25.000,50.026,8.990,12.72
18391.00,5.000,9.282,0.292,0.292,0.000,0.000,1.0000,25.000,50.026,8.990,12.71
18396.00,5.000,9.282,0.291,0.291,0.000,0.000,1.0000,25.000,50.026,8.990,12.70
18401.00,5.000,9.282,0.291,0.291,0.000,0.000,1.0000,25.000,50.026,8.990,12.69
18406.00,5.000,9.282,0.291,0.291,0.000,0.000,1.0000,25.000,50.026,8.990,12.69
18411.00,5.000,9.282,0.291,0.291,0.000,0.000,1.0000,25.000,50.026,8.990,12.68
18416.00,5.000,9.281,0.291,0.291,0.000,0.000,1.0000,25.000,50.026,8.990,12.67
18421.00,5.000,9.281,0.291,0.291,0.000,0.000,1.0000,25.000,50.026,8.990,12.66
18426.00,5.000,9.281,0.291,0.291,0.000,0.000,1.0000,25.000,50.026,8.990,12.66
18431.00,5.000,9.281,0.291,0.291,0.000,0.000,1.0000,25.000,50.026,8.990,12.65
18436.00,5.000,9.281,0.290,0.290,0.000,0.000,1.0000,25.000,50.026,8.990,12.64
18441.00,5.000,9.281,0.290,0.290,0.000,0.000,1.0000,25.000,50.026,8.990,12.63
18446.00,5.000,9.281,0.290,0.290,0.000,0.000,1.0000,25.000,50.026,8.990,12.62
18451.00,5.000,9.281,0.290,0.290,0.000,0.000,1.0000,25.000,50.026,8.990,12.62
18456.00,5.000,9.281,0.290,0.290,0.000,0.000,1.0000,25.000,50.026,8.990,12.61
18461.00,5.000,9.280,0.290,0.290,0.000,0.000,1.0000,25.000,50.026,8.990,12.60
18466.00,5.000,9.280,0.290,0.290,0.000,0.000,1.0000,25.000,50.026,8.990,12.59
18471.00,5.000,9.280,0.290,0.290,0.000,0.000,1.0000,25.000,50.026,8.990,12.59
18476.00,5.000,9.280,0.290,0.290,0.000,0.000,1.0000,25.000,50.026,8.990,12.58
18481.00,5.000,9.280,0.289,0.289,0.000,0.000,1.0000,25.000,50.026,8.990,12.57
18486.00,5.000,9.280,0.289,0.289,0.000,0.000,1.0000,25.000,50.026,8.990,12.56
18491.00,5.000,9.280,0.289,0.289,0.000,0.000,1.0000,25.000,50.026,8.990,12.56
18496.00,5.000,9.280,0.289,0.289,0.000,0.000,1.0000,25.000,50.026,8.990,12.55
18501.00,5.000,9.279,0.289,0.289,0.000,0.000,1.0000,25.000,50.026,8.990,12.54
18506.00,5.000,9.279,0.289,0.289,0.000,0.000,1.0000,25.000,50.026,8.990,12.53
18511.00,5.000,9.279,0.289,0.289,0.000,0.000,1.0000,25.000,50.026,8.990,12.52
18516.00,5.000,9.279,0.289,0.289,0.000,0.000,1.0000,25.000,50.026,8.990,12.52
18521.00,5.000,9.279,0.289,0.289,0.000,0.000,1.0000,25.000,50.026,8.990,12.51
18526.00,5.000,9.279,0.288,0.288,0.000,0.000,1.0000,25.000,50.026,8.990,12.50
18531.00,5.000,9.279,0.288,0.288,0.000,0.000,1.0000,25.000,50.026,8.990,12.49
18536.00,5.000,9.279,0.288,0.288,0.000,0.000,1.0000,25.000,50.026,8.990,12.49
18541.00,5.000,9.279,0.288,0.288,0.000,0.000,1.0000,25.000,50.026,8.990,12.48
18546.00,5.000,9.278,0.288,0.288,0.000,0.000,1.0000,25.000,50.026,8.990,12.47
18551.00,5.000,9.278,0.288,0.288,0.000,0.000,1.0000,25.000,50.026,8.990,12.46
18556.00,5.000,9.278,0.288,0.288,0.000,0.000,1.0000,25.000,50.026,8.990,12.46
18561.00,5.000,9.278,0.288,0.288,0.000,0.000,1.0000,25.000,50.026,8.990,12.45
18566.00,5.000,9.278,0.287,0.287,0.000,0.000,1.0000,25.000,50.026,8.990,12.44
18571.00,5.000,9.278,0.287,0.287,0.000,0.000,1.0000,25.000,50.026,8.990,12.43
18576.00,5.000,9.278,0.287,0.287,0.000,0.000,1.0000,25.000,50.026,8.990,12.43
18581.00,5.000,9.278,0.287,0.287,0.000,0.000,1.0000,25.000,50.026,8.990,12.42
18586.00,5.000,9.277,0.287,0.287,0.000,0.000,1.0000,25.000,50.026,8.990,12.41
18591.00,5.000,9.277,0.287,0.287,0.000,0.000,1.0000,25.000,50.026,8.990,12.40
18596.00,5.000,9.277,0.287,0.287,0.000,0.000,1.0000,25.000,50.026,8.990,12.40
18601.00,5.000,9.277,0.287,0.287,0.000,0.000,1.0000,25.000,50.026,8.990,12.39
18606.00,5.000,9.277,0.287,0.287,0.000,0.000,1.0000,25.000,50.026,8.990,12.38
18611.00,5.000,9.277,0.286,0.286,0.000,0.000,1.0000,25.000,50.026,8.990,12.37
18616.00,5.000,9.277,0.286,0.286,0.000,0.000,1.0000,25.000,50.026,8.990,12.37
18621.00,5.000,9.277,0.286,0.286,0.000,0.000,1.0000,25.000,50.026,8.990,12.36
18626.00,5.000,9.277,0.286,0.286,0.000,0.000,1.0000,25.000,50.026,8.990,12.35
18631.00,5.000,9.276,0.286,0.286,0.000,0.000,1.0000,25.000,50.026,8.990,12.34
18636.00,5.000,9.276,0.286,0.286,0.000,0.000,1.0000,25.000,50.026,8.990,12.34
18641.00,5.000,9.276,0.286,0.286,0.000,0.000,1.0000,25.000,50.026,8.990,12.33
18646.00,5.000,9.276,0.286,0.286,0.000,0.000,1.0000,25.000,50.026,8.990,12.32
18651.00,5.000,9.276,0.286,0.286,0.000,0.000,1.0000,25.000,50.026,8.990,12.32
18656.00,5.000,9.276,0.285,0.285,0.000,0.000,1.0000,25.000,50.026,8.990,12.31
18661.00,5.000,9.276,0.285,0.285,0.000,0.000,1.0000,25.000,50.026,8.990,12.30
18666.00,5.000,9.276,0.285,0.285,0.000,0.000,1.0000,25.000,50.026,8.990,12.29
18671.00,5.000,9.276,0.285,0.285,0.000,0.000,1.0000,25.000,50.026,8.990,12.29
18676.00,5.000,9.275,0.285,0.285,0.000,0.000,1.0000,25.000,50.026,8.990,12.28
18681.00,5.000,9.275,0.285,0.285,0.000,0.000,1.0000,25.000,50.026,8.990,12.27
18686.00,5.000,9.275,0.285,0.285,0.000,0.000,1.0000,25.000,50.026,8.990,12.26
18691.00,5.000,9.275,0.285,0.285,0.000,0.000,1.0000,25.000,50.026,8.990,12.26
18696.00,5.000,9.275,0.285,0.285,0.000,0.000,1.0000,25.000,50.026,8.990,12.25
18701.00,5.000,9.275,0.284,0.284,0.000,0.000,1.0000,25.000,50.026,8.990,12.24
18706.00,5.000,9.275,0.284,0.284,0.000,0.000,1.0000,25.000,50.026,8.990,12.23
18711.00,5.000,9.275,0.284,0.284,0.000,0.000,1.0000,25.000,50.026,8.990,12.23
18716.00,5.000,9.275,0.284,0.284,0.000,0.000,1.0000,25.000,50.026,8.990,12.22
18721.00,5.000,9.274,0.284,0.284,0.000,0.000,1.0000,25.000,50.026,8.990,12.21
18726.00,5.000,9.274,0.284,0.284,0.000,0.000,1.0000,25.000,50.026,8.990,12.21
18731.00,5.000,9.274,0.284,0.284,0.000,0.000,1.0000,25.000,50.026,8.990,12.20
18736.00,5.000,9.274,0.284,0.284,0.000,0.000,1.0000,25.000,50.026,8.990,12.19
18741.00,5.000,9.274,0.284,0.284,0.000,0.000,1.0000,25.000,50.026,8.990,12.18
18746.00,5.000,9.274,0.283,0.283,0.000,0.000,1.0000,25.000,50.026,8.990,12.18
18751.00,5.000,9.274,0.283,0.283,0.000,0.000,1.0000,25.000,50.026,8.990,12.17
18756.00,5.000,9.274,0.283,0.283,0.000,0.000,1.0000,25.000,50.026,8.990,12.16
18761.00,5.000,9.274,0.283,0.283,0.000,0.000,1.0000,25.000,50.026,8.990,12.16
18766.00,5.000,9.273,0.283,0.283,0.000,0.000,1.0000,25.000,50.026,8.990,12.15
18771.00,5.000,9.273,0.283,0.283,0.000,0.000,1.0000,25.000,50.026,8.990,12.14
18776.00,5.000,9.273,0.283,0.283,0.000,0.000,1.0000,25.000,50.026,8.990,12.13
18781.00,5.000,9.273,0.283,0.283,0.000,0.000,1.0000,25.000,50.026,8.990,12.13
18786.00,5.000,9.273,0.283,0.283,0.000,0.000,1.0000,25.000,50.026,8.990,12.12
18791.00,5.000,9.273,0.282,0.282,0.000,0.000,1.0000,25.000,50.026,8.990,12.11
18796.00,5.000,9.273,0.282,0.282,0.000,0.000,1.0000,25.000,50.026,8.990,12.11
18801.00,5.000,9.273,0.282,0.282,0.000,0.000,1.0000,25.000,50.026,8.990,12.10
18806.00,5.000,9.273,0.282,0.282,0.000,0.000,1.0000,25.000,50.026,8.990,12.09
18811.00,5.000,9.272,0.282,0.282,0.000,0.000,1.0000,25.000,50.026,8.990,12.08
18816.00,5.000,9.272,0.282,0.282,0.000,0.000,1.0000,25.000,50.026,8.990,12.08
18821.00,5.000,9.272,0.282,0.282,0.000,0.000,1.0000,25.000,50.026,8.990,12.07
18826.00,5.000,9.272,0.282,0.282,0.000,0.000,1.0000,25.000,50.026,8.990,12.06
18831.00,5.000,9.272,0.282,0.282,0.000,0.000,1.0000,25.000,50.026,8.990,12.06
18836.00,5.000,9.272,0.281,0.281,0.000,0.000,1.0000,25.000,50.026,8.990,12.05
18841.00,5.000,9.272,0.281,0.281,0.000,0.000,1.0000,25.000,50.026,8.990,12.04
18846.00,5.000,9.272,0.281,0.281,0.000,0.000,1.0000,25.000,50.026,8.990,12.03
18851.00,5.000,9.272,0.281,0.281,0.000,0.000,1.0000,25.000,50.026,8.990,12.03
18856.00,5.000,9.271,0.281,0.281,0.000,0.000,1.0000,25.000,50.026,8.990,12.02
18861.00,5.000,9.271,0.281,0.281,0.000,0.000,1.0000,25.000,50.026,8.990,12.01
18866.00,5.000,9.271,0.281,0.281,0.000,0.000,1.0000,25.000,50.026,8.990,12.01
18871.00,5.000,9.271,0.281,0.281,0.000,0.000,1.0000,25.000,50.026,8.990,12.00
18876.00,5.000,9.271,0.281,0.281,0.000,0.000,1.0000,25.000,50.026,8.990,11.99
18881.00,5.000,9.271,0.280,0.280,0.000,0.000,1.0000,25.000,50.026,8.990,11.99
18886.00,5.000,9.271,0.280,0.280,0.000,0.000,1.0000,25.000,50.026,8.990,11.98
18891.00,5.000,9.271,0.280,0.280,0.000,0.000,1.0000,25.000,50.026,8.990,11.97
18896.00,5.000,9.271,0.280,0.280,0.000,0.000,1.0000,25.000,50.026,8.990,11.97
18901.00,5.000,9.270,0.280,0.280,0.000,0.000,1.0000,25.000,50.026,8.990,11.96
18906.00,5.000,9.270,0.280,0.280,0.000,0.000,1.0000,25.000,50.026,8.990,11.95
18911.00,5.000,9.270,0.280,0.280,0.000,0.000,1.0000,25.000,50.026,8.990,11.94
18916.00,5.000,9.270,0.280,0.280,0.000,0.000,1.0000,25.000,50.026,8.990,11.94
18921.00,5.000,9.270,0.280,0.280,0.000,0.000,1.0000,25.000,50.026,8.990,11.93
18926.00,5.000,9.270,0.279,0.279,0.000,0.000,1.0000,25.000,50.026,8.990,11.92
18931.00,5.000,9.270,0.279,0.279,0.000,0.000,1.0000,25.000,50.026,8.990,11.92
18936.00,5.000,9.270,0.279,0.279,0.000,0.000,1.0000,25.000,50.026,8.990,11.91
18941.00,5.000,9.270,0.279,0.279,0.000,0.000,1.0000,25.000,50.026,8.990,11.90
18946.00,5.000,9.270,0.279,0.279,0.000,0.000,1.0000,25.000,50.026,8.990,11.90
18951.00,5.000,9.269,0.279,0.279,0.000,0.000,1.0000,25.000,50.026,8.990,11.89
18956.00,5.000,9.269,0.279,0.279,0.000,0.000,1.0000,25.000,50.026,8.990,11.88
18961.00,5.000,9.269,0.279,0.279,0.000,0.000,1.0000,25.000,50.026,8.990,11.88
18966.00,5.000,9.269,0.279,0.279,0.000,0.000,1.0000,25.000,50.026,8.990,11.87
18971.00,5.000,9.269,0.279,0.279,0.000,0.000,1.0000,25.000,50.026,8.990,11.86
18976.00,5.000,9.269,0.278,0.278,0.000,0.000,1.0000,25.000,50.026,8.990,11.86
18981.00,5.000,9.269,0.278,0.278,0.000,0.000,1.0000,25.000,50.026,8.990,11.85
18986.00,5.000,9.269,0.278,0.278,0.000,0.000,1.0000,25.000,50.026,8.990,11.84
18991.00,5.000,9.269,0.278,0.278,0.000,0.000,1.0000,25.000,50.026,8.990,11.83
18996.00,5.000,9.268,0.278,0.278,0.000,0.000,1.0000,25.000,50.026,8.990,11.83
19001.00,5.000,9.268,0.278,0.278,0.000,0.000,1.0000,25.000,50.026,8.990,11.82
19006.00,5.000,9.268,0.278,0.278,0.000,0.000,1.0000,25.000,50.026,8.990,11.81
19011.00,5.000,9.268,0.278,0.278,0.000,0.000,1.0000,25.000,50.026,8.990,11.81
19016.00,5.000,9.268,0.278,0.278,0.000,0.000,1.0000,25.000,50.026,8.990,11.80
19021.00,5.000,9.268,0.277,0.277,0.000,0.000,1.0000,25.000,50.026,8.990,11.79
19026.00,5.000,9.268,0.277,0.277,0.000,0.000,1.0000,25.000,50.026,8.990,11.79
19031.00,5.000,9.268,0.277,0.277,0.000,0.000,1.0000,25.000,50.026,8.990,11.78
19036.00,5.000,9.268,0.277,0.277,0.000,0.000,1.0000,25.000,50.026,8.990,11.77
19041.00,5.000,9.268,0.277,0.277,0.000,0.000,1.0000,25.000,50.026,8.990,11.77
19046.00,5.000,9.267,0.277,0.277,0.000,0.000,1.0000,25.000,50.026,8.990,11.76
19051.00,5.000,9.267,0.277,0.277,0.000,0.000,1.0000,25.000,50.026,8.990,11.75
19056.00,5.000,9.267,0.277,0.277,0.000,0.000,1.0000,25.000,50.026,8.990,11.75
19061.00,5.000,9.267,0.277,0.277,0.000,0.000,1.0000,25.000,50.026,8.990,11.74
19066.00,5.000,9.267,0.277,0.277,0.000,0.000,1.0000,25.000,50.026,8.990,11.73
19071.00,5.000,9.267,0.276,0.276,0.000,0.000,1.0000,25.000,50.026,8.990,11.73
19076.00,5.000,9.267,0.276,0.276,0.000,0.000,1.0000,25.000,50.026,8.990,11.72
19081.00,5.000,9.267,0.276,0.276,0.000,0.000,1.0000,25.000,50.026,8.990,11.71
19086.00,5.000,9.267,0.276,0.276,0.000,0.000,1.0000,25.000,50.026,8.990,11.71
19091.00,5.000,9.266,0.276,0.276,0.000,0.000,1.0000,25.000,50.026,8.990,11.70
19096.00,5.000,9.266,0.276,0.276,0.000,0.000,1.0000,25.000,50.026,8.990,11.69
19101.00,5.000,9.266,0.276,0.276,0.000,0.000,1.0000,25.000,50.026,8.990,11.69
19106.00,5.000,9.266,0.276,0.276,0.000,0.000,1.0000,25.000,50.026,8.990,11.68
19111.00,5.000,9.266,0.276,0.276,0.000,0.000,1.0000,25.000,50.026,8.990,11.67
19116.00,5.000,9.266,0.275,0.275,0.000,0.000,1.0000,25.000,50.026,8.990,11.67
19121.00,5.000,9.266,0.275,0.275,0.000,0.000,1.0000,25.000,50.026,8.990,11.66
19126.00,5.000,9.266,0.275,0.275,0.000,0.000,1.0000,25.000,50.026,8.990,11.65
19131.00,5.000,9.266,0.275,0.275,0.000,0.000,1.0000,25.000,50.026,8.990,11.65
19136.00,5.000,9.266,0.275,0.275,0.000,0.000,1.0000,25.000,50.026,8.990,11.64
19141.00,5.000,9.265,0.275,0.275,0.000,0.000,1.0000,25.000,50.026,8.990,11.63
19146.00,5.000,9.265,0.275,0.275,0.000,0.000,1.0000,25.000,50.026,8.990,11.63
19151.00,5.000,9.265,0.275,0.275,0.000,0.000,1.0000,25.000,50.026,8.990,11.62
19156.00,5.000,9.265,0.275,0.275,0.000,0.000,1.0000,25.000,50.026,8.990,11.62
19161.00,5.000,9.265,0.275,0.275,0.000,0.000,1.0000,25.000,50.026,8.990,11.61
19166.00,5.000,9.265,0.274,0.274,0.000,0.000,1.0000,25.000,50.026,8.990,11.60
19171.00,5.000,9.265,0.274,0.274,0.000,0.000,1.0000,25.000,50.026,8.990,11.60
19176.00,5.000,9.265,0.274,0.274,0.000,0.000,1.0000,25.000,50.026,8.990,11.59
19181.00,5.000,9.265,0.274,0.274,0.000,0.000,1.0000,25.000,50.026,8.990,11.58
19186.00,5.000,9.265,0.274,0.274,0.000,0.000,1.0000,25.000,50.026,8.990,11.58
19191.00,5.000,9.264,0.274,0.274,0.000,0.000,1.0000,25.000,50.026,8.990,11.57
19196.00,5.000,9.264,0.274,0.274,0.000,0.000,1.0000,25.000,50.026,8.990,11.56
19201.00,5.000,9.264,0.274,0.274,0.000,0.000,1.0000,25.000,50.026,8.990,11.56
19206.00,5.000,9.264,0.274,0.274,0.000,0.000,1.0000,25.000,50.026,8.990,11.55
19211.00,5.000,9.264,0.274,0.274,0.000,0.000,1.0000,25.000,50.026,8.990,11.54
19216.00,5.000,9.264,0.273,0.273,0.000,0.000,1.0000,25.000,50.026,8.990,11.54
19221.00,5.000,9.264,0.273,0.273,0.000,0.000,1.0000,25.000,50.026,8.990,11.53
19226.00,5.000,9.264,0.273,0.273,0.000,0.000,1.0000,25.000,50.026,8.990,11.52
19231.00,5.000,9.264,0.273,0.273,0.000,0.000,1.0000,25.000,50.026,8.990,11.52
19236.00,5.000,9.264,0.273,0.273,0.000,0.000,1.0000,25.000,50.026,8.990,11.51
19241.00,5.000,9.263,0.273,0.273,0.000,0.000,1.0000,25.000,50.026,8.990,11.51
19246.00,5.000,9.263,0.273,0.273,0.000,0.000,1.0000,25.000,50.026,8.990,11.50
19251.00,5.000,9.263,0.273,0.273,0.000,0.000,1.0000,25.000,50.026,8.990,11.49
19256.00,5.000,9.263,0.273,0.273,0.000,0.000,1.0000,25.000,50.026,8.990,11.49
19261.00,5.000,9.263,0.273,0.273,0.000,0.000,1.0000,25.000,50.026,8.990,11.48
19266.00,5.000,9.263,0.272,0.272,0.000,0.000,1.0000,25.000,50.026,8.990,11.47
19271.00,5.000,9.263,0.272,0.272,0.000,0.000,1.0000,25.000,50.026,8.990,11.47
19276.00,5.000,9.263,0.272,0.272,0.000,0.000,1.0000,25.000,50.026,8.990,11.46
19281.00,5.000,9.263,0.272,0.272,0.000,0.000,1.0000,25.000,50.026,8.990,11.45
19286.00,5.000,9.263,0.272,0.272,0.000,0.000,1.0000,25.000,50.026,8.990,11.45
19291.00,5.000,9.262,0.272,0.272,0.000,0.000,1.0000,25.000,50.026,8.990,11.44
19296.00,5.000,9.262,0.272,0.272,0.000,0.000,1.0000,25.000,50.026,8.990,11.44
19301.00,5.000,9.262,0.272,0.272,0.000,0.000,1.0000,25.000,50.026,8.990,11.43
19306.00,5.000,9.262,0.272,0.272,0.000,0.000,1.0000,25.000,50.026,8.990,11.42
19311.00,5.000,9.262,0.272,0.272,0.000,0.000,1.0000,25.000,50.026,8.990,11.42
19316.00,5.000,9.262,0.271,0.271,0.000,0.000,1.0000,25.000,50.026,8.990,11.41
19321.00,5.000,9.262,0.271,0.271,0.000,0.000,1.0000,25.000,50.026,8.990,11.40
19326.00,5.000,9.262,0.271,0.271,0.000,0.000,1.0000,25.000,50.026,8.990,11.40
19331.00,5.000,9.262,0.271,0.271,0.000,0.000,1.0000,25.000,50.026,8.990,11.39
19336.00,5.000,9.262,0.271,0.271,0.000,0.000,1.0000,25.000,50.026,8.990,11.38
19341.00,5.000,9.261,0.271,0.271,0.000,0.000,1.0000,25.000,50.026,8.990,11.38
19346.00,5.000,9.261,0.271,0.271,0.000,0.000,1.0000,25.000,50.026,8.990,11.37
19351.00,5.000,9.261,0.271,0.271,0.000,0.000,1.0000,25.000,50.026,8.990,11.37
19356.00,5.000,9.261,0.271,0.271,0.000,0.000,1.0000,25.000,50.026,8.990,11.36
19361.00,5.000,9.261,0.271,0.271,0.000,0.000,1.0000,25.000,50.026,8.990,11.35
19366.00,5.000,9.261,0.270,0.270,0.000,0.000,1.0000,25.000,50.026,8.990,11.35
19371.00,5.000,9.261,0.270,0.270,0.000,0.000,1.0000,25.000,50.026,8.990,11.34
19376.00,5.000,9.261,0.270,0.270,0.000,0.000,1.0000,25.000,50.026,8.990,11.34
19381.00,5.000,9.261,0.270,0.270,0.000,0.000,1.0000,25.000,50.026,8.990,11.33
19386.00,5.000,9.261,0.270,0.270,0.000,0.000,1.0000,25.000,50.026,8.990,11.32
19391.00,5.000,9.260,0.270,0.270,0.000,0.000,1.0000,25.000,50.026,8.990,11.32
19396.00,5.000,9.260,0.270,0.270,0.000,0.000,1.0000,25.000,50.026,8.990,11.31
19401.00,5.000,9.260,0.270,0.270,0.000,0.000,1.0000,25.000,50.026,8.990,11.30
19406.00,5.000,9.260,0.270,0.270,0.000,0.000,1.0000,25.000,50.026,8.990,11.30
19411.00,5.000,9.260,0.270,0.270,0.000,0.000,1.0000,25.000,50.026,8.990,11.29
19416.00,5.000,9.260,0.269,0.269,0.000,0.000,1.0000,25.000,50.026,8.990,11.29
19421.00,5.000,9.260,0.269,0.269,0.000,0.000,1.0000,25.000,50.026,8.990,11.28
19426.00,5.000,9.260,0.269,0.269,0.000,0.000,1.0000,25.000,50.026,8.990,11.27
19431.00,5.000,9.260,0.269,0.269,0.000,0.000,1.0000,25.000,50.026,8.990,11.27
19436.00,5.000,9.260,0.269,0.269,0.000,0.000,1.0000,25.000,50.026,8.990,11.26
19441.00,5.000,9.259,0.269,0.269,0.000,0.000,1.0000,25.000,50.026,8.990,11.26
19446.00,5.000,9.259,0.269,0.269,0.000,0.000,1.0000,25.000,50.026,8.990,11.25
19451.00,5.000,9.259,0.269,0.269,0.000,0.000,1.0000,25.000,50.026,8.990,11.24
19456.00,5.000,9.259,0.269,0.269,0.000,0.000,1.0000,25.000,50.026,8.990,11.24
19461.00,5.000,9.259,0.269,0.269,0.000,0.000,1.0000,25.000,50.026,8.990,11.23
19466.00,5.000,9.259,0.268,0.268,0.000,0.000,1.0000,25.000,50.026,8.990,11.22
19471.00,5.000,9.259,0.268,0.268,0.000,0.000,1.0000,25.000,50.026,8.990,11.22
19476.00,5.000,9.259,0.268,0.268,0.000,0.000,1.0000,25.000,50.026,8.990,11.21
19481.00,5.000,9.259,0.268,0.268,0.000,0.000,1.0000,25.000,50.026,8.990,11.21
19486.00,5.000,9.259,0.268,0.268,0.000,0.000,1.0000,25.000,50.026,8.990,11.20
19491.00,5.000,9.258,0.268,0.268,0.000,0.000,1.0000,25.000,50.026,8.990,11.19
19496.00,5.000,9.258,0.268,0.268,0.000,0.000,1.0000,25.000,50.026,8.990,11.19
19501.00,5.000,9.258,0.268,0.268,0.000,0.000,1.0000,25.000,50.026,8.990,11.18
19506.00,5.000,9.258,0.268,0.268,0.000,0.000,1.0000,25.000,50.026,8.990,11.18
19511.00,5.000,9.258,0.268,0.268,0.000,0.000,1.0000,25.000,50.026,8.990,11.17
19516.00,5.000,9.258,0.268,0.268,0.000,0.000,1.0000,25.000,50.026,8.990,11.16
19521.00,5.000,9.258,0.267,0.267,0.000,0.000,1.0000,25.000,50.026,8.990,11.16
19526.00,5.000,9.258,0.267,0.267,0.000,0.000,1.0000,25.000,50.026,8.990,11.15
19531.00,5.000,9.258,0.267,0.267,0.000,0.000,1.0000,25.000,50.026,8.990,11.15
19536.00,5.000,9.258,0.267,0.267,0.000,0.000,1.0000,25.000,50.026,8.990,11.14
19541.00,5.000,9.258,0.267,0.267,0.000,0.000,1.0000,25.000,50.026,8.990,11.13
19546.00,5.000,9.257,0.267,0.267,0.000,0.000,1.0000,25.000,50.026,8.990,11.13
19551.00,5.000,9.257,0.267,0.267,0.000,0.000,1.0000,25.000,50.026,8.990,11.12
19556.00,5.000,9.257,0.267,0.267,0.000,0.000,1.0000,25.000,50.026,8.990,11.12
19561.00,5.000,9.257,0.267,0.267,0.000,0.000,1.0000,25.000,50.026,8.990,11.11
19566.00,5.000,9.257,0.267,0.267,0.000,0.000,1.0000,25.000,50.026,8.990,11.10
19571.00,5.000,9.257,0.266,0.266,0.000,0.000,1.0000,25.000,50.026,8.990,11.10
19576.00,5.000,9.257,0.266,0.266,0.000,0.000,1.0000,25.000,50.026,8.990,11.09
19581.00,5.000,9.257,0.266,0.266,0.000,0.000,1.0000,25.000,50.026,8.990,11.09
19586.00,5.000,9.257,0.266,0.266,0.000,0.000,1.0000,25.000,50.026,8.990,11.08
19591.00,5.000,9.257,0.266,0.266,0.000,0.000,1.0000,25.000,50.026,8.990,11.07
19596.00,5.000,9.257,0.266,0.266,0.000,0.000,1.0000,25.000,50.026,8.990,11.07
19601.00,5.000,9.256,0.266,0.266,0.000,0.000,1.0000,25.000,50.026,8.990,11.06
19606.00,5.000,9.256,0.266,0.266,0.000,0.000,1.0000,25.000,50.026,8.990,11.06
19611.00,5.000,9.256,0.266,0.266,0.000,0.000,1.0000,25.000,50.026,8.990,11.05
19616.00,5.000,9.256,0.266,0.266,0.000,0.000,1.0000,25.000,50.026,8.990,11.05
19621.00,5.000,9.256,0.266,0.266,0.000,0.000,1.0000,25.000,50.026,8.990,11.04
19626.00,5.000,9.256,0.265,0.265,0.000,0.000,1.0000,25.000,50.026,8.990,11.03
19631.00,5.000,9.256,0.265,0.265,0.000,0.000,1.0000,25.000,50.026,8.990,11.03
19636.00,5.000,9.256,0.265,0.265,0.000,0.000,1.0000,25.000,50.026,8.990,11.02
19641.00,5.000,9.256,0.265,0.265,0.000,0.000,1.0000,25.000,50.026,8.990,11.02
19646.00,5.000,9.256,0.265,0.265,0.000,0.000,1.0000,25.000,50.026,8.990,11.01
19651.00,5.000,9.255,0.265,0.265,0.000,0.000,1.0000,25.000,50.026,8.990,11.00
19656.00,5.000,9.255,0.265,0.265,0.000,0.000,1.0000,25.000,50.026,8.990,11.00
19661.00,5.000,9.255,0.265,0.265,0.000,0.000,1.0000,25.000,50.026,8.990,10.99
19666.00,5.000,9.255,0.265,0.265,0.000,0.000,1.0000,25.000,50.026,8.990,10.99
19671.00,5.000,9.255,0.265,0.265,0.000,0.000,1.0000,25.000,50.026,8.990,10.98
19676.00,5.000,9.255,0.265,0.265,0.000,0.000,1.0000,25.000,50.026,8.990,10.98
19681.00,5.000,9.255,0.264,0.264,0.000,0.000,1.0000,25.000,50.026,8.990,10.97
19686.00,5.000,9.255,0.264,0.264,0.000,0.000,1.0000,25.000,50.026,8.990,10.96
19691.00,5.000,9.255,0.264,0.264,0.000,0.000,1.0000,25.000,50.026,8.990,10.96
19696.00,5.000,9.255,0.264,0.264,0.000,0.000,1.0000,25.000,50.026,8.990,10.95
19701.00,5.000,9.255,0.264,0.264,0.000,0.000,1.0000,25.000,50.026,8.990,10.95
19706.00,5.000,9.254,0.264,0.264,0.000,0.000,1.0000,25.000,50.026,8.990,10.94
19711.00,5.000,9.254,0.264,0.264,0.000,0.000,1.0000,25.000,50.026,8.990,10.94
19716.00,5.000,9.254,0.264,0.264,0.000,0.000,1.0000,25.000,50.026,8.990,10.93
19721.00,5.000,9.254,0.264,0.264,0.000,0.000,1.0000,25.000,50.026,8.990,10.92
19726.00,5.000,9.254,0.264,0.264,0.000,0.000,1.0000,25.000,50.026,8.990,10.92
19731.00,5.000,9.254,0.264,0.264,0.000,0.000,1.0000,25.000,50.026,8.990,10.91
19736.00,5.000,9.254,0.263,0.263,0.000,0.000,1.0000,25.000,50.026,8.990,10.91
19741.00,5.000,9.254,0.263,0.263,0.000,0.000,1.0000,25.000,50.026,8.990,10.90
19746.00,5.000,9.254,0.263,0.263,0.000,0.000,1.0000,25.000,50.026,8.990,10.90
19751.00,5.000,9.254,0.263,0.263,0.000,0.000,1.0000,25.000,50.026,8.990,10.89
19756.00,5.000,9.254,0.263,0.263,0.000,0.000,1.0000,25.000,50.026,8.990,10.88
19761.00,5.000,9.253,0.263,0.263,0.000,0.000,1.0000,25.000,50.026,8.990,10.88
19766.00,5.000,9.253,0.263,0.263,0.000,0.000,1.0000,25.000,50.026,8.990,10.87
19771.00,5.000,9.253,0.263,0.263,0.000,0.000,1.0000,25.000,50.026,8.990,10.87
19776.00,5.000,9.253,0.263,0.263,0.000,0.000,1.0000,25.000,50.026,8.990,10.86
19781.00,5.000,9.253,0.263,0.263,0.000,0.000,1.0000,25.000,50.026,8.990,10.86
19786.00,5.000,9.253,0.263,0.263,0.000,0.000,1.0000,25.000,50.026,8.990,10.85
19791.00,5.000,9.253,0.262,0.262,0.000,0.000,1.0000,25.000,50.026,8.990,10.84
19796.00,5.000,9.253,0.262,0.262,0.000,0.000,1.0000,25.000,50.026,8.990,10.84
19801.00,5.000,9.253,0.262,0.262,0.000,0.000,1.0000,25.000,50.026,8.990,10.83
19806.00,5.000,9.253,0.262,0.262,0.000,0.000,1.0000,25.000,50.026,8.990,10.83
19811.00,5.000,9.253,0.262,0.262,0.000,0.000,1.0000,25.000,50.026,8.990,10.82
19816.00,5.000,9.252,0.262,0.262,0.000,0.000,1.0000,25.000,50.026,8.990,10.82
19821.00,5.000,9.252,0.262,0.262,0.000,0.000,1.0000,25.000,50.026,8.990,10.81
19826.00,5.000,9.252,0.262,0.262,0.000,0.000,1.0000,25.000,50.026,8.990,10.80
19831.00,5.000,9.252,0.262,0.262,0.000,0.000,1.0000,25.000,50.026,8.990,10.80
19836.00,5.000,9.252,0.262,0.262,0.000,0.000,1.0000,25.000,50.026,8.990,10.79
19841.00,5.000,9.252,0.262,0.262,0.000,0.000,1.0000,25.000,50.026,8.990,10.79
19846.00,5.000,9.252,0.261,0.261,0.000,0.000,1.0000,25.000,50.026,8.990,10.78
19851.00,5.000,9.252,0.261,0.261,0.000,0.000,1.0000,25.000,50.026,8.990,10.78
19856.00,5.000,9.252,0.261,0.261,0.000,0.000,1.0000,25.000,50.026,8.990,10.77
19861.00,5.000,9.252,0.261,0.261,0.000,0.000,1.0000,25.000,50.026,8.990,10.77
19866.00,5.000,9.252,0.261,0.261,0.000,0.000,1.0000,25.000,50.026,8.990,10.76
19871.00,5.000,9.251,0.261,0.261,0.000,0.000,1.0000,25.000,50.026,8.990,10.75
19876.00,5.000,9.251,0.261,0.261,0.000,0.000,1.0000,25.000,50.026,8.990,10.75
19881.00,5.000,9.251,0.261,0.261,0.000,0.000,1.0000,25.000,50.026,8.990,10.74
19886.00,5.000,9.251,0.261,0.261,0.000,0.000,1.0000,25.000,50.026,8.990,10.74
19891.00,5.000,9.251,0.261,0.261,0.000,0.000,1.0000,25.000,50.026,8.990,10.73
19896.00,5.000,9.251,0.261,0.261,0.000,0.000,1.0000,25.000,50.026,8.990,10.73
19901.00,5.000,9.251,0.260,0.260,0.000,0.000,1.0000,25.000,50.026,8.990,10.72
19906.00,5.000,9.251,0.260,0.260,0.000,0.000,1.0000,25.000,50.026,8.990,10.72
19911.00,5.000,9.251,0.260,0.260,0.000,0.000,1.0000,25.000,50.026,8.990,10.71
19916.00,5.000,9.251,0.260,0.260,0.000,0.000,1.0000,25.000,50.026,8.990,10.71
19921.00,5.000,9.251,0.260,0.260,0.000,0.000,1.0000,25.000,50.026,8.990,10.70
19926.00,5.000,9.250,0.260,0.260,0.000,0.000,1.0000,25.000,50.026,8.990,10.69
19931.00,5.000,9.250,0.260,0.260,0.000,0.000,1.0000,25.000,50.026,8.990,10.69
19936.00,5.000,9.250,0.260,0.260,0.000,0.000,1.0000,25.000,50.026,8.990,10.68
19941.00,5.000,9.250,0.260,0.260,0.000,0.000,1.0000,25.000,50.026,8.990,10.68
19946.00,5.000,9.250,0.260,0.260,0.000,0.000,1.0000,25.000,50.026,8.990,10.67
19951.00,5.000,9.250,0.260,0.260,0.000,0.000,1.0000,25.000,50.026,8.990,10.67
19956.00,5.000,9.250,0.259,0.259,0.000,0.000,1.0000,25.000,50.026,8.990,10.66
19961.00,5.000,9.250,0.259,0.259,0.000,0.000,1.0000,25.000,50.026,8.990,10.66
19966.00,5.000,9.250,0.259,0.259,0.000,0.000,1.0000,25.000,50.026,8.990,10.65
19971.00,5.000,9.250,0.259,0.259,0.000,0.000,1.0000,25.000,50.026,8.990,10.65
19976.00,5.000,9.250,0.259,0.259,0.000,0.000,1.0000,25.000,50.026,8.990,10.64
19981.00,5.000,9.250,0.259,0.259,0.000,0.000,1.0000,25.000,50.026,8.990,10.63
19986.00,5.000,9.249,0.259,0.259,0.000,0.000,1.0000,25.000,50.026,8.990,10.63
19991.00,5.000,9.249,0.259,0.259,0.000,0.000,1.0000,25.000,50.026,8.990,10.62
19996.00,5.000,9.249,0.259,0.259,0.000,0.000,1.0000,25.000,50.026,8.990,10.62
20001.00,5.000,9.249,0.259,0.259,0.000,0.000,1.0000,25.000,50.026,8.990,10.61
20006.00,5.000,9.249,0.259,0.259,0.000,0.000,1.0000,25.000,50.026,8.990,10.61
20011.00,5.000,9.249,0.259,0.259,0.000,0.000,1.0000,25.000,50.026,8.990,10.60
20016.00,5.000,9.249,0.258,0.258,0.000,0.000,1.0000,25.000,50.026,8.990,10.60
20021.00,5.000,9.249,0.258,0.258,0.000,0.000,1.0000,25.000,50.026,8.990,10.59
20026.00,5.000,9.249,0.258,0.258,0.000,0.000,1.0000,25.000,50.026,8.990,10.59
20031.00,5.000,9.249,0.258,0.258,0.000,0.000,1.0000,25.000,50.026,8.990,10.58
20036.00,5.000,9.249,0.258,0.258,0.000,0.000,1.0000,25.000,50.026,8.990,10.58
20041.00,5.000,9.248,0.258,0.258,0.000,0.000,1.0000,25.000,50.026,8.990,10.57
20046.00,5.000,9.248,0.258,0.258,0.000,0.000,1.0000,25.000,50.026,8.990,10.56
20051.00,5.000,9.248,0.258,0.258,0.000,0.000,1.0000,25.000,50.026,8.990,10.56
20056.00,5.000,9.248,0.258,0.258,0.000,0.000,1.0000,25.000,50.026,8.990,10.55
20061.00,5.000,9.248,0.258,0.258,0.000,0.000,1.0000,25.000,50.026,8.990,10.55
20066.00,5.000,9.248,0.258,0.258,0.000,0.000,1.0000,25.000,50.026,8.990,10.54
20071.00,5.000,9.248,0.257,0.257,0.000,0.000,1.0000,25.000,50.026,8.990,10.54
20076.00,5.000,9.248,0.257,0.257,0.000,0.000,1.0000,25.000,50.026,8.990,10.53
20081.00,5.000,9.248,0.257,0.257,0.000,0.000,1.0000,25.000,50.026,8.990,10.53
20086.00,5.000,9.248,0.257,0.257,0.000,0.000,1.0000,25.000,50.026,8.990,10.52
20091.00,5.000,9.248,0.257,0.257,0.000,0.000,1.0000,25.000,50.026,8.990,10.52
20096.00,5.000,9.248,0.257,0.257,0.000,0.000,1.0000,25.000,50.026,8.990,10.51
20101.00,5.000,9.247,0.257,0.257,0.000,0.000,1.0000,25.000,50.026,8.990,10.51
20106.00,5.000,9.247,0.257,0.257,0.000,0.000,1.0000,25.000,50.026,8.990,10.50
20111.00,5.000,9.247,0.257,0.257,0.000,0.000,1.0000,25.000,50.026,8.990,10.50
20116.00,5.000,9.247,0.257,0.257,0.000,0.000,1.0000,25.000,50.026,8.990,10.49
20121.00,5.000,9.247,0.257,0.257,0.000,0.000,1.0000,25.000,50.026,8.990,10.49
20126.00,5.000,9.247,0.257,0.257,0.000,0.000,1.0000,25.000,50.026,8.990,10.48
20131.00,5.000,9.247,0.256,0.256,0.000,0.000,1.0000,25.000,50.026,8.990,10.47
20136.00,5.000,9.247,0.256,0.256,0.000,0.000,1.0000,25.000,50.026,8.990,10.47
20141.00,5.000,9.247,0.256,0.256,0.000,0.000,1.0000,25.000,50.026,8.990,10.46
20146.00,5.000,9.247,0.256,0.256,0.000,0.000,1.0000,25.000,50.026,8.990,10.46
20151.00,5.000,9.247,0.256,0.256,0.000,0.000,1.0000,25.000,50.026,8.990,10.45
20156.00,5.000,9.247,0.256,0.256,0.000,0.000,1.0000,25.000,50.026,8.990,10.45
20161.00,5.000,9.246,0.256,0.256,0.000,0.000,1.0000,25.000,50.026,8.990,10.44
20166.00,5.000,9.246,0.256,0.256,0.000,0.000,1.0000,25.000,50.026,8.990,10.44
20171.00,5.000,9.246,0.256,0.256,0.000,0.000,1.0000,25.000,50.026,8.990,10.43
20176.00,5.000,9.246,0.256,0.256,0.000,0.000,1.0000,25.000,50.026,8.990,10.43
20181.00,5.000,9.246,0.256,0.256,0.000,0.000,1.0000,25.000,50.026,8.990,10.42
20186.00,5.000,9.246,0.256,0.256,0.000,0.000,1.0000,25.000,50.026,8.990,10.42
20191.00,5.000,9.246,0.255,0.255,0.000,0.000,1.0000,25.000,50.026,8.990,10.41
20196.00,5.000,9.246,0.255,0.255,0.000,0.000,1.0000,25.000,50.026,8.990,10.41
20201.00,5.000,9.246,0.255,0.255,0.000,0.000,1.0000,25.000,50.026,8.990,10.40
20206.00,5.000,9.246,0.255,0.255,0.000,0.000,1.0000,25.000,50.026,8.990,10.40
20211.00,5.000,9.246,0.255,0.255,0.000,0.000,1.0000,25.000,50.026,8.990,10.39
20216.00,5.000,9.246,0.255,0.255,0.000,0.000,1.0000,25.000,50.026,8.990,10.39
20221.00,5.000,9.245,0.255,0.255,0.000,0.000,1.0000,25.000,50.026,8.990,10.38
20226.00,5.000,9.245,0.255,0.255,0.000,0.000,1.0000,25.000,50.026,8.990,10.38
20231.00,5.000,9.245,0.255,0.255,0.000,0.000,1.0000,25.000,50.026,8.990,10.37
20236.00,5.000,9.245,0.255,0.255,0.000,0.000,1.0000,25.000,50.026,8.990,10.37
20241.00,5.000,9.245,0.255,0.255,0.000,0.000,1.0000,25.000,50.026,8.990,10.36
20246.00,5.000,9.245,0.255,0.255,0.000,0.000,1.0000,25.000,50.026,8.990,10.36
20251.00,5.000,9.245,0.254,0.254,0.000,0.000,1.0000,25.000,50.026,8.990,10.35
20256.00,5.000,9.245,0.254,0.254,0.000,0.000,1.0000,25.000,50.026,8.990,10.35
20261.00,5.000,9.245,0.254,0.254,0.000,0.000,1.0000,25.000,50.026,8.990,10.34
20266.00,5.000,9.245,0.254,0.254,0.000,0.000,1.0000,25.000,50.026,8.990,10.34
20271.00,5.000,9.245,0.254,0.254,0.000,0.000,1.0000,25.000,50.026,8.990,10.33
20276.00,5.000,9.245,0.254,0.254,0.000,0.000,1.0000,25.000,50.026,8.990,10.33
20281.00,5.000,9.244,0.254,0.254,0.000,0.000,1.0000,25.000,50.026,8.990,10.32
20286.00,5.000,9.244,0.254,0.254,0.000,0.000,1.0000,25.000,50.026,8.990,10.32
20291.00,5.000,9.244,0.254,0.254,0.000,0.000,1.0000,25.000,50.026,8.990,10.31
20296.00,5.000,9.244,0.254,0.254,0.000,0.000,1.0000,25.000,50.026,8.990,10.31
20301.00,5.000,9.244,0.254,0.254,0.000,0.000,1.0000,25.000,50.026,8.990,10.30
20306.00,5.000,9.244,0.254,0.254,0.000,0.000,1.0000,25.000,50.026,8.990,10.30
20311.00,5.000,9.244,0.253,0.253,0.000,0.000,1.0000,25.000,50.026,8.990,10.29
20316.00,5.000,9.244,0.253,0.253,0.000,0.000,1.0000,25.000,50.026,8.990,10.29
20321.00,5.000,9.244,0.253,0.253,0.000,0.000,1.0000,25.000,50.026,8.990,10.28
20326.00,5.000,9.244,0.253,0.253,0.000,0.000,1.0000,25.000,50.026,8.990,10.28
20331.00,5.000,9.244,0.253,0.253,0.000,0.000,1.0000,25.000,50.026,8.990,10.27
20336.00,5.000,9.244,0.253,0.253,0.000,0.000,1.0000,25.000,50.026,8.990,10.27
20341.00,5.000,9.243,0.253,0.253,0.000,0.000,1.0000,25.000,50.026,8.990,10.26
20346.00,5.000,9.243,0.253,0.253,0.000,0.000,1.0000,25.000,50.026,8.990,10.26
20351.00,5.000,9.243,0.253,0.253,0.000,0.000,1.0000,25.000,50.026,8.990,10.25
20356.00,5.000,9.243,0.253,0.253,0.000,0.000,1.0000,25.000,50.026,8.990,10.25
20361.00,5.000,9.243,0.253,0.253,0.000,0.000,1.0000,25.000,50.026,8.990,10.24
20366.00,5.000,9.243,0.253,0.253,0.000,0.000,1.0000,25.000,50.026,8.990,10.24
20371.00,5.000,9.243,0.252,0.252,0.000,0.000,1.0000,25.000,50.026,8.990,10.23
20376.00,5.000,9.243,0.252,0.252,0.000,0.000,1.0000,25.000,50.026,8.990,10.23
20381.00,5.000,9.243,0.252,0.252,0.000,0.000,1.0000,25.000,50.026,8.990,10.22
20386.00,5.000,9.243,0.252,0.252,0.000,0.000,1.0000,25.000,50.026,8.990,10.22
20391.00,5.000,9.243,0.252,0.252,0.000,0.000,1.0000,25.000,50.026,8.990,10.21
20396.00,5.000,9.243,0.252,0.252,0.000,0.000,1.0000,25.000,50.026,8.990,10.21
20401.00,5.000,9.242,0.252,0.252,0.000,0.000,1.0000,25.000,50.026,8.990,10.20
20406.00,5.000,9.242,0.252,0.252,0.000,0.000,1.0000,25.000,50.026,8.990,10.20
20411.00,5.000,9.242,0.252,0.252,0.000,0.000,1.0000,25.000,50.026,8.990,10.19
20416.00,5.000,9.242,0.252,0.252,0.000,0.000,1.0000,25.000,50.026,8.990,10.19
20421.00,5.000,9.242,0.252,0.252,0.000,0.000,1.0000,25.000,50.026,8.990,10.18
20426.00,5.000,9.242,0.252,0.252,0.000,0.000,1.0000,25.000,50.026,8.990,10.18
20431.00,5.000,9.242,0.252,0.252,0.000,0.000,1.0000,25.000,50.026,8.990,10.17
20436.00,5.000,9.242,0.251,0.251,0.000,0.000,1.0000,25.000,50.026,8.990,10.17
20441.00,5.000,9.242,0.251,0.251,0.000,0.000,1.0000,25.000,50.026,8.990,10.16
20446.00,5.000,9.242,0.251,0.251,0.000,0.000,1.0000,25.000,50.026,8.990,10.16
20451.00,5.000,9.242,0.251,0.251,0.000,0.000,1.0000,25.000,50.026,8.990,10.15
20456.00,5.000,9.242,0.251,0.251,0.000,0.000,1.0000,25.000,50.026,8.990,10.15
20461.00,5.000,9.242,0.251,0.251,0.000,0.000,1.0000,25.000,50.026,8.990,10.14
20466.00,5.000,9.241,0.251,0.251,0.000,0.000,1.0000,25.000,50.026,8.990,10.14
20471.00,5.000,9.241,0.251,0.251,0.000,0.000,1.0000,25.000,50.026,8.990,10.13
20476.00,5.000,9.241,0.251,0.251,0.000,0.000,1.0000,25.000,50.026,8.990,10.13
20481.00,5.000,9.241,0.251,0.251,0.000,0.000,1.0000,25.000,50.026,8.990,10.12
20486.00,5.000,9.241,0.251,0.251,0.000,0.000,1.0000,25.000,50.026,8.990,10.12
20491.00,5.000,9.241,0.251,0.251,0.000,0.000,1.0000,25.000,50.026,8.990,10.11
20496.00,5.000,9.241,0.250,0.250,0.000,0.000,1.0000,25.000,50.026,8.990,10.11
20501.00,5.000,9.241,0.250,0.250,0.000,0.000,1.0000,25.000,50.026,8.990,10.10
20506.00,5.000,9.241,0.250,0.250,0.000,0.000,1.0000,25.000,50.026,8.990,10.10
20511.00,5.000,9.241,0.250,0.250,0.000,0.000,1.0000,25.000,50.026,8.990,10.09
20516.00,5.000,9.241,0.250,0.250,0.000,0.000,1.0000,25.000,50.026,8.990,10.09
20521.00,5.000,9.241,0.250,0.250,0.000,0.000,1.0000,25.000,50.026,8.990,10.08
20526.00,5.000,9.240,0.250,0.250,0.000,0.000,1.0000,25.000,50.026,8.990,10.08
20531.00,5.000,9.240,0.250,0.250,0.000,0.000,1.0000,25.000,50.026,8.990,10.08
20536.00,5.000,9.240,0.250,0.250,0.000,0.000,1.0000,25.000,50.026,8.990,10.07
20541.00,5.000,9.240,0.250,0.250,0.000,0.000,1.0000,25.000,50.026,8.990,10.07
20546.00,5.000,9.240,0.250,0.250,0.000,0.000,1.0000,25.000,50.026,8.990,10.06
20551.00,5.000,9.240,0.250,0.250,0.000,0.000,1.0000,25.000,50.026,8.990,10.06
20556.00,5.000,9.240,0.250,0.250,0.000,0.000,1.0000,25.000,50.026,8.990,10.05
20561.00,5.000,9.240,0.249,0.249,0.000,0.000,1.0000,25.000,50.026,8.990,10.05
20566.00,5.000,9.240,0.249,0.249,0.000,0.000,1.0000,25.000,50.026,8.990,10.04
20571.00,5.000,9.240,0.249,0.249,0.000,0.000,1.0000,25.000,50.026,8.990,10.04
20576.00,5.000,9.240,0.249,0.249,0.000,0.000,1.0000,25.000,50.026,8.990,10.03
20581.00,5.000,9.240,0.249,0.249,0.000,0.000,1.0000,25.000,50.026,8.990,10.03
20586.00,5.000,9.240,0.249,0.249,0.000,0.000,1.0000,25.000,50.026,8.990,10.02
20591.00,5.000,9.239,0.249,0.249,0.000,0.000,1.0000,25.000,50.026,8.990,10.02
20596.00,5.000,9.239,0.249,0.249,0.000,0.000,1.0000,25.000,50.026,8.990,10.01
20601.00,5.000,9.239,0.249,0.249,0.000,0.000,1.0000,25.000,50.026,8.990,10.01
20606.00,5.000,9.239,0.249,0.249,0.000,0.000,1.0000,25.000,50.026,8.990,10.00
20611.00,5.000,9.239,0.249,0.249,0.000,0.000,1.0000,25.000,50.026,8.990,10.00
20616.00,5.000,9.239,0.249,0.249,0.000,0.000,1.0000,25.000,50.026,8.990,9.99
20621.00,5.000,9.239,0.249,0.249,0.000,0.000,1.0000,25.000,50.026,8.990,9.99
20626.00,5.000,9.239,0.248,0.248,0.000,0.000,1.0000,25.000,50.026,8.990,9.99
20631.00,5.000,9.239,0.248,0.248,0.000,0.000,1.0000,25.000,50.026,8.990,9.98
20636.00,5.000,9.239,0.248,0.248,0.000,0.000,1.0000,25.000,50.026,8.990,9.98
20641.00,5.000,9.239,0.248,0.248,0.000,0.000,1.0000,25.000,50.026,8.990,9.97
20646.00,5.000,9.239,0.248,0.248,0.000,0.000,1.0000,25.000,50.026,8.990,9.97
20651.00,5.000,9.239,0.248,0.248,0.000,0.000,1.0000,25.000,50.026,8.990,9.96
20656.00,5.000,9.238,0.248,0.248,0.000,0.000,1.0000,25.000,50.026,8.990,9.96
20661.00,5.000,9.238,0.248,0.248,0.000,0.000,1.0000,25.000,50.026,8.990,9.95
20666.00,5.000,9.238,0.248,0.248,0.000,0.000,1.0000,25.000,50.026,8.990,9.95
20671.00,5.000,9.238,0.248,0.248,0.000,0.000,1.0000,25.000,50.026,8.990,9.94
20676.00,5.000,9.238,0.248,0.248,0.000,0.000,1.0000,25.000,50.026,8.990,9.94
20681.00,5.000,9.238,0.248,0.248,0.000,0.000,1.0000,25.000,50.026,8.990,9.93
20686.00,5.000,9.238,0.248,0.248,0.000,0.000,1.0000,25.000,50.026,8.990,9.93
20691.00,5.000,9.238,0.247,0.247,0.000,0.000,1.0000,25.000,50.026,8.990,9.92
20696.00,5.000,9.238,0.247,0.247,0.000,0.000,1.0000,25.000,50.026,8.990,9.92
20701.00,5.000,9.238,0.247,0.247,0.000,0.000,1.0000,25.000,50.026,8.990,9.92
20706.00,5.000,9.238,0.247,0.247,0.000,0.000,1.0000,25.000,50.026,8.990,9.91
20711.00,5.000,9.238,0.247,0.247,0.000,0.000,1.0000,25.000,50.026,8.990,9.91
20716.00,5.000,9.238,0.247,0.247,0.000,0.000,1.0000,25.000,50.026,8.990,9.90
20721.00,5.000,9.237,0.247,0.247,0.000,0.000,1.0000,25.000,50.026,8.990,9.90
20726.00,5.000,9.237,0.247,0.247,0.000,0.000,1.0000,25.000,50.026,8.990,9.89
20731.00,5.000,9.237,0.247,0.247,0.000,0.000,1.0000,25.000,50.026,8.990,9.89
20736.00,5.000,9.237,0.247,0.247,0.000,0.000,1.0000,25.000,50.026,8.990,9.88
20741.00,5.000,9.237,0.247,0.247,0.000,0.000,1.0000,25.000,50.026,8.990,9.88
20746.00,5.000,9.237,0.247,0.247,0.000,0.000,1.0000,25.000,50.026,8.990,9.87
20751.00,5.000,9.237,0.247,0.247,0.000,0.000,1.0000,25.000,50.026,8.990,9.87
20756.00,5.000,9.237,0.246,0.246,0.000,0.000,1.0000,25.000,50.026,8.990,9.87
20761.00,5.000,9.237,0.246,0.246,0.000,0.000,1.0000,25.000,50.026,8.990,9.86
20766.00,5.000,9.237,0.246,0.246,0.000,0.000,1.0000,25.000,50.026,8.990,9.86
20771.00,5.000,9.237,0.246,0.246,0.000,0.000,1.0000,25.000,50.026,8.990,9.85
20776.00,5.000,9.237,0.246,0.246,0.000,0.000,1.0000,25.000,50.026,8.990,9.85
20781.00,5.000,9.237,0.246,0.246,0.000,0.000,1.0000,25.000,50.026,8.990,9.84
20786.00,5.000,9.236,0.246,0.246,0.000,0.000,1.0000,25.000,50.026,8.990,9.84
20791.00,5.000,9.236,0.246,0.246,0.000,0.000,1.0000,25.000,50.026,8.990,9.83
20796.00,5.000,9.236,0.246,0.246,0.000,0.000,1.0000,25.000,50.026,8.990,9.83
20801.00,5.000,9.236,0.246,0.246,0.000,0.000,1.0000,25.000,50.026,8.990,9.82
20806.00,5.000,9.236,0.246,0.246,0.000,0.000,1.0000,25.000,50.026,8.990,9.82
20811.00,5.000,9.236,0.246,0.246,0.000,0.000,1.0000,25.000,50.026,8.990,9.82
20816.00,5.000,9.236,0.246,0.246,0.000,0.000,1.0000,25.000,50.026,8.990,9.81
20821.00,5.000,9.236,0.245,0.245,0.000,0.000,1.0000,25.000,50.026,8.990,9.81
20826.00,5.000,9.236,0.245,0.245,0.000,0.000,1.0000,25.000,50.026,8.990,9.80
20831.00,5.000,9.236,0.245,0.245,0.000,0.000,1.0000,25.000,50.026,8.990,9.80
20836.00,5.000,9.236,0.245,0.245,0.000,0.000,1.0000,25.000,50.026,8.990,9.79
20841.00,5.000,9.236,0.245,0.245,0.000,0.000,1.0000,25.000,50.026,8.990,9.79
20846.00,5.000,9.236,0.245,0.245,0.000,0.000,1.0000,25.000,50.026,8.990,9.78
20851.00,5.000,9.236,0.245,0.245,0.000,0.000,1.0000,25.000,50.026,8.990,9.78
20856.00,5.000,9.235,0.245,0.245,0.000,0.000,1.0000,25.000,50.026,8.990,9.78
20861.00,5.000,9.235,0.245,0.245,0.000,0.000,1.0000,25.000,50.026,8.990,9.77
20866.00,5.000,9.235,0.245,0.245,0.000,0.000,1.0000,25.000,50.026,8.990,9.77
20871.00,5.000,9.235,0.245,0.245,0.000,0.000,1.0000,25.000,50.026,8.990,9.76
20876.00,5.000,9.235,0.245,0.245,0.000,0.000,1.0000,25.000,50.026,8.990,9.76
20881.00,5.000,9.235,0.245,0.245,0.000,0.000,1.0000,25.000,50.026,8.990,9.75
20886.00,5.000,9.235,0.245,0.245,0.000,0.000,1.0000,25.000,50.026,8.990,9.75
20891.00,5.000,9.235,0.244,0.244,0.000,0.000,1.0000,25.000,50.026,8.990,9.74
20896.00,5.000,9.235,0.244,0.244,0.000,0.000,1.0000,25.000,50.026,8.990,9.74
20901.00,5.000,9.235,0.244,0.244,0.000,0.000,1.0000,25.000,50.026,8.990,9.74
20906.00,5.000,9.235,0.244,0.244,0.000,0.000,1.0000,25.000,50.026,8.990,9.73
20911.00,5.000,9.235,0.244,0.244,0.000,0.000,1.0000,25.000,50.026,8.990,9.73
20916.00,5.000,9.235,0.244,0.244,0.000,0.000,1.0000,25.000,50.026,8.990,9.72
20921.00,5.000,9.234,0.244,0.244,0.000,0.000,1.0000,25.000,50.026,8.990,9.72
20926.00,5.000,9.234,0.244,0.244,0.000,0.000,1.0000,25.000,50.026,8.990,9.71
20931.00,5.000,9.234,0.244,0.244,0.000,0.000,1.0000,25.000,50.026,8.990,9.71
20936.00,5.000,9.234,0.244,0.244,0.000,0.000,1.0000,25.000,50.026,8.990,9.70
20941.00,5.000,9.234,0.244,0.244,0.000,0.000,1.0000,25.000,50.026,8.990,9.70
20946.00,5.000,9.234,0.244,0.244,0.000,0.000,1.0000,25.000,50.026,8.990,9.70
20951.00,5.000,9.234,0.244,0.244,0.000,0.000,1.0000,25.000,50.026,8.990,9.69
20956.00,5.000,9.234,0.243,0.243,0.000,0.000,1.0000,25.000,50.026,8.990,9.69
20961.00,5.000,9.234,0.243,0.243,0.000,0.000,1.0000,25.000,50.026,8.990,9.68
20966.00,5.000,9.234,0.243,0.243,0.000,0.000,1.0000,25.000,50.026,8.990,9.68
20971.00,5.000,9.234,0.243,0.243,0.000,0.000,1.0000,25.000,50.026,8.990,9.67
20976.00,5.000,9.234,0.243,0.243,0.000,0.000,1.0000,25.000,50.026,8.990,9.67
20981.00,5.000,9.234,0.243,0.243,0.000,0.000,1.0000,25.000,50.026,8.990,9.67
20986.00,5.000,9.234,0.243,0.243,0.000,0.000,1.0000,25.000,50.026,8.990,9.66
20991.00,5.000,9.233,0.243,0.243,0.000,0.000,1.0000,25.000,50.026,8.990,9.66
20996.00,5.000,9.233,0.243,0.243,0.000,0.000,1.0000,25.000,50.026,8.990,9.65
21001.00,5.000,9.233,0.243,0.243,0.000,0.000,1.0000,25.000,50.026,8.990,9.65
21006.00,5.000,9.233,0.243,0.243,0.000,0.000,1.0000,25.000,50.026,8.990,9.64
21011.00,5.000,9.233,0.243,0.243,0.000,0.000,1.0000,25.000,50.026,8.990,9.64
21016.00,5.000,9.233,0.243,0.243,0.000,0.000,1.0000,25.000,50.026,8.990,9.63
21021.00,5.000,9.233,0.243,0.243,0.000,0.000,1.0000,25.000,50.026,8.990,9.63
21026.00,5.000,9.233,0.242,0.242,0.000,0.000,1.0000,25.000,50.026,8.990,9.63
21031.00,5.000,9.233,0.242,0.242,0.000,0.000,1.0000,25.000,50.026,8.990,9.62
21036.00,5.000,9.233,0.242,0.242,0.000,0.000,1.0000,25.000,50.026,8.990,9.62
21041.00,5.000,9.233,0.242,0.242,0.000,0.000,1.0000,25.000,50.026,8.990,9.61
21046.00,5.000,9.233,0.242,0.242,0.000,0.000,1.0000,25.000,50.026,8.990,9.61
21051.00,5.000,9.233,0.242,0.242,0.000,0.000,1.0000,25.000,50.026,8.990,9.60
21056.00,5.000,9.233,0.242,0.242,0.000,0.000,1.0000,25.000,50.026,8.990,9.60
21061.00,5.000,9.232,0.242,0.242,0.000,0.000,1.0000,25.000,50.026,8.990,9.60
21066.00,5.000,9.232,0.242,0.242,0.000,0.000,1.0000,25.000,50.026,8.990,9.59
21071.00,5.000,9.232,0.242,0.242,0.000,0.000,1.0000,25.000,50.026,8.990,9.59
21076.00,5.000,9.232,0.242,0.242,0.000,0.000,1.0000,25.000,50.026,8.990,9.58
21081.00,5.000,9.232,0.242,0.242,0.000,0.000,1.0000,25.000,50.026,8.990,9.58
21086.00,5.000,9.232,0.242,0.242,0.000,0.000,1.0000,25.000,50.026,8.990,9.58
21091.00,5.000,9.232,0.242,0.242,0.000,0.000,1.0000,25.000,50.026,8.990,9.57
21096.00,5.000,9.232,0.241,0.241,0.000,0.000,1.0000,25.000,50.026,8.990,9.57
21101.00,5.000,9.232,0.241,0.241,0.000,0.000,1.0000,25.000,50.026,8.990,9.56
21106.00,5.000,9.232,0.241,0.241,0.000,0.000,1.0000,25.000,50.026,8.990,9.56
21111.00,5.000,9.232,0.241,0.241,0.000,0.000,1.0000,25.000,50.026,8.990,9.55
21116.00,5.000,9.232,0.241,0.241,0.000,0.000,1.0000,25.000,50.026,8.990,9.55
21121.00,5.000,9.232,0.241,0.241,0.000,0.000,1.0000,25.000,50.026,8.990,9.55
21126.00,5.000,9.232,0.241,0.241,0.000,0.000,1.0000,25.000,50.026,8.990,9.54
21131.00,5.000,9.231,0.241,0.241,0.000,0.000,1.0000,25.000,50.026,8.990,9.54
21136.00,5.000,9.231,0.241,0.241,0.000,0.000,1.0000,25.000,50.026,8.990,9.53
21141.00,5.000,9.231,0.241,0.241,0.000,0.000,1.0000,25.000,50.026,8.990,9.53
21146.00,5.000,9.231,0.241,0.241,0.000,0.000,1.0000,25.000,50.026,8.990,9.52
21151.00,5.000,9.231,0.241,0.241,0.000,0.000,1.0000,25.000,50.026,8.990,9.52
21156.00,5.000,9.231,0.241,0.241,0.000,0.000,1.0000,25.000,50.026,8.990,9.52
21161.00,5.000,9.231,0.241,0.241,0.000,0.000,1.0000,25.000,50.026,8.990,9.51
21166.00,5.000,9.231,0.241,0.241,0.000,0.000,1.0000,25.000,50.026,8.990,9.51
21171.00,5.000,9.231,0.240,0.240,0.000,0.000,1.0000,25.000,50.026,8.990,9.50
21176.00,5.000,9.231,0.240,0.240,0.000,0.000,1.0000,25.000,50.026,8.990,9.50
21181.00,5.000,9.231,0.240,0.240,0.000,0.000,1.0000,25.000,50.026,8.990,9.50
21186.00,5.000,9.231,0.240,0.240,0.000,0.000,1.0000,25.000,50.026,8.990,9.49
21191.00,5.000,9.231,0.240,0.240,0.000,0.000,1.0000,25.000,50.026,8.990,9.49
21196.00,5.000,9.231,0.240,0.240,0.000,0.000,1.0000,25.000,50.026,8.990,9.48
21201.00,5.000,9.230,0.240,0.240,0.000,0.000,1.0000,25.000,50.026,8.990,9.48
21206.00,5.000,9.230,0.240,0.240,0.000,0.000,1.0000,25.000,50.026,8.990,9.47
21211.00,5.000,9.230,0.240,0.240,0.000,0.000,1.0000,25.000,50.026,8.990,9.47
21216.00,5.000,9.230,0.240,0.240,0.000,0.000,1.0000,25.000,50.026,8.990,9.47
21221.00,5.000,9.230,0.240,0.240,0.000,0.000,1.0000,25.000,50.026,8.990,9.46
21226.00,5.000,9.230,0.240,0.240,0.000,0.000,1.0000,25.000,50.026,8.990,9.46
21231.00,5.000,9.230,0.240,0.240,0.000,0.000,1.0000,25.000,50.026,8.990,9.45
21236.00,5.000,9.230,0.240,0.240,0.000,0.000,1.0000,25.000,50.026,8.990,9.45
21241.00,5.000,9.230,0.239,0.239,0.000,0.000,1.0000,25.000,50.026,8.990,9.45
21246.00,5.000,9.230,0.239,0.239,0.000,0.000,1.0000,25.000,50.026,8.990,9.44
21251.00,5.000,9.230,0.239,0.239,0.000,0.000,1.0000,25.000,50.026,8.990,9.44
21256.00,5.000,9.230,0.239,0.239,0.000,0.000,1.0000,25.000,50.026,8.990,9.43
21261.00,5.000,9.230,0.239,0.239,0.000,0.000,1.0000,25.000,50.026,8.990,9.43
21266.00,5.000,9.230,0.239,0.239,0.000,0.000,1.0000,25.000,50.026,8.990,9.43
21271.00,5.000,9.230,0.239,0.239,0.000,0.000,1.0000,25.000,50.026,8.990,9.42
21276.00,5.000,9.229,0.239,0.239,0.000,0.000,1.0000,25.000,50.026,8.990,9.42
21281.00,5.000,9.229,0.239,0.239,0.000,0.000,1.0000,25.000,50.026,8.990,9.41
21286.00,5.000,9.229,0.239,0.239,0.000,0.000,1.0000,25.000,50.026,8.990,9.41
21291.00,5.000,9.229,0.239,0.239,0.000,0.000,1.0000,25.000,50.026,8.990,9.41
21296.00,5.000,9.229,0.239,0.239,0.000,0.000,1.0000,25.000,50.026,8.990,9.40
21301.00,5.000,9.229,0.239,0.239,0.000,0.000,1.0000,25.000,50.026,8.990,9.40
21306.00,5.000,9.229,0.239,0.239,0.000,0.000,1.0000,25.000,50.026,8.990,9.39
21311.00,5.000,9.229,0.239,0.239,0.000,0.000,1.0000,25.000,50.026,8.990,9.39
21316.00,5.000,9.229,0.238,0.238,0.000,0.000,1.0000,25.000,50.026,8.990,9.38
21321.00,5.000,9.229,0.238,0.238,0.000,0.000,1.0000,25.000,50.026,8.990,9.38
21326.00,5.000,9.229,0.238,0.238,0.000,0.000,1.0000,25.000,50.026,8.990,9.38
21331.00,5.000,9.229,0.238,0.238,0.000,0.000,1.0000,25.000,50.026,8.990,9.37
21336.00,5.000,9.229,0.238,0.238,0.000,0.000,1.0000,25.000,50.026,8.990,9.37
21341.00,5.000,9.229,0.238,0.238,0.000,0.000,1.0000,25.000,50.026,8.990,9.36
21346.00,5.000,9.229,0.238,0.238,0.000,0.000,1.0000,25.000,50.026,8.990,9.36
21351.00,5.000,9.228,0.238,0.238,0.000,0.000,1.0000,25.000,50.026,8.990,9.36
21356.00,5.000,9.228,0.238,0.238,0.000,0.000,1.0000,25.000,50.026,8.990,9.35
21361.00,5.000,9.228,0.238,0.238,0.000,0.000,1.0000,25.000,50.026,8.990,9.35
21366.00,5.000,9.228,0.238,0.238,0.000,0.000,1.0000,25.000,50.026,8.990,9.34
21371.00,5.000,9.228,0.238,0.238,0.000,0.000,1.0000,25.000,50.026,8.990,9.34
21376.00,5.000,9.228,0.238,0.238,0.000,0.000,1.0000,25.000,50.026,8.990,9.34
21381.00,5.000,9.228,0.238,0.238,0.000,0.000,1.0000,25.000,50.026,8.990,9.33
21386.00,5.000,9.228,0.237,0.237,0.000,0.000,1.0000,25.000,50.026,8.990,9.33
21391.00,5.000,9.228,0.237,0.237,0.000,0.000,1.0000,25.000,50.026,8.990,9.32
21396.00,5.000,9.228,0.237,0.237,0.000,0.000,1.0000,25.000,50.026,8.990,9.32
21401.00,5.000,9.228,0.237,0.237,0.000,0.000,1.0000,25.000,50.026,8.990,9.32
21406.00,5.000,9.228,0.237,0.237,0.000,0.000,1.0000,25.000,50.026,8.990,9.31
21411.00,5.000,9.228,0.237,0.237,0.000,0.000,1.0000,25.000,50.026,8.990,9.31
21416.00,5.000,9.228,0.237,0.237,0.000,0.000,1.0000,25.000,50.026,8.990,9.30
21421.00,5.000,9.227,0.237,0.237,0.000,0.000,1.0000,25.000,50.026,8.990,9.30
21426.00,5.000,9.227,0.237,0.237,0.000,0.000,1.0000,25.000,50.026,8.990,9.30
21431.00,5.000,9.227,0.237,0.237,0.000,0.000,1.0000,25.000,50.026,8.990,9.29
21436.00,5.000,9.227,0.237,0.237,0.000,0.000,1.0000,25.000,50.026,8.990,9.29
21441.00,5.000,9.227,0.237,0.237,0.000,0.000,1.0000,25.000,50.026,8.990,9.29
21446.00,5.000,9.227,0.237,0.237,0.000,0.000,1.0000,25.000,50.026,8.990,9.28
21451.00,5.000,9.227,0.237,0.237,0.000,0.000,1.0000,25.000,50.026,8.990,9.28
21456.00,5.000,9.227,0.237,0.237,0.000,0.000,1.0000,25.000,50.026,8.990,9.27
21461.00,5.000,9.227,0.236,0.236,0.000,0.000,1.0000,25.000,50.026,8.990,9.27
21466.00,5.000,9.227,0.236,0.236,0.000,0.000,1.0000,25.000,50.026,8.990,9.27
21471.00,5.000,9.227,0.236,0.236,0.000,0.000,1.0000,25.000,50.026,8.990,9.26
21476.00,5.000,9.227,0.236,0.236,0.000,0.000,1.0000,25.000,50.026,8.990,9.26
21481.00,5.000,9.227,0.236,0.236,0.000,0.000,1.0000,25.000,50.026,8.990,9.25
21486.00,5.000,9.227,0.236,0.236,0.000,0.000,1.0000,25.000,50.026,8.990,9.25
21491.00,5.000,9.227,0.236,0.236,0.000,0.000,1.0000,25.000,50.026,8.990,9.25
21496.00,5.000,9.227,0.236,0.236,0.000,0.000,1.0000,25.000,50.026,8.990,9.24
21501.00,5.000,9.226,0.236,0.236,0.000,0.000,1.0000,25.000,50.026,8.990,9.24
21506.00,5.000,9.226,0.236,0.236,0.000,0.000,1.0000,25.000,50.026,8.990,9.23
21511.00,5.000,9.226,0.236,0.236,0.000,0.000,1.0000,25.000,50.026,8.990,9.23
21516.00,5.000,9.226,0.236,0.236,0.000,0.000,1.0000,25.000,50.026,8.990,9.23
21521.00,5.000,9.226,0.236,0.236,0.000,0.000,1.0000,25.000,50.026,8.990,9.22
21526.00,5.000,9.226,0.236,0.236,0.000,0.000,1.0000,25.000,50.026,8.990,9.22
21531.00,5.000,9.226,0.236,0.236,0.000,0.000,1.0000,25.000,50.026,8.990,9.22
21536.00,5.000,9.226,0.235,0.235,0.000,0.000,1.0000,25.000,50.026,8.990,9.21
21541.00,5.000,9.226,0.235,0.235,0.000,0.000,1.0000,25.000,50.026,8.990,9.21
21546.00,5.000,9.226,0.235,0.235,0.000,0.000,1.0000,25.000,50.026,8.990,9.20
21551.00,5.000,9.226,0.235,0.235,0.000,0.000,1.0000,25.000,50.026,8.990,9.20
21556.00,5.000,9.226,0.235,0.235,0.000,0.000,1.0000,25.000,50.026,8.990,9.20
21561.00,5.000,9.226,0.235,0.235,0.000,0.000,1.0000,25.000,50.026,8.990,9.19
21566.00,5.000,9.226,0.235,0.235,0.000,0.000,1.0000,25.000,50.026,8.990,9.19
21571.00,5.000,9.226,0.235,0.235,0.000,0.000,1.0000,25.000,50.026,8.990,9.18
21576.00,5.000,9.225,0.235,0.235,0.000,0.000,1.0000,25.000,50.026,8.990,9.18
21581.00,5.000,9.225,0.235,0.235,0.000,0.000,1.0000,25.000,50.026,8.990,9.18
21586.00,5.000,9.225,0.235,0.235,0.000,0.000,1.0000,25.000,50.026,8.990,9.17
21591.00,5.000,9.225,0.235,0.235,0.000,0.000,1.0000,25.000,50.026,8.990,9.17
21596.00,5.000,9.225,0.235,0.235,0.000,0.000,1.0000,25.000,50.026,8.990,9.17
21601.00,5.000,9.225,0.235,0.235,0.000,0.000,1.0000,25.000,50.026,8.990,9.16
21606.00,5.000,9.225,0.235,0.235,0.000,0.000,1.0000,25.000,50.026,8.990,9.16
21611.00,5.000,9.225,0.235,0.235,0.000,0.000,1.0000,25.000,50.026,8.990,9.15
21616.00,5.000,9.225,0.234,0.234,0.000,0.000,1.0000,25.000,50.026,8.990,9.15
21621.00,5.000,9.225,0.234,0.234,0.000,0.000,1.0000,25.000,50.026,8.990,9.15
21626.00,5.000,9.225,0.234,0.234,0.000,0.000,1.0000,25.000,50.026,8.990,9.14
21631.00,5.000,9.225,0.234,0.234,0.000,0.000,1.0000,25.000,50.026,8.990,9.14
21636.00,5.000,9.225,0.234,0.234,0.000,0.000,1.0000,25.000,50.026,8.990,9.13
21641.00,5.000,9.225,0.234,0.234,0.000,0.000,1.0000,25.000,50.026,8.990,9.13
21646.00,5.000,9.225,0.234,0.234,0.000,0.000,1.0000,25.000,50.026,8.990,9.13
21651.00,5.000,9.224,0.234,0.234,0.000,0.000,1.0000,25.000,50.026,8.990,9.12
21656.00,5.000,9.224,0.234,0.234,0.000,0.000,1.0000,25.000,50.026,8.990,9.12
21661.00,5.000,9.224,0.234,0.234,0.000,0.000,1.0000,25.000,50.026,8.990,9.12
21666.00,5.000,9.224,0.234,0.234,0.000,0.000,1.0000,25.000,50.026,8.990,9.11
21671.00,5.000,9.224,0.234,0.234,0.000,0.000,1.0000,25.000,50.026,8.990,9.11
21676.00,5.000,9.224,0.234,0.234,0.000,0.000,1.0000,25.000,50.026,8.990,9.10
21681.00,5.000,9.224,0.234,0.234,0.000,0.000,1.0000,25.000,50.026,8.990,9.10
21686.00,5.000,9.224,0.234,0.234,0.000,0.000,1.0000,25.000,50.026,8.990,9.10
21691.00,5.000,9.224,0.234,0.234,0.000,0.000,1.0000,25.000,50.026,8.990,9.09
21696.00,5.000,9.224,0.233,0.233,0.000,0.000,1.0000,25.000,50.026,8.990,9.09
21701.00,5.000,9.224,0.233,0.233,0.000,0.000,1.0000,25.000,50.026,8.990,9.09
21706.00,5.000,9.224,0.233,0.233,0.000,0.000,1.0000,25.000,50.026,8.990,9.08
21711.00,5.000,9.224,0.233,0.233,0.000,0.000,1.0000,25.000,50.026,8.990,9.08
21716.00,5.000,9.224,0.233,0.233,0.000,0.000,1.0000,25.000,50.026,8.990,9.08
21721.00,5.000,9.224,0.233,0.233,0.000,0.000,1.0000,25.000,50.026,8.990,9.07
21726.00,5.000,9.224,0.233,0.233,0.000,0.000,1.0000,25.000,50.026,8.990,9.07
21731.00,5.000,9.223,0.233,0.233,0.000,0.000,1.0000,25.000,50.026,8.990,9.06
21736.00,5.000,9.223,0.233,0.233,0.000,0.000,1.0000,25.000,50.026,8.990,9.06
21741.00,5.000,9.223,0.233,0.233,0.000,0.000,1.0000,25.000,50.026,8.990,9.06
21746.00,5.000,9.223,0.233,0.233,0.000,0.000,1.0000,25.000,50.026,8.990,9.05
21751.00,5.000,9.223,0.233,0.233,0.000,0.000,1.0000,25.000,50.026,8.990,9.05
21756.00,5.000,9.223,0.233,0.233,0.000,0.000,1.0000,25.000,50.026,8.990,9.05
21761.00,5.000,9.223,0.233,0.233,0.000,0.000,1.0000,25.000,50.026,8.990,9.04
21766.00,5.000,9.223,0.233,0.233,0.000,0.000,1.0000,25.000,50.026,8.990,9.04
21771.00,5.000,9.223,0.232,0.232,0.000,0.000,1.0000,25.000,50.026,8.990,9.03
21776.00,5.000,9.223,0.232,0.232,0.000,0.000,1.0000,25.000,50.026,8.990,9.03
21781.00,5.000,9.223,0.232,0.232,0.000,0.000,1.0000,25.000,50.026,8.990,9.03
21786.00,5.000,9.223,0.232,0.232,0.000,0.000,1.0000,25.000,50.026,8.990,9.02
21791.00,5.000,9.223,0.232,0.232,0.000,0.000,1.0000,25.000,50.026,8.990,9.02
21796.00,5.000,9.223,0.232,0.232,0.000,0.000,1.0000,25.000,50.026,8.990,9.02
21801.00,5.000,9.223,0.232,0.232,0.000,0.000,1.0000,25.000,50.026,8.990,9.01
21806.00,5.000,9.223,0.232,0.232,0.000,0.000,1.0000,25.000,50.026,8.990,9.01
21811.00,5.000,9.222,0.232,0.232,0.000,0.000,1.0000,25.000,50.026,8.990,9.01
21816.00,5.000,9.222,0.232,0.232,0.000,0.000,1.0000,25.000,50.026,8.990,9.00
21821.00,5.000,9.222,0.232,0.232,0.000,0.000,1.0000,25.000,50.026,8.990,9.00
21826.00,5.000,9.222,0.232,0.232,0.000,0.000,1.0000,25.000,50.026,8.990,8.99
21831.00,5.000,9.222,0.232,0.232,0.000,0.000,1.0000,25.000,50.026,8.990,8.99
21836.00,5.000,9.222,0.232,0.232,0.000,0.000,1.0000,25.000,50.026,8.990,8.99
21841.00,5.000,9.222,0.232,0.232,0.000,0.000,1.0000,25.000,50.026,8.990,8.98
21846.00,5.000,9.222,0.232,0.232,0.000,0.000,1.0000,25.000,50.026,8.990,8.98
21851.00,5.000,9.222,0.231,0.231,0.000,0.000,1.0000,25.000,50.026,8.990,8.98
21856.00,5.000,9.222,0.231,0.231,0.000,0.000,1.0000,25.000,50.026,8.990,8.97
21861.00,5.000,9.222,0.231,0.231,0.000,0.000,1.0000,25.000,50.026,8.990,8.97
21866.00,5.000,9.222,0.231,0.231,0.000,0.000,1.0000,25.000,50.026,8.990,8.97
21871.00,5.000,9.222,0.231,0.231,0.000,0.000,1.0000,25.000,50.026,8.990,8.96
21876.00,5.000,9.222,0.231,0.231,0.000,0.000,1.0000,25.000,50.026,8.990,8.96
21881.00,5.000,9.222,0.231,0.231,0.000,0.000,1.0000,25.000,50.026,8.990,8.95
21886.00,5.000,9.222,0.231,0.231,0.000,0.000,1.0000,25.000,50.026,8.990,8.95
21891.00,5.000,9.221,0.231,0.231,0.000,0.000,1.0000,25.000,50.026,8.990,8.95
21896.00,5.000,9.221,0.231,0.231,0.000,0.000,1.0000,25.000,50.026,8.990,8.94
21901.00,5.000,9.221,0.231,0.231,0.000,0.000,1.0000,25.000,50.026,8.990,8.94
21906.00,5.000,9.221,0.231,0.231,0.000,0.000,1.0000,25.000,50.026,8.990,8.94
21911.00,5.000,9.221,0.231,0.231,0.000,0.000,1.0000,25.000,50.026,8.990,8.93
21916.00,5.000,9.221,0.231,0.231,0.000,0.000,1.0000,25.000,50.026,8.990,8.93
21921.00,5.000,9.221,0.231,0.231,0.000,0.000,1.0000,25.000,50.026,8.990,8.93
21926.00,5.000,9.221,0.231,0.231,0.000,0.000,1.0000,25.000,50.026,8.990,8.92
21931.00,5.000,9.221,0.231,0.231,0.000,0.000,1.0000,25.000,50.026,8.990,8.92
21936.00,5.000,9.221,0.230,0.230,0.000,0.000,1.0000,25.000,50.026,8.990,8.92
21941.00,5.000,9.221,0.230,0.230,0.000,0.000,1.0000,25.000,50.026,8.990,8.91
21946.00,5.000,9.221,0.230,0.230,0.000,0.000,1.0000,25.000,50.026,8.990,8.91
21951.00,5.000,9.221,0.230,0.230,0.000,0.000,1.0000,25.000,50.026,8.990,8.90
21956.00,5.000,9.221,0.230,0.230,0.000,0.000,1.0000,25.000,50.026,8.990,8.90
21961.00,5.000,9.221,0.230,0.230,0.000,0.000,1.0000,25.000,50.026,8.990,8.90
21966.00,5.000,9.221,0.230,0.230,0.000,0.000,1.0000,25.000,50.026,8.990,8.89
21971.00,5.000,9.221,0.230,0.230,0.000,0.000,1.0000,25.000,50.026,8.990,8.89
21976.00,5.000,9.220,0.230,0.230,0.000,0.000,1.0000,25.000,50.026,8.990,8.89
21981.00,5.000,9.220,0.230,0.230,0.000,0.000,1.0000,25.000,50.026,8.990,8.88
21986.00,5.000,9.220,0.230,0.230,0.000,0.000,1.0000,25.000,50.026,8.990,8.88
21991.00,5.000,9.220,0.230,0.230,0.000,0.000,1.0000,25.000,50.026,8.990,8.88
21996.00,5.000,9.220,0.230,0.230,0.000,0.000,1.0000,25.000,50.026,8.990,8.87
22001.00,5.000,9.220,0.230,0.230,0.000,0.000,1.0000,25.000,50.026,8.990,8.87
22006.00,5.000,9.220,0.230,0.230,0.000,0.000,1.0000,25.000,50.026,8.990,8.87
22011.00,5.000,9.220,0.230,0.230,0.000,0.000,1.0000,25.000,50.026,8.990,8.86
22016.00,5.000,9.220,0.229,0.229,0.000,0.000,1.0000,25.000,50.026,8.990,8.86
22021.00,5.000,9.220,0.229,0.229,0.000,0.000,1.0000,25.000,50.026,8.990,8.86
22026.00,5.000,9.220,0.229,0.229,0.000,0.000,1.0000,25.000,50.026,8.990,8.85
22031.00,5.000,9.220,0.229,0.229,0.000,0.000,1.0000,25.000,50.026,8.990,8.85
22036.00,5.000,9.220,0.229,0.229,0.000,0.000,1.0000,25.000,50.026,8.990,8.85
22041.00,5.000,9.220,0.229,0.229,0.000,0.000,1.0000,25.000,50.026,8.990,8.84
22046.00,5.000,9.220,0.229,0.229,0.000,0.000,1.0000,25.000,50.026,8.990,8.84
22051.00,5.000,9.220,0.229,0.229,0.000,0.000,1.0000,25.000,50.026,8.990,8.83
22056.00,5.000,9.219,0.229,0.229,0.000,0.000,1.0000,25.000,50.026,8.990,8.83
22061.00,5.000,9.219,0.229,0.229,0.000,0.000,1.0000,25.000,50.026,8.990,8.83
22066.00,5.000,9.219,0.229,0.229,0.000,0.000,1.0000,25.000,50.026,8.990,8.82
22071.00,5.000,9.219,0.229,0.229,0.000,0.000,1.0000,25.000,50.026,8.990,8.82
22076.00,5.000,9.219,0.229,0.229,0.000,0.000,1.0000,25.000,50.026,8.990,8.82
22081.00,5.000,9.219,0.229,0.229,0.000,0.000,1.0000,25.000,50.026,8.990,8.81
22086.00,5.000,9.219,0.229,0.229,0.000,0.000,1.0000,25.000,50.026,8.990,8.81
22091.00,5.000,9.219,0.229,0.229,0.000,0.000,1.0000,25.000,50.026,8.990,8.81
22096.00,5.000,9.219,0.229,0.229,0.000,0.000,1.0000,25.000,50.026,8.990,8.80
22101.00,5.000,9.219,0.228,0.228,0.000,0.000,1.0000,25.000,50.026,8.990,8.80
22106.00,5.000,9.219,0.228,0.228,0.000,0.000,1.0000,25.000,50.026,8.990,8.80
22111.00,5.000,9.219,0.228,0.228,0.000,0.000,1.0000,25.000,50.026,8.990,8.79
22116.00,5.000,9.219,0.228,0.228,0.000,0.000,1.0000,25.000,50.026,8.990,8.79
22121.00,5.000,9.219,0.228,0.228,0.000,0.000,1.0000,25.000,50.026,8.990,8.79
22126.00,5.000,9.219,0.228,0.228,0.000,0.000,1.0000,25.000,50.026,8.990,8.78
22131.00,5.000,9.219,0.228,0.228,0.000,0.000,1.0000,25.000,50.026,8.990,8.78
22136.00,5.000,9.219,0.228,0.228,0.000,0.000,1.0000,25.000,50.026,8.990,8.78
22141.00,5.000,9.218,0.228,0.228,0.000,0.000,1.0000,25.000,50.026,8.990,8.77
22146.00,5.000,9.218,0.228,0.228,0.000,0.000,1.0000,25.000,50.026,8.990,8.77
22151.00,5.000,9.218,0.228,0.228,0.000,0.000,1.0000,25.000,50.026,8.990,8.77
22156.00,5.000,9.218,0.228,0.228,0.000,0.000,1.0000,25.000,50.026,8.990,8.76
22161.00,5.000,9.218,0.228,0.228,0.000,0.000,1.0000,25.000,50.026,8.990,8.76
22166.00,5.000,9.218,0.228,0.228,0.000,0.000,1.0000,25.000,50.026,8.990,8.76
22171.00,5.000,9.218,0.228,0.228,0.000,0.000,1.0000,25.000,50.026,8.990,8.75
22176.00,5.000,9.218,0.228,0.228,0.000,0.000,1.0000,25.000,50.026,8.990,8.75
22181.00,5.000,9.218,0.228,0.228,0.000,0.000,1.0000,25.000,50.026,8.990,8.75
22186.00,5.000,9.218,0.227,0.227,0.000,0.000,1.0000,25.000,50.026,8.990,8.74
22191.00,5.000,9.218,0.227,0.227,0.000,0.000,1.0000,25.000,50.026,8.990,8.74
22196.00,5.000,9.218,0.227,0.227,0.000,0.000,1.0000,25.000,50.026,8.990,8.74
22201.00,5.000,9.218,0.227,0.227,0.000,0.000,1.0000,25.000,50.026,8.990,8.73
22206.00,5.000,9.218,0.227,0.227,0.000,0.000,1.0000,25.000,50.026,8.990,8.73
22211.00,5.000,9.218,0.227,0.227,0.000,0.000,1.0000,25.000,50.026,8.990,8.73
22216.00,5.000,9.218,0.227,0.227,0.000,0.000,1.0000,25.000,50.026,8.990,8.72
22221.00,5.000,9.218,0.227,0.227,0.000,0.000,1.0000,25.000,50.026,8.990,8.72
22226.00,5.000,9.217,0.227,0.227,0.000,0.000,1.0000,25.000,50.026,8.990,8.72
22231.00,5.000,9.217,0.227,0.227,0.000,0.000,1.0000,25.000,50.026,8.990,8.71
22236.00,5.000,9.217,0.227,0.227,0.000,0.000,1.0000,25.000,50.026,8.990,8.71
22241.00,5.000,9.217,0.227,0.227,0.000,0.000,1.0000,25.000,50.026,8.990,8.71
22246.00,5.000,9.217,0.227,0.227,0.000,0.000,1.0000,25.000,50.026,8.990,8.70
22251.00,5.000,9.217,0.227,0.227,0.000,0.000,1.0000,25.000,50.026,8.990,8.70
22256.00,5.000,9.217,0.227,0.227,0.000,0.000,1.0000,25.000,50.026,8.990,8.70
22261.00,5.000,9.217,0.227,0.227,0.000,0.000,1.0000,25.000,50.026,8.990,8.69
22266.00,5.000,9.217,0.227,0.227,0.000,0.000,1.0000,25.000,50.026,8.990,8.69
22271.00,5.000,9.217,0.226,0.226,0.000,0.000,1.0000,25.000,50.026,8.990,8.69
22276.00,5.000,9.217,0.226,0.226,0.000,0.000,1.0000,25.000,50.026,8.990,8.68
22281.00,5.000,9.217,0.226,0.226,0.000,0.000,1.0000,25.000,50.026,8.990,8.68
22286.00,5.000,9.217,0.226,0.226,0.000,0.000,1.0000,25.000,50.026,8.990,8.68
22291.00,5.000,9.217,0.226,0.226,0.000,0.000,1.0000,25.000,50.026,8.990,8.67
22296.00,5.000,9.217,0.226,0.226,0.000,0.000,1.0000,25.000,50.026,8.990,8.67
22301.00,5.000,9.217,0.226,0.226,0.000,0.000,1.0000,25.000,50.026,8.990,8.67
22306.00,5.000,9.217,0.226,0.226,0.000,0.000,1.0000,25.000,50.026,8.990,8.66
22311.00,5.000,9.217,0.226,0.226,0.000,0.000,1.0000,25.000,50.026,8.990,8.66
22316.00,5.000,9.216,0.226,0.226,0.000,0.000,1.0000,25.000,50.026,8.990,8.66
22321.00,5.000,9.216,0.226,0.226,0.000,0.000,1.0000,25.000,50.026,8.990,8.65
22326.00,5.000,9.216,0.226,0.226,0.000,0.000,1.0000,25.000,50.026,8.990,8.65
22331.00,5.000,9.216,0.226,0.226,0.000,0.000,1.0000,25.000,50.026,8.990,8.65
22336.00,5.000,9.216,0.226,0.226,0.000,0.000,1.0000,25.000,50.026,8.990,8.64
22341.00,5.000,9.216,0.226,0.226,0.000,0.000,1.0000,25.000,50.026,8.990,8.64
22346.00,5.000,9.216,0.226,0.226,0.000,0.000,1.0000,25.000,50.026,8.990,8.64
22351.00,5.000,9.216,0.226,0.226,0.000,0.000,1.0000,25.000,50.026,8.990,8.63
22356.00,5.000,9.216,0.226,0.226,0.000,0.000,1.0000,25.000,50.026,8.990,8.63
22361.00,5.000,9.216,0.225,0.225,0.000,0.000,1.0000,25.000,50.026,8.990,8.63
22366.00,5.000,9.216,0.225,0.225,0.000,0.000,1.0000,25.000,50.026,8.990,8.62
22371.00,5.000,9.216,0.225,0.225,0.000,0.000,1.0000,25.000,50.026,8.990,8.62
22376.00,5.000,9.216,0.225,0.225,0.000,0.000,1.0000,25.000,50.026,8.990,8.62
22381.00,5.000,9.216,0.225,0.225,0.000,0.000,1.0000,25.000,50.026,8.990,8.61
22386.00,5.000,9.216,0.225,0.225,0.000,0.000,1.0000,25.000,50.026,8.990,8.61
22391.00,5.000,9.216,0.225,0.225,0.000,0.000,1.0000,25.000,50.026,8.990,8.61
22396.00,5.000,9.216,0.225,0.225,0.000,0.000,1.0000,25.000,50.026,8.990,8.60
22401.00,5.000,9.216,0.225,0.225,0.000,0.000,1.0000,25.000,50.026,8.990,8.60
22406.00,5.000,9.215,0.225,0.225,0.000,0.000,1.0000,25.000,50.026,8.990,8.60
22411.00,5.000,9.215,0.225,0.225,0.000,0.000,1.0000,25.000,50.026,8.990,8.59
22416.00,5.000,9.215,0.225,0.225,0.000,0.000,1.0000,25.000,50.026,8.990,8.59
22421.00,5.000,9.215,0.225,0.225,0.000,0.000,1.0000,25.000,50.026,8.990,8.59
22426.00,5.000,9.215,0.225,0.225,0.000,0.000,1.0000,25.000,50.026,8.990,8.59
22431.00,5.000,9.215,0.225,0.225,0.000,0.000,1.0000,25.000,50.026,8.990,8.58
22436.00,5.000,9.215,0.225,0.225,0.000,0.000,1.0000,25.000,50.026,8.990,8.58
22441.00,5.000,9.215,0.225,0.225,0.000,0.000,1.0000,25.000,50.026,8.990,8.58
22446.00,5.000,9.215,0.225,0.225,0.000,0.000,1.0000,25.000,50.026,8.990,8.57
22451.00,5.000,9.215,0.224,0.224,0.000,0.000,1.0000,25.000,50.026,8.990,8.57
22456.00,5.000,9.215,0.224,0.224,0.000,0.000,1.0000,25.000,50.026,8.990,8.57
22461.00,5.000,9.215,0.224,0.224,0.000,0.000,1.0000,25.000,50.026,8.990,8.56
22466.00,5.000,9.215,0.224,0.224,0.000,0.000,1.0000,25.000,50.026,8.990,8.56
22471.00,5.000,9.215,0.224,0.224,0.000,0.000,1.0000,25.000,50.026,8.990,8.56
22476.00,5.000,9.215,0.224,0.224,0.000,0.000,1.0000,25.000,50.026,8.990,8.55
22481.00,5.000,9.215,0.224,0.224,0.000,0.000,1.0000,25.000,50.026,8.990,8.55
22486.00,5.000,9.215,0.224,0.224,0.000,0.000,1.0000,25.000,50.026,8.990,8.55
22491.00,5.000,9.215,0.224,0.224,0.000,0.000,1.0000,25.000,50.026,8.990,8.54
22496.00,5.000,9.214,0.224,0.224,0.000,0.000,1.0000,25.000,50.026,8.990,8.54
22501.00,5.000,9.214,0.224,0.224,0.000,0.000,1.0000,25.000,50.026,8.990,8.54
22506.00,5.000,9.214,0.224,0.224,0.000,0.000,1.0000,25.000,50.026,8.990,8.53
22511.00,5.000,9.214,0.224,0.224,0.000,0.000,1.0000,25.000,50.026,8.990,8.53
22516.00,5.000,9.214,0.224,0.224,0.000,0.000,1.0000,25.000,50.026,8.990,8.53
22521.00,5.000,9.214,0.224,0.224,0.000,0.000,1.0000,25.000,50.026,8.990,8.52
22526.00,5.000,9.214,0.224,0.224,0.000,0.000,1.0000,25.000,50.026,8.990,8.52
22531.00,5.000,9.214,0.224,0.224,0.000,0.000,1.0000,25.000,50.026,8.990,8.52
22536.00,5.000,9.214,0.224,0.224,0.000,0.000,1.0000,25.000,50.026,8.990,8.52
22541.00,5.000,9.214,0.223,0.223,0.000,0.000,1.0000,25.000,50.026,8.990,8.51
22546.00,5.000,9.214,0.223,0.223,0.000,0.000,1.0000,25.000,50.026,8.990,8.51
22551.00,5.000,9.214,0.223,0.223,0.000,0.000,1.0000,25.000,50.026,8.990,8.51
22556.00,5.000,9.214,0.223,0.223,0.000,0.000,1.0000,25.000,50.026,8.990,8.50
22561.00,5.000,9.214,0.223,0.223,0.000,0.000,1.0000,25.000,50.026,8.990,8.50
22566.00,5.000,9.214,0.223,0.223,0.000,0.000,1.0000,25.000,50.026,8.990,8.50
22571.00,5.000,9.214,0.223,0.223,0.000,0.000,1.0000,25.000,50.026,8.990,8.49
22576.00,5.000,9.214,0.223,0.223,0.000,0.000,1.0000,25.000,50.026,8.990,8.49
22581.00,5.000,9.214,0.223,0.223,0.000,0.000,1.0000,25.000,50.026,8.990,8.49
22586.00,5.000,9.213,0.223,0.223,0.000,0.000,1.0000,25.000,50.026,8.990,8.48
22591.00,5.000,9.213,0.223,0.223,0.000,0.000,1.0000,25.000,50.026,8.990,8.48
22596.00,5.000,9.213,0.223,0.223,0.000,0.000,1.0000,25.000,50.026,8.990,8.48
22601.00,5.000,9.213,0.223,0.223,0.000,0.000,1.0000,25.000,50.026,8.990,8.47
22606.00,5.000,9.213,0.223,0.223,0.000,0.000,1.0000,25.000,50.026,8.990,8.47
22611.00,5.000,9.213,0.223,0.223,0.000,0.000,1.0000,25.000,50.026,8.990,8.47
22616.00,5.000,9.213,0.223,0.223,0.000,0.000,1.0000,25.000,50.026,8.990,8.47
22621.00,5.000,9.213,0.223,0.223,0.000,0.000,1.0000,25.000,50.026,8.990,8.46
22626.00,5.000,9.213,0.223,0.223,0.000,0.000,1.0000,25.000,50.026,8.990,8.46
22631.00,5.000,9.213,0.223,0.223,0.000,0.000,1.0000,25.000,50.026,8.990,8.46
22636.00,5.000,9.213,0.222,0.222,0.000,0.000,1.0000,25.000,50.026,8.990,8.45
22641.00,5.000,9.213,0.222,0.222,0.000,0.000,1.0000,25.000,50.026,8.990,8.45
22646.00,5.000,9.213,0.222,0.222,0.000,0.000,1.0000,25.000,50.026,8.990,8.45
22651.00,5.000,9.213,0.222,0.222,0.000,0.000,1.0000,25.000,50.026,8.990,8.44
22656.00,5.000,9.213,0.222,0.222,0.000,0.000,1.0000,25.000,50.026,8.990,8.44
22661.00,5.000,9.213,0.222,0.222,0.000,0.000,1.0000,25.000,50.026,8.990,8.44
22666.00,5.000,9.213,0.222,0.222,0.000,0.000,1.0000,25.000,50.026,8.990,8.43
22671.00,5.000,9.213,0.222,0.222,0.000,0.000,1.0000,25.000,50.026,8.990,8.43
22676.00,5.000,9.213,0.222,0.222,0.000,0.000,1.0000,25.000,50.026,8.990,8.43
22681.00,5.000,9.212,0.222,0.222,0.000,0.000,1.0000,25.000,50.026,8.990,8.43
22686.00,5.000,9.212,0.222,0.222,0.000,0.000,1.0000,25.000,50.026,8.990,8.42
22691.00,5.000,9.212,0.222,0.222,0.000,0.000,1.0000,25.000,50.026,8.990,8.42
22696.00,5.000,9.212,0.222,0.222,0.000,0.000,1.0000,25.000,50.026,8.990,8.42
22701.00,5.000,9.212,0.222,0.222,0.000,0.000,1.0000,25.000,50.026,8.990,8.41
22706.00,5.000,9.212,0.222,0.222,0.000,0.000,1.0000,25.000,50.026,8.990,8.41
22711.00,5.000,9.212,0.222,0.222,0.000,0.000,1.0000,25.000,50.026,8.990,8.41
22716.00,5.000,9.212,0.222,0.222,0.000,0.000,1.0000,25.000,50.026,8.990,8.40
22721.00,5.000,9.212,0.222,0.222,0.000,0.000,1.0000,25.000,50.026,8.990,8.40
22726.00,5.000,9.212,0.221,0.221,0.000,0.000,1.0000,25.000,50.026,8.990,8.40
22731.00,5.000,9.212,0.221,0.221,0.000,0.000,1.0000,25.000,50.026,8.990,8.40
22736.00,5.000,9.212,0.221,0.221,0.000,0.000,1.0000,25.000,50.026,8.990,8.39
22741.00,5.000,9.212,0.221,0.221,0.000,0.000,1.0000,25.000,50.026,8.990,8.39
22746.00,5.000,9.212,0.221,0.221,0.000,0.000,1.0000,25.000,50.026,8.990,8.39
22751.00,5.000,9.212,0.221,0.221,0.000,0.000,1.0000,25.000,50.026,8.990,8.38
22756.00,5.000,9.212,0.221,0.221,0.000,0.000,1.0000,25.000,50.026,8.990,8.38
22761.00,5.000,9.212,0.221,0.221,0.000,0.000,1.0000,25.000,50.026,8.990,8.38
22766.00,5.000,9.212,0.221,0.221,0.000,0.000,1.0000,25.000,50.026,8.990,8.37
22771.00,5.000,9.211,0.221,0.221,0.000,0.000,1.0000,25.000,50.026,8.990,8.37
22776.00,5.000,9.211,0.221,0.221,0.000,0.000,1.0000,25.000,50.026,8.990,8.37
22781.00,5.000,9.211,0.221,0.221,0.000,0.000,1.0000,25.000,50.026,8.990,8.37
22786.00,5.000,9.211,0.221,0.221,0.000,0.000,1.0000,25.000,50.026,8.990,8.36
22791.00,5.000,9.211,0.221,0.221,0.000,0.000,1.0000,25.000,50.026,8.990,8.36
22796.00,5.000,9.211,0.221,0.221,0.000,0.000,1.0000,25.000,50.026,8.990,8.36
22801.00,5.000,9.211,0.221,0.221,0.000,0.000,1.0000,25.000,50.026,8.990,8.35
22806.00,5.000,9.211,0.221,0.221,0.000,0.000,1.0000,25.000,50.026,8.990,8.35
22811.00,5.000,9.211,0.221,0.221,0.000,0.000,1.0000,25.000,50.026,8.990,8.35
22816.00,5.000,9.211,0.221,0.221,0.000,0.000,1.0000,25.000,50.026,8.990,8.34
22821.00,5.000,9.211,0.220,0.220,0.000,0.000,1.0000,25.000,50.026,8.990,8.34
22826.00,5.000,9.211,0.220,0.220,0.000,0.000,1.0000,25.000,50.026,8.990,8.34
22831.00,5.000,9.211,0.220,0.220,0.000,0.000,1.0000,25.000,50.026,8.990,8.34
22836.00,5.000,9.211,0.220,0.220,0.000,0.000,1.0000,25.000,50.026,8.990,8.33
22841.00,5.000,9.211,0.220,0.220,0.000,0.000,1.0000,25.000,50.026,8.990,8.33
22846.00,5.000,9.211,0.220,0.220,0.000,0.000,1.0000,25.000,50.026,8.990,8.33
22851.00,5.000,9.211,0.220,0.220,0.000,0.000,1.0000,25.000,50.026,8.990,8.32
22856.00,5.000,9.211,0.220,0.220,0.000,0.000,1.0000,25.000,50.026,8.990,8.32
22861.00,5.000,9.211,0.220,0.220,0.000,0.000,1.0000,25.000,50.026,8.990,8.32
22866.00,5.000,9.211,0.220,0.220,0.000,0.000,1.0000,25.000,50.026,8.990,8.32
22871.00,5.000,9.210,0.220,0.220,0.000,0.000,1.0000,25.000,50.026,8.990,8.31
22876.00,5.000,9.210,0.220,0.220,0.000,0.000,1.0000,25.000,50.026,8.990,8.31
22881.00,5.000,9.210,0.220,0.220,0.000,0.000,1.0000,25.000,50.026,8.990,8.31
22886.00,5.000,9.210,0.220,0.220,0.000,0.000,1.0000,25.000,50.026,8.990,8.30
22891.00,5.000,9.210,0.220,0.220,0.000,0.000,1.0000,25.000,50.026,8.990,8.30
22896.00,5.000,9.210,0.220,0.220,0.000,0.000,1.0000,25.000,50.026,8.990,8.30
22901.00,5.000,9.210,0.220,0.220,0.000,0.000,1.0000,25.000,50.026,8.990,8.29
22906.00,5.000,9.210,0.220,0.220,0.000,0.000,1.0000,25.000,50.026,8.990,8.29
22911.00,5.000,9.210,0.220,0.220,0.000,0.000,1.0000,25.000,50.026,8.990,8.29
22916.00,5.000,9.210,0.220,0.220,0.000,0.000,1.0000,25.000,50.026,8.990,8.29
22921.00,5.000,9.210,0.219,0.219,0.000,0.000,1.0000,25.000,50.026,8.990,8.28
22926.00,5.000,9.210,0.219,0.219,0.000,0.000,1.0000,25.000,50.026,8.990,8.28
22931.00,5.000,9.210,0.219,0.219,0.000,0.000,1.0000,25.000,50.026,8.990,8.28
22936.00,5.000,9.210,0.219,0.219,0.000,0.000,1.0000,25.000,50.026,8.990,8.27
22941.00,5.000,9.210,0.219,0.219,0.000,0.000,1.0000,25.000,50.026,8.990,8.27
22946.00,5.000,9.210,0.219,0.219,0.000,0.000,1.0000,25.000,50.026,8.990,8.27
22951.00,5.000,9.210,0.219,0.219,0.000,0.000,1.0000,25.000,50.026,8.990,8.27
22956.00,5.000,9.210,0.219,0.219,0.000,0.000,1.0000,25.000,50.026,8.990,8.26
22961.00,5.000,9.210,0.219,0.219,0.000,0.000,1.0000,25.000,50.026,8.990,8.26
22966.00,5.000,9.209,0.219,0.219,0.000,0.000,1.0000,25.000,50.026,8.990,8.26
22971.00,5.000,9.209,0.219,0.219,0.000,0.000,1.0000,25.000,50.026,8.990,8.25
22976.00,5.000,9.209,0.219,0.219,0.000,0.000,1.0000,25.000,50.026,8.990,8.25
22981.00,5.000,9.209,0.219,0.219,0.000,0.000,1.0000,25.000,50.026,8.990,8.25
22986.00,5.000,9.209,0.219,0.219,0.000,0.000,1.0000,25.000,50.026,8.990,8.25
22991.00,5.000,9.209,0.219,0.219,0.000,0.000,1.0000,25.000,50.026,8.990,8.24
22996.00,5.000,9.209,0.219,0.219,0.000,0.000,1.0000,25.000,50.026,8.990,8.24
23001.00,5.000,9.209,0.219,0.219,0.000,0.000,1.0000,25.000,50.026,8.990,8.24
23006.00,5.000,9.209,0.219,0.219,0.000,0.000,1.0000,25.000,50.026,8.990,8.23
23011.00,5.000,9.209,0.219,0.219,0.000,0.000,1.0000,25.000,50.026,8.990,8.23
23016.00,5.000,9.209,0.219,0.219,0.000,0.000,1.0000,25.000,50.026,8.990,8.23
23021.00,5.000,9.209,0.218,0.218,0.000,0.000,1.0000,25.000,50.026,8.990,8.23
23026.00,5.000,9.209,0.218,0.218,0.000,0.000,1.0000,25.000,50.026,8.990,8.22
23031.00,5.000,9.209,0.218,0.218,0.000,0.000,1.0000,25.000,50.026,8.990,8.22
23036.00,5.000,9.209,0.218,0.218,0.000,0.000,1.0000,25.000,50.026,8.990,8.22
23041.00,5.000,9.209,0.218,0.218,0.000,0.000,1.0000,25.000,50.026,8.990,8.21
23046.00,5.000,9.209,0.218,0.218,0.000,0.000,1.0000,25.000,50.026,8.990,8.21
23051.00,5.000,9.209,0.218,0.218,0.000,0.000,1.0000,25.000,50.026,8.990,8.21
23056.00,5.000,9.209,0.218,0.218,0.000,0.000,1.0000,25.000,50.026,8.990,8.21
23061.00,5.000,9.209,0.218,0.218,0.000,0.000,1.0000,25.000,50.026,8.990,8.20
23066.00,5.000,9.208,0.218,0.218,0.000,0.000,1.0000,25.000,50.026,8.990,8.20
23071.00,5.000,9.208,0.218,0.218,0.000,0.000,1.0000,25.000,50.026,8.990,8.20
23076.00,5.000,9.208,0.218,0.218,0.000,0.000,1.0000,25.000,50.026,8.990,8.19
23081.00,5.000,9.208,0.218,0.218,0.000,0.000,1.0000,25.000,50.026,8.990,8.19
23086.00,5.000,9.208,0.218,0.218,0.000,0.000,1.0000,25.000,50.026,8.990,8.19
23091.00,5.000,9.208,0.218,0.218,0.000,0.000,1.0000,25.000,50.026,8.990,8.19
23096.00,5.000,9.208,0.218,0.218,0.000,0.000,1.0000,25.000,50.026,8.990,8.18
23101.00,5.000,9.208,0.218,0.218,0.000,0.000,1.0000,25.000,50.026,8.990,8.18
23106.00,5.000,9.208,0.218,0.218,0.000,0.000,1.0000,25.000,50.026,8.990,8.18
23111.00,5.000,9.208,0.218,0.218,0.000,0.000,1.0000,25.000,50.026,8.990,8.17
23116.00,5.000,9.208,0.218,0.218,0.000,0.000,1.0000,25.000,50.026,8.990,8.17
23121.00,5.000,9.208,0.217,0.217,0.000,0.000,1.0000,25.000,50.026,8.990,8.17
23126.00,5.000,9.208,0.217,0.217,0.000,0.000,1.0000,25.000,50.026,8.990,8.17
23131.00,5.000,9.208,0.217,0.217,0.000,0.000,1.0000,25.000,50.026,8.990,8.16
23136.00,5.000,9.208,0.217,0.217,0.000,0.000,1.0000,25.000,50.026,8.990,8.16
23141.00,5.000,9.208,0.217,0.217,0.000,0.000,1.0000,25.000,50.026,8.990,8.16
23146.00,5.000,9.208,0.217,0.217,0.000,0.000,1.0000,25.000,50.026,8.990,8.16
23151.00,5.000,9.208,0.217,0.217,0.000,0.000,1.0000,25.000,50.026,8.990,8.15
23156.00,5.000,9.208,0.217,0.217,0.000,0.000,1.0000,25.000,50.026,8.990,8.15
23161.00,5.000,9.208,0.217,0.217,0.000,0.000,1.0000,25.000,50.026,8.990,8.15
23166.00,5.000,9.207,0.217,0.217,0.000,0.000,1.0000,25.000,50.026,8.990,8.14
23171.00,5.000,9.207,0.217,0.217,0.000,0.000,1.0000,25.000,50.026,8.990,8.14
23176.00,5.000,9.207,0.217,0.217,0.000,0.000,1.0000,25.000,50.026,8.990,8.14
23181.00,5.000,9.207,0.217,0.217,0.000,0.000,1.0000,25.000,50.026,8.990,8.14
23186.00,5.000,9.207,0.217,0.217,0.000,0.000,1.0000,25.000,50.026,8.990,8.13
23191.00,5.000,9.207,0.217,0.217,0.000,0.000,1.0000,25.000,50.026,8.990,8.13
23196.00,5.000,9.207,0.217,0.217,0.000,0.000,1.0000,25.000,50.026,8.990,8.13
23201.00,5.000,9.207,0.217,0.217,0.000,0.000,1.0000,25.000,50.026,8.990,8.12
23206.00,5.000,9.207,0.217,0.217,0.000,0.000,1.0000,25.000,50.026,8.990,8.12
23211.00,5.000,9.207,0.217,0.217,0.000,0.000,1.0000,25.000,50.026,8.990,8.12
23216.00,5.000,9.207,0.217,0.217,0.000,0.000,1.0000,25.000,50.026,8.990,8.12
23221.00,5.000,9.207,0.216,0.216,0.000,0.000,1.0000,25.000,50.026,8.990,8.11
23226.00,5.000,9.207,0.216,0.216,0.000,0.000,1.0000,25.000,50.026,8.990,8.11
23231.00,5.000,9.207,0.216,0.216,0.000,0.000,1.0000,25.000,50.026,8.990,8.11
23236.00,5.000,9.207,0.216,0.216,0.000,0.000,1.0000,25.000,50.026,8.990,8.11
23241.00,5.000,9.207,0.216,0.216,0.000,0.000,1.0000,25.000,50.026,8.990,8.10
23246.00,5.000,9.207,0.216,0.216,0.000,0.000,1.0000,25.000,50.026,8.990,8.10
23251.00,5.000,9.207,0.216,0.216,0.000,0.000,1.0000,25.000,50.026,8.990,8.10
23256.00,5.000,9.207,0.216,0.216,0.000,0.000,1.0000,25.000,50.026,8.990,8.09
23261.00,5.000,9.207,0.216,0.216,0.000,0.000,1.0000,25.000,50.026,8.990,8.09
23266.00,5.000,9.207,0.216,0.216,0.000,0.000,1.0000,25.000,50.026,8.990,8.09
23271.00,5.000,9.206,0.216,0.216,0.000,0.000,1.0000,25.000,50.026,8.990,8.09
23276.00,5.000,9.206,0.216,0.216,0.000,0.000,1.0000,25.000,50.026,8.990,8.08
23281.00,5.000,9.206,0.216,0.216,0.000,0.000,1.0000,25.000,50.026,8.990,8.08
23286.00,5.000,9.206,0.216,0.216,0.000,0.000,1.0000,25.000,50.026,8.990,8.08
23291.00,5.000,9.206,0.216,0.216,0.000,0.000,1.0000,25.000,50.026,8.990,8.08
23296.00,5.000,9.206,0.216,0.216,0.000,0.000,1.0000,25.000,50.026,8.990,8.07
23301.00,5.000,9.206,0.216,0.216,0.000,0.000,1.0000,25.000,50.026,8.990,8.07
23306.00,5.000,9.206,0.216,0.216,0.000,0.000,1.0000,25.000,50.026,8.990,8.07
23311.00,5.000,9.206,0.216,0.216,0.000,0.000,1.0000,25.000,50.026,8.990,8.07
23316.00,5.000,9.206,0.216,0.216,0.000,0.000,1.0000,25.000,50.026,8.990,8.06
23321.00,5.000,9.206,0.216,0.216,0.000,0.000,1.0000,25.000,50.026,8.990,8.06
23326.00,5.000,9.206,0.215,0.215,0.000,0.000,1.0000,25.000,50.026,8.990,8.06
23331.00,5.000,9.206,0.215,0.215,0.000,0.000,1.0000,25.000,50.026,8.990,8.05
23336.00,5.000,9.206,0.215,0.215,0.000,0.000,1.0000,25.000,50.026,8.990,8.05
23341.00,5.000,9.206,0.215,0.215,0.000,0.000,1.0000,25.000,50.026,8.990,8.05
23346.00,5.000,9.206,0.215,0.215,0.000,0.000,1.0000,25.000,50.026,8.990,8.05
23351.00,5.000,9.206,0.215,0.215,0.000,0.000,1.0000,25.000,50.026,8.990,8.04
23356.00,5.000,9.206,0.215,0.215,0.000,0.000,1.0000,25.000,50.026,8.990,8.04
23361.00,5.000,9.206,0.215,0.215,0.000,0.000,1.0000,25.000,50.026,8.990,8.04
23366.00,5.000,9.206,0.215,0.215,0.000,0.000,1.0000,25.000,50.026,8.990,8.04
23371.00,5.000,9.206,0.215,0.215,0.000,0.000,1.0000,25.000,50.026,8.990,8.03
23376.00,5.000,9.205,0.215,0.215,0.000,0.000,1.0000,25.000,50.026,8.990,8.03
23381.00,5.000,9.205,0.215,0.215,0.000,0.000,1.0000,25.000,50.026,8.990,8.03
23386.00,5.000,9.205,0.215,0.215,0.000,0.000,1.0000,25.000,50.026,8.990,8.03
23391.00,5.000,9.205,0.215,0.215,0.000,0.000,1.0000,25.000,50.026,8.990,8.02
23396.00,5.000,9.205,0.215,0.215,0.000,0.000,1.0000,25.000,50.026,8.990,8.02
23401.00,5.000,9.205,0.215,0.215,0.000,0.000,1.0000,25.000,50.026,8.990,8.02
23406.00,5.000,9.205,0.215,0.215,0.000,0.000,1.0000,25.000,50.026,8.990,8.01
23411.00,5.000,9.205,0.215,0.215,0.000,0.000,1.0000,25.000,50.026,8.990,8.01
23416.00,5.000,9.205,0.215,0.215,0.000,0.000,1.0000,25.000,50.026,8.990,8.01
23421.00,5.000,9.205,0.215,0.215,0.000,0.000,1.0000,25.000,50.026,8.990,8.01
23426.00,5.000,9.205,0.215,0.215,0.000,0.000,1.0000,25.000,50.026,8.990,8.00
23431.00,5.000,9.205,0.214,0.214,0.000,0.000,1.0000,25.000,50.026,8.990,8.00
23436.00,5.000,9.205,0.214,0.214,0.000,0.000,1.0000,25.000,50.026,8.990,8.00
23441.00,5.000,9.205,0.214,0.214,0.000,0.000,1.0000,25.000,50.026,8.990,8.00
23446.00,5.000,9.205,0.214,0.214,0.000,0.000,1.0000,25.000,50.026,8.990,7.99
23451.00,5.000,9.205,0.214,0.214,0.000,0.000,1.0000,25.000,50.026,8.990,7.99
23456.00,5.000,9.205,0.214,0.214,0.000,0.000,1.0000,25.000,50.026,8.990,7.99
23461.00,5.000,9.205,0.214,0.214,0.000,0.000,1.0000,25.000,50.026,8.990,7.99
23466.00,5.000,9.205,0.214,0.214,0.000,0.000,1.0000,25.000,50.026,8.990,7.98
23471.00,5.000,9.205,0.214,0.214,0.000,0.000,1.0000,25.000,50.026,8.990,7.98
23476.00,5.000,9.205,0.214,0.214,0.000,0.000,1.0000,25.000,50.026,8.990,7.98
23481.00,5.000,9.205,0.214,0.214,0.000,0.000,1.0000,25.000,50.026,8.990,7.98
23486.00,5.000,9.204,0.214,0.214,0.000,0.000,1.0000,25.000,50.026,8.990,7.97
23491.00,5.000,9.204,0.214,0.214,0.000,0.000,1.0000,25.000,50.026,8.990,7.97
23496.00,5.000,9.204,0.214,0.214,0.000,0.000,1.0000,25.000,50.026,8.990,7.97
23501.00,5.000,9.204,0.214,0.214,0.000,0.000,1.0000,25.000,50.026,8.990,7.97
23506.00,5.000,9.204,0.214,0.214,0.000,0.000,1.0000,25.000,50.026,8.990,7.96
23511.00,5.000,9.204,0.214,0.214,0.000,0.000,1.0000,25.000,50.026,8.990,7.96
23516.00,5.000,9.204,0.214,0.214,0.000,0.000,1.0000,25.000,50.026,8.990,7.96
23521.00,5.000,9.204,0.214,0.214,0.000,0.000,1.0000,25.000,50.026,8.990,7.95
23526.00,5.000,9.204,0.214,0.214,0.000,0.000,1.0000,25.000,50.026,8.990,7.95
23531.00,5.000,9.204,0.214,0.214,0.000,0.000,1.0000,25.000,50.026,8.990,7.95
23536.00,5.000,9.204,0.214,0.214,0.000,0.000,1.0000,25.000,50.026,8.990,7.95
23541.00,5.000,9.204,0.213,0.213,0.000,0.000,1.0000,25.000,50.026,8.990,7.94
23546.00,5.000,9.204,0.213,0.213,0.000,0.000,1.0000,25.000,50.026,8.990,7.94
23551.00,5.000,9.204,0.213,0.213,0.000,0.000,1.0000,25.000,50.026,8.990,7.94
23556.00,5.000,9.204,0.213,0.213,0.000,0.000,1.0000,25.000,50.026,8.990,7.94
23561.00,5.000,9.204,0.213,0.213,0.000,0.000,1.0000,25.000,50.026,8.990,7.93
23566.00,5.000,9.204,0.213,0.213,0.000,0.000,1.0000,25.000,50.026,8.990,7.93
23571.00,5.000,9.204,0.213,0.213,0.000,0.000,1.0000,25.000,50.026,8.990,7.93
23576.00,5.000,9.204,0.213,0.213,0.000,0.000,1.0000,25.000,50.026,8.990,7.93
23581.00,5.000,9.204,0.213,0.213,0.000,0.000,1.0000,25.000,50.026,8.990,7.92
23586.00,5.000,9.204,0.213,0.213,0.000,0.000,1.0000,25.000,50.026,8.990,7.92
23591.00,5.000,9.203,0.213,0.213,0.000,0.000,1.0000,25.000,50.026,8.990,7.92
23596.00,5.000,9.203,0.213,0.213,0.000,0.000,1.0000,25.000,50.026,8.990,7.92
23601.00,5.000,9.203,0.213,0.213,0.000,0.000,1.0000,25.000,50.026,8.990,7.91
23606.00,5.000,9.203,0.213,0.213,0.000,0.000,1.0000,25.000,50.026,8.990,7.91
23611.00,5.000,9.203,0.213,0.213,0.000,0.000,1.0000,25.000,50.026,8.990,7.91
23616.00,5.000,9.203,0.213,0.213,0.000,0.000,1.0000,25.000,50.026,8.990,7.91
23621.00,5.000,9.203,0.213,0.213,0.000,0.000,1.0000,25.000,50.026,8.990,7.90
23626.00,5.000,9.203,0.213,0.213,0.000,0.000,1.0000,25.000,50.026,8.990,7.90
23631.00,5.000,9.203,0.213,0.213,0.000,0.000,1.0000,25.000,50.026,8.990,7.90
23636.00,5.000,9.203,0.213,0.213,0.000,0.000,1.0000,25.000,50.026,8.990,7.90
23641.00,5.000,9.203,0.213,0.213,0.000,0.000,1.0000,25.000,50.026,8.990,7.89
23646.00,5.000,9.203,0.213,0.213,0.000,0.000,1.0000,25.000,50.026,8.990,7.89
23651.00,5.000,9.203,0.212,0.212,0.000,0.000,1.0000,25.000,50.026,8.990,7.89
23656.00,5.000,9.203,0.212,0.212,0.000,0.000,1.0000,25.000,50.026,8.990,7.89
23661.00,5.000,9.203,0.212,0.212,0.000,0.000,1.0000,25.000,50.026,8.990,7.88
23666.00,5.000,9.203,0.212,0.212,0.000,0.000,1.0000,25.000,50.026,8.990,7.88
23671.00,5.000,9.203,0.212,0.212,0.000,0.000,1.0000,25.000,50.026,8.990,7.88
23676.00,5.000,9.203,0.212,0.212,0.000,0.000,1.0000,25.000,50.026,8.990,7.88
23681.00,5.000,9.203,0.212,0.212,0.000,0.000,1.0000,25.000,50.026,8.990,7.87
23686.00,5.000,9.203,0.212,0.212,0.000,0.000,1.0000,25.000,50.026,8.990,7.87
23691.00,5.000,9.203,0.212,0.212,0.000,0.000,1.0000,25.000,50.026,8.990,7.87
23696.00,5.000,9.203,0.212,0.212,0.000,0.000,1.0000,25.000,50.026,8.990,7.87
23701.00,5.000,9.203,0.212,0.212,0.000,0.000,1.0000,25.000,50.026,8.990,7.86
23706.00,5.000,9.202,0.212,0.212,0.000,0.000,1.0000,25.000,50.026,8.990,7.86
23711.00,5.000,9.202,0.212,0.212,0.000,0.000,1.0000,25.000,50.026,8.990,7.86
23716.00,5.000,9.202,0.212,0.212,0.000,0.000,1.0000,25.000,50.026,8.990,7.86
23721.00,5.000,9.202,0.212,0.212,0.000,0.000,1.0000,25.000,50.026,8.990,7.85
23726.00,5.000,9.202,0.212,0.212,0.000,0.000,1.0000,25.000,50.026,8.990,7.85
23731.00,5.000,9.202,0.212,0.212,0.000,0.000,1.0000,25.000,50.026,8.990,7.85
23736.00,5.000,9.202,0.212,0.212,0.000,0.000,1.0000,25.000,50.026,8.990,7.85
23741.00,5.000,9.202,0.212,0.212,0.000,0.000,1.0000,25.000,50.026,8.990,7.84
23746.00,5.000,9.202,0.212,0.212,0.000,0.000,1.0000,25.000,50.026,8.990,7.84
23751.00,5.000,9.202,0.212,0.212,0.000,0.000,1.0000,25.000,50.026,8.990,7.84
23756.00,5.000,9.202,0.212,0.212,0.000,0.000,1.0000,25.000,50.026,8.990,7.84
23761.00,5.000,9.202,0.211,0.211,0.000,0.000,1.0000,25.000,50.026,8.990,7.83
23766.00,5.000,9.202,0.211,0.211,0.000,0.000,1.0000,25.000,50.026,8.990,7.83
23771.00,5.000,9.202,0.211,0.211,0.000,0.000,1.0000,25.000,50.026,8.990,7.83
23776.00,5.000,9.202,0.211,0.211,0.000,0.000,1.0000,25.000,50.026,8.990,7.83
23781.00,5.000,9.202,0.211,0.211,0.000,0.000,1.0000,25.000,50.026,8.990,7.82
23786.00,5.000,9.202,0.211,0.211,0.000,0.000,1.0000,25.000,50.026,8.990,7.82
23791.00,5.000,9.202,0.211,0.211,0.000,0.000,1.0000,25.000,50.026,8.990,7.82
23796.00,5.000,9.202,0.211,0.211,0.000,0.000,1.0000,25.000,50.026,8.990,7.82
23801.00,5.000,9.202,0.211,0.211,0.000,0.000,1.0000,25.000,50.026,8.990,7.81
23806.00,5.000,9.202,0.211,0.211,0.000,0.000,1.0000,25.000,50.026,8.990,7.81
23811.00,5.000,9.202,0.211,0.211,0.000,0.000,1.0000,25.000,50.026,8.990,7.81
23816.00,5.000,9.201,0.211,0.211,0.000,0.000,1.0000,25.000,50.026,8.990,7.81
23821.00,5.000,9.201,0.211,0.211,0.000,0.000,1.0000,25.000,50.026,8.990,7.80
23826.00,5.000,9.201,0.211,0.211,0.000,0.000,1.0000,25.000,50.026,8.990,7.80
23831.00,5.000,9.201,0.211,0.211,0.000,0.000,1.0000,25.000,50.026,8.990,7.80
23836.00,5.000,9.201,0.211,0.211,0.000,0.000,1.0000,25.000,50.026,8.990,7.80
23841.00,5.000,9.201,0.211,0.211,0.000,0.000,1.0000,25.000,50.026,8.990,7.79
23846.00,5.000,9.201,0.211,0.211,0.000,0.000,1.0000,25.000,50.026,8.990,7.79
23851.00,5.000,9.201,0.211,0.211,0.000,0.000,1.0000,25.000,50.026,8.990,7.79
23856.00,5.000,9.201,0.211,0.211,0.000,0.000,1.0000,25.000,50.026,8.990,7.79
23861.00,5.000,9.201,0.211,0.211,0.000,0.000,1.0000,25.000,50.026,8.990,7.79
23866.00,5.000,9.201,0.211,0.211,0.000,0.000,1.0000,25.000,50.026,8.990,7.78
23871.00,5.000,9.201,0.211,0.211,0.000,0.000,1.0000,25.000,50.026,8.990,7.78
23876.00,5.000,9.201,0.210,0.210,0.000,0.000,1.0000,25.000,50.026,8.990,7.78
23881.00,5.000,9.201,0.210,0.210,0.000,0.000,1.0000,25.000,50.026,8.990,7.78
23886.00,5.000,9.201,0.210,0.210,0.000,0.000,1.0000,25.000,50.026,8.990,7.77
23891.00,5.000,9.201,0.210,0.210,0.000,0.000,1.0000,25.000,50.026,8.990,7.77
23896.00,5.000,9.201,0.210,0.210,0.000,0.000,1.0000,25.000,50.026,8.990,7.77
23901.00,5.000,9.201,0.210,0.210,0.000,0.000,1.0000,25.000,50.026,8.990,7.77
23906.00,5.000,9.201,0.210,0.210,0.000,0.000,1.0000,25.000,50.026,8.990,7.76
23911.00,5.000,9.201,0.210,0.210,0.000,0.000,1.0000,25.000,50.026,8.990,7.76
23916.00,5.000,9.201,0.210,0.210,0.000,0.000,1.0000,25.000,50.026,8.990,7.76
23921.00,5.000,9.201,0.210,0.210,0.000,0.000,1.0000,25.000,50.026,8.990,7.76
23926.00,5.000,9.201,0.210,0.210,0.000,0.000,1.0000,25.000,50.026,8.990,7.75
23931.00,5.000,9.200,0.210,0.210,0.000,0.000,1.0000,25.000,50.026,8.990,7.75
23936.00,5.000,9.200,0.210,0.210,0.000,0.000,1.0000,25.000,50.026,8.990,7.75
23941.00,5.000,9.200,0.210,0.210,0.000,0.000,1.0000,25.000,50.026,8.990,7.75
23946.00,5.000,9.200,0.210,0.210,0.000,0.000,1.0000,25.000,50.026,8.990,7.74
23951.00,5.000,9.200,0.210,0.210,0.000,0.000,1.0000,25.000,50.026,8.990,7.74
23956.00,5.000,9.200,0.210,0.210,0.000,0.000,1.0000,25.000,50.026,8.990,7.74
23961.00,5.000,9.200,0.210,0.210,0.000,0.000,1.0000,25.000,50.026,8.990,7.74
23966.00,5.000,9.200,0.210,0.210,0.000,0.000,1.0000,25.000,50.026,8.990,7.74
23971.00,5.000,9.200,0.210,0.210,0.000,0.000,1.0000,25.000,50.026,8.990,7.73
23976.00,5.000,9.200,0.210,0.210,0.000,0.000,1.0000,25.000,50.026,8.990,7.73
23981.00,5.000,9.200,0.210,0.210,0.000,0.000,1.0000,25.000,50.026,8.990,7.73
23986.00,5.000,9.200,0.210,0.210,0.000,0.000,1.0000,25.000,50.026,8.990,7.73
23991.00,5.000,9.200,0.210,0.210,0.000,0.000,1.0000,25.000,50.026,8.990,7.72
23996.00,5.000,9.200,0.209,0.209,0.000,0.000,1.0000,25.000,50.026,8.990,7.72
24001.00,5.000,9.200,0.209,0.209,0.000,0.000,1.0000,25.000,50.026,8.990,7.72
24006.00,5.000,9.200,0.209,0.209,0.000,0.000,1.0000,25.000,50.026,8.990,7.72
24011.00,5.000,9.200,0.209,0.209,0.000,0.000,1.0000,25.000,50.026,8.990,7.71
24016.00,5.000,9.200,0.209,0.209,0.000,0.000,1.0000,25.000,50.026,8.990,7.71
24021.00,5.000,9.200,0.209,0.209,0.000,0.000,1.0000,25.000,50.026,8.990,7.71
24026.00,5.000,9.200,0.209,0.209,0.000,0.000,1.0000,25.000,50.026,8.990,7.71
24031.00,5.000,9.200,0.209,0.209,0.000,0.000,1.0000,25.000,50.026,8.990,7.70
24036.00,5.000,9.200,0.209,0.209,0.000,0.000,1.0000,25.000,50.026,8.990,7.70
24041.00,5.000,9.200,0.209,0.209,0.000,0.000,1.0000,25.000,50.026,8.990,7.70
24046.00,5.000,9.200,0.209,0.209,0.000,0.000,1.0000,25.000,50.026,8.990,7.70
24051.00,5.000,9.199,0.209,0.209,0.000,0.000,1.0000,25.000,50.026,8.990,7.70
24056.00,5.000,9.199,0.209,0.209,0.000,0.000,1.0000,25.000,50.026,8.990,7.69
24061.00,5.000,9.199,0.209,0.209,0.000,0.000,1.0000,25.000,50.026,8.990,7.69
24066.00,5.000,9.199,0.209,0.209,0.000,0.000,1.0000,25.000,50.026,8.990,7.69
24071.00,5.000,9.199,0.209,0.209,0.000,0.000,1.0000,25.000,50.026,8.990,7.69
24076.00,5.000,9.199,0.209,0.209,0.000,0.000,1.0000,25.000,50.026,8.990,7.68
24081.00,5.000,9.199,0.209,0.209,0.000,0.000,1.0000,25.000,50.026,8.990,7.68
24086.00,5.000,9.199,0.209,0.209,0.000,0.000,1.0000,25.000,50.026,8.990,7.68
24091.00,5.000,9.199,0.209,0.209,0.000,0.000,1.0000,25.000,50.026,8.990,7.68
24096.00,5.000,9.199,0.209,0.209,0.000,0.000,1.0000,25.000,50.026,8.990,7.67
24101.00,5.000,9.199,0.209,0.209,0.000,0.000,1.0000,25.000,50.026,8.990,7.67
24106.00,5.000,9.199,0.209,0.209,0.000,0.000,1.0000,25.000,50.026,8.990,7.67
24111.00,5.000,9.199,0.208,0.208,0.000,0.000,1.0000,25.000,50.026,8.990,7.67
24116.00,5.000,9.199,0.208,0.208,0.000,0.000,1.0000,25.000,50.026,8.990,7.67
24121.00,5.000,9.199,0.208,0.208,0.000,0.000,1.0000,25.000,50.026,8.990,7.66
24126.00,5.000,9.199,0.208,0.208,0.000,0.000,1.0000,25.000,50.026,8.990,7.66
24131.00,5.000,9.199,0.208,0.208,0.000,0.000,1.0000,25.000,50.026,8.990,7.66
24136.00,5.000,9.199,0.208,0.208,0.000,0.000,1.0000,25.000,50.026,8.990,7.66
24141.00,5.000,9.199,0.208,0.208,0.000,0.000,1.0000,25.000,50.026,8.990,7.65
24146.00,5.000,9.199,0.208,0.208,0.000,0.000,1.0000,25.000,50.026,8.990,7.65
24151.00,5.000,9.199,0.208,0.208,0.000,0.000,1.0000,25.000,50.026,8.990,7.65
24156.00,5.000,9.199,0.208,0.208,0.000,0.000,1.0000,25.000,50.026,8.990,7.65
24161.00,5.000,9.199,0.208,0.208,0.000,0.000,1.0000,25.000,50.026,8.990,7.64
24166.00,5.000,9.199,0.208,0.208,0.000,0.000,1.0000,25.000,50.026,8.990,7.64
24171.00,5.000,9.198,0.208,0.208,0.000,0.000,1.0000,25.000,50.026,8.990,7.64
24176.00,5.000,9.198,0.208,0.208,0.000,0.000,1.0000,25.000,50.026,8.990,7.64
24181.00,5.000,9.198,0.208,0.208,0.000,0.000,1.0000,25.000,50.026,8.990,7.64
24186.00,5.000,9.198,0.208,0.208,0.000,0.000,1.0000,25.000,50.026,8.990,7.63
24191.00,5.000,9.198,0.208,0.208,0.000,0.000,1.0000,25.000,50.026,8.990,7.63
24196.00,5.000,9.198,0.208,0.208,0.000,0.000,1.0000,25.000,50.026,8.990,7.63
24201.00,5.000,9.198,0.208,0.208,0.000,0.000,1.0000,25.000,50.026,8.990,7.63
24206.00,5.000,9.198,0.208,0.208,0.000,0.000,1.0000,25.000,50.026,8.990,7.62
24211.00,5.000,9.198,0.208,0.208,0.000,0.000,1.0000,25.000,50.026,8.990,7.62
24216.00,5.000,9.198,0.208,0.208,0.000,0.000,1.0000,25.000,50.026,8.990,7.62
24221.00,5.000,9.198,0.208,0.208,0.000,0.000,1.0000,25.000,50.026,8.990,7.62
24226.00,5.000,9.198,0.208,0.208,0.000,0.000,1.0000,25.000,50.026,8.990,7.62
24231.00,5.000,9.198,0.208,0.208,0.000,0.000,1.0000,25.000,50.026,8.990,7.61
24236.00,5.000,9.198,0.207,0.207,0.000,0.000,1.0000,25.000,50.026,8.990,7.61
24241.00,5.000,9.198,0.207,0.207,0.000,0.000,1.0000,25.000,50.026,8.990,7.61
24246.00,5.000,9.198,0.207,0.207,0.000,0.000,1.0000,25.000,50.026,8.990,7.61
24251.00,5.000,9.198,0.207,0.207,0.000,0.000,1.0000,25.000,50.026,8.990,7.60
24256.00,5.000,9.198,0.207,0.207,0.000,0.000,1.0000,25.000,50.026,8.990,7.60
24261.00,5.000,9.198,0.207,0.207,0.000,0.000,1.0000,25.000,50.026,8.990,7.60
24266.00,5.000,9.198,0.207,0.207,0.000,0.000,1.0000,25.000,50.026,8.990,7.60
24271.00,5.000,9.198,0.207,0.207,0.000,0.000,1.0000,25.000,50.026,8.990,7.59
24276.00,5.000,9.198,0.207,0.207,0.000,0.000,1.0000,25.000,50.026,8.990,7.59
24281.00,5.000,9.198,0.207,0.207,0.000,0.000,1.0000,25.000,50.026,8.990,7.59
24286.00,5.000,9.198,0.207,0.207,0.000,0.000,1.0000,25.000,50.026,8.990,7.59
24291.00,5.000,9.198,0.207,0.207,0.000,0.000,1.0000,25.000,50.026,8.990,7.59
24296.00,5.000,9.197,0.207,0.207,0.000,0.000,1.0000,25.000,50.026,8.990,7.58
24301.00,5.000,9.197,0.207,0.207,0.000,0.000,1.0000,25.000,50.026,8.990,7.58
24306.00,5.000,9.197,0.207,0.207,0.000,0.000,1.0000,25.000,50.026,8.990,7.58
24311.00,5.000,9.197,0.207,0.207,0.000,0.000,1.0000,25.000,50.026,8.990,7.58
24316.00,5.000,9.197,0.207,0.207,0.000,0.000,1.0000,25.000,50.026,8.990,7.57
24321.00,5.000,9.197,0.207,0.207,0.000,0.000,1.0000,25.000,50.026,8.990,7.57
24326.00,5.000,9.197,0.207,0.207,0.000,0.000,1.0000,25.000,50.026,8.990,7.57
24331.00,5.000,9.197,0.207,0.207,0.000,0.000,1.0000,25.000,50.026,8.990,7.57
24336.00,5.000,9.197,0.207,0.207,0.000,0.000,1.0000,25.000,50.026,8.990,7.57
24341.00,5.000,9.197,0.207,0.207,0.000,0.000,1.0000,25.000,50.026,8.990,7.56
24346.00,5.000,9.197,0.207,0.207,0.000,0.000,1.0000,25.000,50.026,8.990,7.56
24351.00,5.000,9.197,0.207,0.207,0.000,0.000,1.0000,25.000,50.026,8.990,7.56
24356.00,5.000,9.197,0.207,0.207,0.000,0.000,1.0000,25.000,50.026,8.990,7.56
24361.00,5.000,9.197,0.206,0.206,0.000,0.000,1.0000,25.000,50.026,8.990,7.56
24366.00,5.000,9.197,0.206,0.206,0.000,0.000,1.0000,25.000,50.026,8.990,7.55
24371.00,5.000,9.197,0.206,0.206,0.000,0.000,1.0000,25.000,50.026,8.990,7.55
24376.00,5.000,9.197,0.206,0.206,0.000,0.000,1.0000,25.000,50.026,8.990,7.55
24381.00,5.000,9.197,0.206,0.206,0.000,0.000,1.0000,25.000,50.026,8.990,7.55
24386.00,5.000,9.197,0.206,0.206,0.000,0.000,1.0000,25.000,50.026,8.990,7.54
24391.00,5.000,9.197,0.206,0.206,0.000,0.000,1.0000,25.000,50.026,8.990,7.54
24396.00,5.000,9.197,0.206,0.206,0.000,0.000,1.0000,25.000,50.026,8.990,7.54
24401.00,5.000,9.197,0.206,0.206,0.000,0.000,1.0000,25.000,50.026,8.990,7.54
24406.00,5.000,9.197,0.206,0.206,0.000,0.000,1.0000,25.000,50.026,8.990,7.54
24411.00,5.000,9.197,0.206,0.206,0.000,0.000,1.0000,25.000,50.026,8.990,7.53
24416.00,5.000,9.197,0.206,0.206,0.000,0.000,1.0000,25.000,50.026,8.990,7.53
24421.00,5.000,9.196,0.206,0.206,0.000,0.000,1.0000,25.000,50.026,8.990,7.53
24426.00,5.000,9.196,0.206,0.206,0.000,0.000,1.0000,25.000,50.026,8.990,7.53
24431.00,5.000,9.196,0.206,0.206,0.000,0.000,1.0000,25.000,50.026,8.990,7.52
24436.00,5.000,9.196,0.206,0.206,0.000,0.000,1.0000,25.000,50.026,8.990,7.52
24441.00,5.000,9.196,0.206,0.206,0.000,0.000,1.0000,25.000,50.026,8.990,7.52
24446.00,5.000,9.196,0.206,0.206,0.000,0.000,1.0000,25.000,50.026,8.990,7.52
24451.00,5.000,9.196,0.206,0.206,0.000,0.000,1.0000,25.000,50.026,8.990,7.52
24456.00,5.000,9.196,0.206,0.206,0.000,0.000,1.0000,25.000,50.026,8.990,7.51
24461.00,5.000,9.196,0.206,0.206,0.000,0.000,1.0000,25.000,50.026,8.990,7.51
24466.00,5.000,9.196,0.206,0.206,0.000,0.000,1.0000,25.000,50.026,8.990,7.51
24471.00,5.000,9.196,0.206,0.206,0.000,0.000,1.0000,25.000,50.026,8.990,7.51
24476.00,5.000,9.196,0.206,0.206,0.000,0.000,1.0000,25.000,50.026,8.990,7.51
24481.00,5.000,9.196,0.206,0.206,0.000,0.000,1.0000,25.000,50.026,8.990,7.50
24486.00,5.000,9.196,0.205,0.205,0.000,0.000,1.0000,25.000,50.026,8.990,7.50
24491.00,5.000,9.196,0.205,0.205,0.000,0.000,1.0000,25.000,50.026,8.990,7.50
24496.00,5.000,9.196,0.205,0.205,0.000,0.000,1.0000,25.000,50.026,8.990,7.50
24501.00,5.000,9.196,0.205,0.205,0.000,0.000,1.0000,25.000,50.026,8.990,7.49
24506.00,5.000,9.196,0.205,0.205,0.000,0.000,1.0000,25.000,50.026,8.990,7.49
24511.00,5.000,9.196,0.205,0.205,0.000,0.000,1.0000,25.000,50.026,8.990,7.49
24516.00,5.000,9.196,0.205,0.205,0.000,0.000,1.0000,25.000,50.026,8.990,7.49
24521.00,5.000,9.196,0.205,0.205,0.000,0.000,1.0000,25.000,50.026,8.990,7.49
24526.00,5.000,9.196,0.205,0.205,0.000,0.000,1.0000,25.000,50.026,8.990,7.48
24531.00,5.000,9.196,0.205,0.205,0.000,0.000,1.0000,25.000,50.026,8.990,7.48
24536.00,5.000,9.196,0.205,0.205,0.000,0.000,1.0000,25.000,50.026,8.990,7.48
24541.00,5.000,9.196,0.205,0.205,0.000,0.000,1.0000,25.000,50.026,8.990,7.48
24546.00,5.000,9.195,0.205,0.205,0.000,0.000,1.0000,25.000,50.026,8.990,7.48
24551.00,5.000,9.195,0.205,0.205,0.000,0.000,1.0000,25.000,50.026,8.990,7.47
24556.00,5.000,9.195,0.205,0.205,0.000,0.000,1.0000,25.000,50.026,8.990,7.47
24561.00,5.000,9.195,0.205,0.205,0.000,0.000,1.0000,25.000,50.026,8.990,7.47
24566.00,5.000,9.195,0.205,0.205,0.000,0.000,1.0000,25.000,50.026,8.990,7.47
24571.00,5.000,9.195,0.205,0.205,0.000,0.000,1.0000,25.000,50.026,8.990,7.46
24576.00,5.000,9.195,0.205,0.205,0.000,0.000,1.0000,25.000,50.026,8.990,7.46
24581.00,5.000,9.195,0.205,0.205,0.000,0.000,1.0000,25.000,50.026,8.990,7.46
24586.00,5.000,9.195,0.205,0.205,0.000,0.000,1.0000,25.000,50.026,8.990,7.46
24591.00,5.000,9.195,0.205,0.205,0.000,0.000,1.0000,25.000,50.026,8.990,7.46
24596.00,5.000,9.195,0.205,0.205,0.000,0.000,1.0000,25.000,50.026,8.990,7.45
24601.00,5.000,9.195,0.205,0.205,0.000,0.000,1.0000,25.000,50.026,8.990,7.45
24606.00,5.000,9.195,0.205,0.205,0.000,0.000,1.0000,25.000,50.026,8.990,7.45
24611.00,5.000,9.195,0.205,0.205,0.000,0.000,1.0000,25.000,50.026,8.990,7.45
24616.00,5.000,9.195,0.204,0.204,0.000,0.000,1.0000,25.000,50.026,8.990,7.45
24621.00,5.000,9.195,0.204,0.204,0.000,0.000,1.0000,25.000,50.026,8.990,7.44
24626.00,5.000,9.195,0.204,0.204,0.000,0.000,1.0000,25.000,50.026,8.990,7.44
24631.00,5.000,9.195,0.204,0.204,0.000,0.000,1.0000,25.000,50.026,8.990,7.44
24636.00,5.000,9.195,0.204,0.204,0.000,0.000,1.0000,25.000,50.026,8.990,7.44
24641.00,5.000,9.195,0.204,0.204,0.000,0.000,1.0000,25.000,50.026,8.990,7.44
24646.00,5.000,9.195,0.204,0.204,0.000,0.000,1.0000,25.000,50.026,8.990,7.43
24651.00,5.000,9.195,0.204,0.204,0.000,0.000,1.0000,25.000,50.026,8.990,7.43
24656.00,5.000,9.195,0.204,0.204,0.000,0.000,1.0000,25.000,50.026,8.990,7.43
24661.00,5.000,9.195,0.204,0.204,0.000,0.000,1.0000,25.000,50.026,8.990,7.43
24666.00,5.000,9.195,0.204,0.204,0.000,0.000,1.0000,25.000,50.026,8.990,7.43
24671.00,5.000,9.195,0.204,0.204,0.000,0.000,1.0000,25.000,50.026,8.990,7.42
24676.00,5.000,9.195,0.204,0.204,0.000,0.000,1.0000,25.000,50.026,8.990,7.42
24681.00,5.000,9.194,0.204,0.204,0.000,0.000,1.0000,25.000,50.026,8.990,7.42
24686.00,5.000,9.194,0.204,0.204,0.000,0.000,1.0000,25.000,50.026,8.990,7.42
24691.00,5.000,9.194,0.204,0.204,0.000,0.000,1.0000,25.000,50.026,8.990,7.41
24696.00,5.000,9.194,0.204,0.204,0.000,0.000,1.0000,25.000,50.026,8.990,7.41
24701.00,5.000,9.194,0.204,0.204,0.000,0.000,1.0000,25.000,50.026,8.990,7.41
24706.00,5.000,9.194,0.204,0.204,0.000,0.000,1.0000,25.000,50.026,8.990,7.41
24711.00,5.000,9.194,0.204,0.204,0.000,0.000,1.0000,25.000,50.026,8.990,7.41
24716.00,5.000,9.194,0.204,0.204,0.000,0.000,1.0000,25.000,50.026,8.990,7.40
24721.00,5.000,9.194,0.204,0.204,0.000,0.000,1.0000,25.000,50.026,8.990,7.40
24726.00,5.000,9.194,0.204,0.204,0.000,0.000,1.0000,25.000,50.026,8.990,7.40
24731.00,5.000,9.194,0.204,0.204,0.000,0.000,1.0000,25.000,50.026,8.990,7.40
24736.00,5.000,9.194,0.204,0.204,0.000,0.000,1.0000,25.000,50.026,8.990,7.40
24741.00,5.000,9.194,0.204,0.204,0.000,0.000,1.0000,25.000,50.026,8.990,7.39
24746.00,5.000,9.194,0.204,0.204,0.000,0.000,1.0000,25.000,50.026,8.990,7.39
24751.00,5.000,9.194,0.203,0.203,0.000,0.000,1.0000,25.000,50.026,8.990,7.39
24756.00,5.000,9.194,0.203,0.203,0.000,0.000,1.0000,25.000,50.026,8.990,7.39
24761.00,5.000,9.194,0.203,0.203,0.000,0.000,1.0000,25.000,50.026,8.990,7.39
24766.00,5.000,9.194,0.203,0.203,0.000,0.000,1.0000,25.000,50.026,8.990,7.38
24771.00,5.000,9.194,0.203,0.203,0.000,0.000,1.0000,25.000,50.026,8.990,7.38
24776.00,5.000,9.194,0.203,0.203,0.000,0.000,1.0000,25.000,50.026,8.990,7.38
24781.00,5.000,9.194,0.203,0.203,0.000,0.000,1.0000,25.000,50.026,8.990,7.38
24786.00,5.000,9.194,0.203,0.203,0.000,0.000,1.0000,25.000,50.026,8.990,7.38
24791.00,5.000,9.194,0.203,0.203,0.000,0.000,1.0000,25.000,50.026,8.990,7.37
24796.00,5.000,9.194,0.203,0.203,0.000,0.000,1.0000,25.000,50.026,8.990,7.37
24801.00,5.000,9.194,0.203,0.203,0.000,0.000,1.0000,25.000,50.026,8.990,7.37
24806.00,5.000,9.194,0.203,0.203,0.000,0.000,1.0000,25.000,50.026,8.990,7.37
24811.00,5.000,9.194,0.203,0.203,0.000,0.000,1.0000,25.000,50.026,8.990,7.37
24816.00,5.000,9.193,0.203,0.203,0.000,0.000,1.0000,25.000,50.026,8.990,7.36
24821.00,5.000,9.193,0.203,0.203,0.000,0.000,1.0000,25.000,50.026,8.990,7.36
24826.00,5.000,9.193,0.203,0.203,0.000,0.000,1.0000,25.000,50.026,8.990,7.36
24831.00,5.000,9.193,0.203,0.203,0.000,0.000,1.0000,25.000,50.026,8.990,7.36
24836.00,5.000,9.193,0.203,0.203,0.000,0.000,1.0000,25.000,50.026,8.990,7.36
24841.00,5.000,9.193,0.203,0.203,0.000,0.000,1.0000,25.000,50.026,8.990,7.35
24846.00,5.000,9.193,0.203,0.203,0.000,0.000,1.0000,25.000,50.026,8.990,7.35
24851.00,5.000,9.193,0.203,0.203,0.000,0.000,1.0000,25.000,50.026,8.990,7.35
24856.00,5.000,9.193,0.203,0.203,0.000,0.000,1.0000,25.000,50.026,8.990,7.35
24861.00,5.000,9.193,0.203,0.203,0.000,0.000,1.0000,25.000,50.026,8.990,7.35
24866.00,5.000,9.193,0.203,0.203,0.000,0.000,1.0000,25.000,50.026,8.990,7.34
24871.00,5.000,9.193,0.203,0.203,0.000,0.000,1.0000,25.000,50.026,8.990,7.34
24876.00,5.000,9.193,0.203,0.203,0.000,0.000,1.0000,25.000,50.026,8.990,7.34
24881.00,5.000,9.193,0.203,0.203,0.000,0.000,1.0000,25.000,50.026,8.990,7.34
24886.00,5.000,9.193,0.202,0.202,0.000,0.000,1.0000,25.000,50.026,8.990,7.34
24891.00,5.000,9.193,0.202,0.202,0.000,0.000,1.0000,25.000,50.026,8.990,7.33
24896.00,5.000,9.193,0.202,0.202,0.000,0.000,1.0000,25.000,50.026,8.990,7.33
24901.00,5.000,9.193,0.202,0.202,0.000,0.000,1.0000,25.000,50.026,8.990,7.33
24906.00,5.000,9.193,0.202,0.202,0.000,0.000,1.0000,25.000,50.026,8.990,7.33
24911.00,5.000,9.193,0.202,0.202,0.000,0.000,1.0000,25.000,50.026,8.990,7.33
24916.00,5.000,9.193,0.202,0.202,0.000,0.000,1.0000,25.000,50.026,8.990,7.32
24921.00,5.000,9.193,0.202,0.202,0.000,0.000,1.0000,25.000,50.026,8.990,7.32
24926.00,5.000,9.193,0.202,0.202,0.000,0.000,1.0000,25.000,50.026,8.990,7.32
24931.00,5.000,9.193,0.202,0.202,0.000,0.000,1.0000,25.000,50.026,8.990,7.32
24936.00,5.000,9.193,0.202,0.202,0.000,0.000,1.0000,25.000,50.026,8.990,7.32
24941.00,5.000,9.193,0.202,0.202,0.000,0.000,1.0000,25.000,50.026,8.990,7.31
24946.00,5.000,9.193,0.202,0.202,0.000,0.000,1.0000,25.000,50.026,8.990,7.31
24951.00,5.000,9.192,0.202,0.202,0.000,0.000,1.0000,25.000,50.026,8.990,7.31
24956.00,5.000,9.192,0.202,0.202,0.000,0.000,1.0000,25.000,50.026,8.990,7.31
24961.00,5.000,9.192,0.202,0.202,0.000,0.000,1.0000,25.000,50.026,8.990,7.31
24966.00,5.000,9.192,0.202,0.202,0.000,0.000,1.0000,25.000,50.026,8.990,7.30
24971.00,5.000,9.192,0.202,0.202,0.000,0.000,1.0000,25.000,50.026,8.990,7.30
24976.00,5.000,9.192,0.202,0.202,0.000,0.000,1.0000,25.000,50.026,8.990,7.30
24981.00,5.000,9.192,0.202,0.202,0.000,0.000,1.0000,25.000,50.026,8.990,7.30
24986.00,5.000,9.192,0.202,0.202,0.000,0.000,1.0000,25.000,50.026,8.990,7.30
24991.00,5.000,9.192,0.202,0.202,0.000,0.000,1.0000,25.000,50.026,8.990,7.29
24996.00,5.000,9.192,0.202,0.202,0.000,0.000,1.0000,25.000,50.026,8.990,7.29
25001.00,5.000,9.192,0.202,0.202,0.000,0.000,1.0000,25.000,50.026,8.990,7.29
25006.00,5.000,9.192,0.202,0.202,0.000,0.000,1.0000,25.000,50.026,8.990,7.29
25011.00,5.000,9.192,0.202,0.202,0.000,0.000,1.0000,25.000,50.026,8.990,7.29
25016.00,5.000,9.192,0.202,0.202,0.000,0.000,1.0000,25.000,50.026,8.990,7.29
25021.00,5.000,9.192,0.202,0.202,0.000,0.000,1.0000,25.000,50.026,8.990,7.28
25026.00,5.000,9.192,0.201,0.201,0.000,0.000,1.0000,25.000,50.026,8.990,7.28
25031.00,5.000,9.192,0.201,0.201,0.000,0.000,1.0000,25.000,50.026,8.990,7.28
25036.00,5.000,9.192,0.201,0.201,0.000,0.000,1.0000,25.000,50.026,8.990,7.28
25041.00,5.000,9.192,0.201,0.201,0.000,0.000,1.0000,25.000,50.026,8.990,7.28
25046.00,5.000,9.192,0.201,0.201,0.000,0.000,1.0000,25.000,50.026,8.990,7.27
25051.00,5.000,9.192,0.201,0.201,0.000,0.000,1.0000,25.000,50.026,8.990,7.27
25056.00,5.000,9.192,0.201,0.201,0.000,0.000,1.0000,25.000,50.026,8.990,7.27
25061.00,5.000,9.192,0.201,0.201,0.000,0.000,1.0000,25.000,50.026,8.990,7.27
25066.00,5.000,9.192,0.201,0.201,0.000,0.000,1.0000,25.000,50.026,8.990,7.27
25071.00,5.000,9.192,0.201,0.201,0.000,0.000,1.0000,25.000,50.026,8.990,7.26
25076.00,5.000,9.192,0.201,0.201,0.000,0.000,1.0000,25.000,50.026,8.990,7.26
25081.00,5.000,9.192,0.201,0.201,0.000,0.000,1.0000,25.000,50.026,8.990,7.26
25086.00,5.000,9.192,0.201,0.201,0.000,0.000,1.0000,25.000,50.026,8.990,7.26
25091.00,5.000,9.191,0.201,0.201,0.000,0.000,1.0000,25.000,50.026,8.990,7.26
25096.00,5.000,9.191,0.201,0.201,0.000,0.000,1.0000,25.000,50.026,8.990,7.25
25101.00,5.000,9.191,0.201,0.201,0.000,0.000,1.0000,25.000,50.026,8.990,7.25
25106.00,5.000,9.191,0.201,0.201,0.000,0.000,1.0000,25.000,50.026,8.990,7.25
25111.00,5.000,9.191,0.201,0.201,0.000,0.000,1.0000,25.000,50.026,8.990,7.25
25116.00,5.000,9.191,0.201,0.201,0.000,0.000,1.0000,25.000,50.026,8.990,7.25
25121.00,5.000,9.191,0.201,0.201,0.000,0.000,1.0000,25.000,50.026,8.990,7.24
25126.00,5.000,9.191,0.201,0.201,0.000,0.000,1.0000,25.000,50.026,8.990,7.24
25131.00,5.000,9.191,0.201,0.201,0.000,0.000,1.0000,25.000,50.026,8.990,7.24
25136.00,5.000,9.191,0.201,0.201,0.000,0.000,1.0000,25.000,50.026,8.990,7.24
25141.00,5.000,9.191,0.201,0.201,0.000,0.000,1.0000,25.000,50.026,8.990,7.24
25146.00,5.000,9.191,0.201,0.201,0.000,0.000,1.0000,25.000,50.026,8.990,7.24
25151.00,5.000,9.191,0.201,0.201,0.000,0.000,1.0000,25.000,50.026,8.990,7.23
25156.00,5.000,9.191,0.201,0.201,0.000,0.000,1.0000,25.000,50.026,8.990,7.23
25161.00,5.000,9.191,0.201,0.201,0.000,0.000,1.0000,25.000,50.026,8.990,7.23
25166.00,5.000,9.191,0.200,0.200,0.000,0.000,1.0000,25.000,50.026,8.990,7.23
25171.00,5.000,9.191,0.200,0.200,0.000,0.000,1.0000,25.000,50.026,8.990,7.23
25176.00,5.000,9.191,0.200,0.200,0.000,0.000,1.0000,25.000,50.026,8.990,7.22
25181.00,5.000,9.191,0.200,0.200,0.000,0.000,1.0000,25.000,50.026,8.990,7.22
25186.00,5.000,9.191,0.200,0.200,0.000,0.000,1.0000,25.000,50.026,8.990,7.22
25191.00,5.000,9.191,0.200,0.200,0.000,0.000,1.0000,25.000,50.026,8.990,7.22
25196.00,5.000,9.191,0.200,0.200,0.000,0.000,1.0000,25.000,50.026,8.990,7.22
25201.00,5.000,9.191,0.200,0.200,0.000,0.000,1.0000,25.000,50.026,8.990,7.21
25206.00,5.000,9.191,0.200,0.200,0.000,0.000,1.0000,25.000,50.026,8.990,7.21
25211.00,5.000,9.191,0.200,0.200,0.000,0.000,1.0000,25.000,50.026,8.990,7.21
25216.00,5.000,9.191,0.200,0.200,0.000,0.000,1.0000,25.000,50.026,8.990,7.21
25221.00,5.000,9.191,0.200,0.200,0.000,0.000,1.0000,25.000,50.026,8.990,7.21
25226.00,5.000,9.191,0.200,0.200,0.000,0.000,1.0000,25.000,50.026,8.990,7.21
25231.00,5.000,9.191,0.200,0.200,0.000,0.000,1.0000,25.000,50.026,8.990,7.20
25236.00,5.000,9.190,0.200,0.200,0.000,0.000,1.0000,25.000,50.026,8.990,7.20
25241.00,5.000,9.190,0.200,0.200,0.000,0.000,1.0000,25.000,50.026,8.990,7.20
25246.00,5.000,9.190,0.200,0.200,0.000,0.000,1.0000,25.000,50.026,8.990,7.20
25251.00,5.000,9.190,0.200,0.200,0.000,0.000,1.0000,25.000,50.026,8.990,7.20
25256.00,5.000,9.190,0.200,0.200,0.000,0.000,1.0000,25.000,50.026,8.990,7.19
25261.00,5.000,9.190,0.200,0.200,0.000,0.000,1.0000,25.000,50.026,8.990,7.19
25266.00,5.000,9.190,0.200,0.200,0.000,0.000,1.0000,25.000,50.026,8.990,7.19
25271.00,5.000,9.190,0.200,0.200,0.000,0.000,1.0000,25.000,50.026,8.990,7.19
25276.00,5.000,9.190,0.200,0.200,0.000,0.000,1.0000,25.000,50.026,8.990,7.19
25281.00,5.000,9.190,0.200,0.200,0.000,0.000,1.0000,25.000,50.026,8.990,7.18
25286.00,5.000,9.190,0.200,0.200,0.000,0.000,1.0000,25.000,50.026,8.990,7.18
25291.00,5.000,9.190,0.200,0.200,0.000,0.000,1.0000,25.000,50.026,8.990,7.18
25296.00,5.000,9.190,0.200,0.200,0.000,0.000,1.0000,25.000,50.026,8.990,7.18
25301.00,5.000,9.190,0.200,0.200,0.000,0.000,1.0000,25.000,50.026,8.990,7.18
25306.00,5.000,9.190,0.200,0.200,0.000,0.000,1.0000,25.000,50.026,8.990,7.18
25311.00,5.000,9.190,0.199,0.199,0.000,0.000,1.0000,25.000,50.026,8.990,7.17
25316.00,5.000,9.190,0.199,0.199,0.000,0.000,1.0000,25.000,50.026,8.990,7.17
25321.00,5.000,9.190,0.199,0.199,0.000,0.000,1.0000,25.000,50.026,8.990,7.17
25326.00,5.000,9.190,0.199,0.199,0.000,0.000,1.0000,25.000,50.026,8.990,7.17
25331.00,5.000,9.190,0.199,0.199,0.000,0.000,1.0000,25.000,50.026,8.990,7.17
25336.00,5.000,9.190,0.199,0.199,0.000,0.000,1.0000,25.000,50.026,8.990,7.16
25341.00,5.000,9.190,0.199,0.199,0.000,0.000,1.0000,25.000,50.026,8.990,7.16
25346.00,5.000,9.190,0.199,0.199,0.000,0.000,1.0000,25.000,50.026,8.990,7.16
25351.00,5.000,9.190,0.199,0.199,0.000,0.000,1.0000,25.000,50.026,8.990,7.16
25356.00,5.000,9.190,0.199,0.199,0.000,0.000,1.0000,25.000,50.026,8.990,7.16
25361.00,5.000,9.190,0.199,0.199,0.000,0.000,1.0000,25.000,50.026,8.990,7.16
25366.00,5.000,9.190,0.199,0.199,0.000,0.000,1.0000,25.000,50.026,8.990,7.15
25371.00,5.000,9.190,0.199,0.199,0.000,0.000,1.0000,25.000,50.026,8.990,7.15
25376.00,5.000,9.190,0.199,0.199,0.000,0.000,1.0000,25.000,50.026,8.990,7.15
25381.00,5.000,9.189,0.199,0.199,0.000,0.000,1.0000,25.000,50.026,8.990,7.15
25386.00,5.000,9.189,0.199,0.199,0.000,0.000,1.0000,25.000,50.026,8.990,7.15
25391.00,5.000,9.189,0.199,0.199,0.000,0.000,1.0000,25.000,50.026,8.990,7.14
25396.00,5.000,9.189,0.199,0.199,0.000,0.000,1.0000,25.000,50.026,8.990,7.14
25401.00,5.000,9.189,0.199,0.199,0.000,0.000,1.0000,25.000,50.026,8.990,7.14
25406.00,5.000,9.189,0.199,0.199,0.000,0.000,1.0000,25.000,50.026,8.990,7.14
25411.00,5.000,9.189,0.199,0.199,0.000,0.000,1.0000,25.000,50.026,8.990,7.14
25416.00,5.000,9.189,0.199,0.199,0.000,0.000,1.0000,25.000,50.026,8.990,7.14
25421.00,5.000,9.189,0.199,0.199,0.000,0.000,1.0000,25.000,50.026,8.990,7.13
25426.00,5.000,9.189,0.199,0.199,0.000,0.000,1.0000,25.000,50.026,8.990,7.13
25431.00,5.000,9.189,0.199,0.199,0.000,0.000,1.0000,25.000,50.026,8.990,7.13
25436.00,5.000,9.189,0.199,0.199,0.000,0.000,1.0000,25.000,50.026,8.990,7.13
25441.00,5.000,9.189,0.199,0.199,0.000,0.000,1.0000,25.000,50.026,8.990,7.13
25446.00,5.000,9.189,0.199,0.199,0.000,0.000,1.0000,25.000,50.026,8.990,7.13
25451.00,5.000,9.189,0.199,0.199,0.000,0.000,1.0000,25.000,50.026,8.990,7.12
25456.00,5.000,9.189,0.199,0.199,0.000,0.000,1.0000,25.000,50.026,8.990,7.12
25461.00,5.000,9.189,0.198,0.198,0.000,0.000,1.0000,25.000,50.026,8.990,7.12
25466.00,5.000,9.189,0.198,0.198,0.000,0.000,1.0000,25.000,50.026,8.990,7.12
25471.00,5.000,9.189,0.198,0.198,0.000,0.000,1.0000,25.000,50.026,8.990,7.12
25476.00,5.000,9.189,0.198,0.198,0.000,0.000,1.0000,25.000,50.026,8.990,7.11
25481.00,5.000,9.189,0.198,0.198,0.000,0.000,1.0000,25.000,50.026,8.990,7.11
25486.00,5.000,9.189,0.198,0.198,0.000,0.000,1.0000,25.000,50.026,8.990,7.11
25491.00,5.000,9.189,0.198,0.198,0.000,0.000,1.0000,25.000,50.026,8.990,7.11
25496.00,5.000,9.189,0.198,0.198,0.000,0.000,1.0000,25.000,50.026,8.990,7.11
25501.00,5.000,9.189,0.198,0.198,0.000,0.000,1.0000,25.000,50.026,8.990,7.11
25506.00,5.000,9.189,0.198,0.198,0.000,0.000,1.0000,25.000,50.026,8.990,7.10
25511.00,5.000,9.189,0.198,0.198,0.000,0.000,1.0000,25.000,50.026,8.990,7.10
25516.00,5.000,9.189,0.198,0.198,0.000,0.000,1.0000,25.000,50.026,8.990,7.10
25521.00,5.000,9.189,0.198,0.198,0.000,0.000,1.0000,25.000,50.026,8.990,7.10
25526.00,5.000,9.189,0.198,0.198,0.000,0.000,1.0000,25.000,50.026,8.990,7.10
25531.00,5.000,9.189,0.198,0.198,0.000,0.000,1.0000,25.000,50.026,8.990,7.09
25536.00,5.000,9.188,0.198,0.198,0.000,0.000,1.0000,25.000,50.026,8.990,7.09
25541.00,5.000,9.188,0.198,0.198,0.000,0.000,1.0000,25.000,50.026,8.990,7.09
25546.00,5.000,9.188,0.198,0.198,0.000,0.000,1.0000,25.000,50.026,8.990,7.09
25551.00,5.000,9.188,0.198,0.198,0.000,0.000,1.0000,25.000,50.026,8.990,7.09
25556.00,5.000,9.188,0.198,0.198,0.000,0.000,1.0000,25.000,50.026,8.990,7.09
25561.00,5.000,9.188,0.198,0.198,0.000,0.000,1.0000,25.000,50.026,8.990,7.08
25566.00,5.000,9.188,0.198,0.198,0.000,0.000,1.0000,25.000,50.026,8.990,7.08
25571.00,5.000,9.188,0.198,0.198,0.000,0.000,1.0000,25.000,50.026,8.990,7.08
25576.00,5.000,9.188,0.198,0.198,0.000,0.000,1.0000,25.000,50.026,8.990,7.08
25581.00,5.000,9.188,0.198,0.198,0.000,0.000,1.0000,25.000,50.026,8.990,7.08
25586.00,5.000,9.188,0.198,0.198,0.000,0.000,1.0000,25.000,50.026,8.990,7.08
25591.00,5.000,9.188,0.198,0.198,0.000,0.000,1.0000,25.000,50.026,8.990,7.07
25596.00,5.000,9.188,0.198,0.198,0.000,0.000,1.0000,25.000,50.026,8.990,7.07
25601.00,5.000,9.188,0.198,0.198,0.000,0.000,1.0000,25.000,50.026,8.990,7.07
25606.00,5.000,9.188,0.198,0.198,0.000,0.000,1.0000,25.000,50.026,8.990,7.07
25611.00,5.000,9.188,0.198,0.198,0.000,0.000,1.0000,25.000,50.026,8.990,7.07
25616.00,5.000,9.188,0.197,0.197,0.000,0.000,1.0000,25.000,50.026,8.990,7.07
25621.00,5.000,9.188,0.197,0.197,0.000,0.000,1.0000,25.000,50.026,8.990,7.06
25626.00,5.000,9.188,0.197,0.197,0.000,0.000,1.0000,25.000,50.026,8.990,7.06
25631.00,5.000,9.188,0.197,0.197,0.000,0.000,1.0000,25.000,50.026,8.990,7.06
25636.00,5.000,9.188,0.197,0.197,0.000,0.000,1.0000,25.000,50.026,8.990,7.06
25641.00,5.000,9.188,0.197,0.197,0.000,0.000,1.0000,25.000,50.026,8.990,7.06
25646.00,5.000,9.188,0.197,0.197,0.000,0.000,1.0000,25.000,50.026,8.990,7.05
25651.00,5.000,9.188,0.197,0.197,0.000,0.000,1.0000,25.000,50.026,8.990,7.05
25656.00,5.000,9.188,0.197,0.197,0.000,0.000,1.0000,25.000,50.026,8.990,7.05
25661.00,5.000,9.188,0.197,0.197,0.000,0.000,1.0000,25.000,50.026,8.990,7.05
25666.00,5.000,9.188,0.197,0.197,0.000,0.000,1.0000,25.000,50.026,8.990,7.05
25671.00,5.000,9.188,0.197,0.197,0.000,0.000,1.0000,25.000,50.026,8.990,7.05
25676.00,5.000,9.188,0.197,0.197,0.000,0.000,1.0000,25.000,50.026,8.990,7.04
25681.00,5.000,9.188,0.197,0.197,0.000,0.000,1.0000,25.000,50.026,8.990,7.04
25686.00,5.000,9.188,0.197,0.197,0.000,0.000,1.0000,25.000,50.026,8.990,7.04
25691.00,5.000,9.187,0.197,0.197,0.000,0.000,1.0000,25.000,50.026,8.990,7.04
25696.00,5.000,9.187,0.197,0.197,0.000,0.000,1.0000,25.000,50.026,8.990,7.04
25701.00,5.000,9.187,0.197,0.197,0.000,0.000,1.0000,25.000,50.026,8.990,7.04
25706.00,5.000,9.187,0.197,0.197,0.000,0.000,1.0000,25.000,50.026,8.990,7.03
25711.00,5.000,9.187,0.197,0.197,0.000,0.000,1.0000,25.000,50.026,8.990,7.03
25716.00,5.000,9.187,0.197,0.197,0.000,0.000,1.0000,25.000,50.026,8.990,7.03
25721.00,5.000,9.187,0.197,0.197,0.000,0.000,1.0000,25.000,50.026,8.990,7.03
25726.00,5.000,9.187,0.197,0.197,0.000,0.000,1.0000,25.000,50.026,8.990,7.03
25731.00,5.000,9.187,0.197,0.197,0.000,0.000,1.0000,25.000,50.026,8.990,7.03
25736.00,5.000,9.187,0.197,0.197,0.000,0.000,1.0000,25.000,50.026,8.990,7.02
25741.00,5.000,9.187,0.197,0.197,0.000,0.000,1.0000,25.000,50.026,8.990,7.02
25746.00,5.000,9.187,0.197,0.197,0.000,0.000,1.0000,25.000,50.026,8.990,7.02
25751.00,5.000,9.187,0.197,0.197,0.000,0.000,1.0000,25.000,50.026,8.990,7.02
25756.00,5.000,9.187,0.197,0.197,0.000,0.000,1.0000,25.000,50.026,8.990,7.02
25761.00,5.000,9.187,0.197,0.197,0.000,0.000,1.0000,25.000,50.026,8.990,7.02
25766.00,5.000,9.187,0.197,0.197,0.000,0.000,1.0000,25.000,50.026,8.990,7.01
25771.00,5.000,9.187,0.196,0.196,0.000,0.000,1.0000,25.000,50.026,8.990,7.01
25776.00,5.000,9.187,0.196,0.196,0.000,0.000,1.0000,25.000,50.026,8.990,7.01
25781.00,5.000,9.187,0.196,0.196,0.000,0.000,1.0000,25.000,50.026,8.990,7.01
25786.00,5.000,9.187,0.196,0.196,0.000,0.000,1.0000,25.000,50.026,8.990,7.01
25791.00,5.000,9.187,0.196,0.196,0.000,0.000,1.0000,25.000,50.026,8.990,7.01
25796.00,5.000,9.187,0.196,0.196,0.000,0.000,1.0000,25.000,50.026,8.990,7.00
25801.00,5.000,9.187,0.196,0.196,0.000,0.000,1.0000,25.000,50.026,8.990,7.00
25806.00,5.000,9.187,0.196,0.196,0.000,0.000,1.0000,25.000,50.026,8.990,7.00
25811.00,5.000,9.187,0.196,0.196,0.000,0.000,1.0000,25.000,50.026,8.990,7.00
25816.00,5.000,9.187,0.196,0.196,0.000,0.000,1.0000,25.000,50.026,8.990,7.00
25821.00,5.000,9.187,0.196,0.196,0.000,0.000,1.0000,25.000,50.026,8.990,7.00
25826.00,5.000,9.187,0.196,0.196,0.000,0.000,1.0000,25.000,50.026,8.990,6.99
25831.00,5.000,9.187,0.196,0.196,0.000,0.000,1.0000,25.000,50.026,8.990,6.99
25836.00,5.000,9.187,0.196,0.196,0.000,0.000,1.0000,25.000,50.026,8.990,6.99
25841.00,5.000,9.187,0.196,0.196,0.000,0.000,1.0000,25.000,50.026,8.990,6.99
25846.00,5.000,9.187,0.196,0.196,0.000,0.000,1.0000,25.000,50.026,8.990,6.99
25851.00,5.000,9.186,0.196,0.196,0.000,0.000,1.0000,25.000,50.026,8.990,6.99
25856.00,5.000,9.186,0.196,0.196,0.000,0.000,1.0000,25.000,50.026,8.990,6.98
25861.00,5.000,9.186,0.196,0.196,0.000,0.000,1.0000,25.000,50.026,8.990,6.98
25866.00,5.000,9.186,0.196,0.196,0.000,0.000,1.0000,25.000,50.026,8.990,6.98
25871.00,5.000,9.186,0.196,0.196,0.000,0.000,1.0000,25.000,50.026,8.990,6.98
25876.00,5.000,9.186,0.196,0.196,0.000,0.000,1.0000,25.000,50.026,8.990,6.98
25881.00,5.000,9.186,0.196,0.196,0.000,0.000,1.0000,25.000,50.026,8.990,6.98
25886.00,5.000,9.186,0.196,0.196,0.000,0.000,1.0000,25.000,50.026,8.990,6.97
25891.00,5.000,9.186,0.196,0.196,0.000,0.000,1.0000,25.000,50.026,8.990,6.97
25896.00,5.000,9.186,0.196,0.196,0.000,0.000,1.0000,25.000,50.026,8.990,6.97
25901.00,5.000,9.186,0.196,0.196,0.000,0.000,1.0000,25.000,50.026,8.990,6.97
25906.00,5.000,9.186,0.196,0.196,0.000,0.000,1.0000,25.000,50.026,8.990,6.97
25911.00,5.000,9.186,0.196,0.196,0.000,0.000,1.0000,25.000,50.026,8.990,6.97
25916.00,5.000,9.186,0.196,0.196,0.000,0.000,1.0000,25.000,50.026,8.990,6.96
25921.00,5.000,9.186,0.196,0.196,0.000,0.000,1.0000,25.000,50.026,8.990,6.96
25926.00,5.000,9.186,0.196,0.196,0.000,0.000,1.0000,25.000,50.026,8.990,6.96
25931.00,5.000,9.186,0.196,0.196,0.000,0.000,1.0000,25.000,50.026,8.990,6.96
25936.00,5.000,9.186,0.195,0.195,0.000,0.000,1.0000,25.000,50.026,8.990,6.96
25941.00,5.000,9.186,0.195,0.195,0.000,0.000,1.0000,25.000,50.026,8.990,6.96
25946.00,5.000,9.186,0.195,0.195,0.000,0.000,1.0000,25.000,50.026,8.990,6.95
25951.00,5.000,9.186,0.195,0.195,0.000,0.000,1.0000,25.000,50.026,8.990,6.95
25956.00,5.000,9.186,0.195,0.195,0.000,0.000,1.0000,25.000,50.026,8.990,6.95
25961.00,5.000,9.186,0.195,0.195,0.000,0.000,1.0000,25.000,50.026,8.990,6.95
25966.00,5.000,9.186,0.195,0.195,0.000,0.000,1.0000,25.000,50.026,8.990,6.95
25971.00,5.000,9.186,0.195,0.195,0.000,0.000,1.0000,25.000,50.026,8.990,6.95
25976.00,5.000,9.186,0.195,0.195,0.000,0.000,1.0000,25.000,50.026,8.990,6.94
25981.00,5.000,9.186,0.195,0.195,0.000,0.000,1.0000,25.000,50.026,8.990,6.94
25986.00,5.000,9.186,0.195,0.195,0.000,0.000,1.0000,25.000,50.026,8.990,6.94
25991.00,5.000,9.186,0.195,0.195,0.000,0.000,1.0000,25.000,50.026,8.990,6.94
25996.00,5.000,9.186,0.195,0.195,0.000,0.000,1.0000,25.000,50.026,8.990,6.94
26001.00,5.000,9.186,0.195,0.195,0.000,0.000,1.0000,25.000,50.026,8.990,6.94
26006.00,5.000,9.186,0.195,0.195,0.000,0.000,1.0000,25.000,50.026,8.990,6.93
26011.00,5.000,9.185,0.195,0.195,0.000,0.000,1.0000,25.000,50.026,8.990,6.93
26016.00,5.000,9.185,0.195,0.195,0.000,0.000,1.0000,25.000,50.026,8.990,6.93
26021.00,5.000,9.185,0.195,0.195,0.000,0.000,1.0000,25.000,50.026,8.990,6.93
26026.00,5.000,9.185,0.195,0.195,0.000,0.000,1.0000,25.000,50.026,8.990,6.93
26031.00,5.000,9.185,0.195,0.195,0.000,0.000,1.0000,25.000,50.026,8.990,6.93
26036.00,5.000,9.185,0.195,0.195,0.000,0.000,1.0000,25.000,50.026,8.990,6.93
26041.00,5.000,9.185,0.195,0.195,0.000,0.000,1.0000,25.000,50.026,8.990,6.92
26046.00,5.000,9.185,0.195,0.195,0.000,0.000,1.0000,25.000,50.026,8.990,6.92
26051.00,5.000,9.185,0.195,0.195,0.000,0.000,1.0000,25.000,50.026,8.990,6.92
26056.00,5.000,9.185,0.195,0.195,0.000,0.000,1.0000,25.000,50.026,8.990,6.92
26061.00,5.000,9.185,0.195,0.195,0.000,0.000,1.0000,25.000,50.026,8.990,6.92
26066.00,5.000,9.185,0.195,0.195,0.000,0.000,1.0000,25.000,50.026,8.990,6.92
26071.00,5.000,9.185,0.195,0.195,0.000,0.000,1.0000,25.000,50.026,8.990,6.91
26076.00,5.000,9.185,0.195,0.195,0.000,0.000,1.0000,25.000,50.026,8.990,6.91
26081.00,5.000,9.185,0.195,0.195,0.000,0.000,1.0000,25.000,50.026,8.990,6.91
26086.00,5.000,9.185,0.195,0.195,0.000,0.000,1.0000,25.000,50.026,8.990,6.91
26091.00,5.000,9.185,0.195,0.195,0.000,0.000,1.0000,25.000,50.026,8.990,6.91
26096.00,5.000,9.185,0.195,0.195,0.000,0.000,1.0000,25.000,50.026,8.990,6.91
26101.00,5.000,9.185,0.194,0.194,0.000,0.000,1.0000,25.000,50.026,8.990,6.90
26106.00,5.000,9.185,0.194,0.194,0.000,0.000,1.0000,25.000,50.026,8.990,6.90
26111.00,5.000,9.185,0.194,0.194,0.000,0.000,1.0000,25.000,50.026,8.990,6.90
26116.00,5.000,9.185,0.194,0.194,0.000,0.000,1.0000,25.000,50.026,8.990,6.90
26121.00,5.000,9.185,0.194,0.194,0.000,0.000,1.0000,25.000,50.026,8.990,6.90
26126.00,5.000,9.185,0.194,0.194,0.000,0.000,1.0000,25.000,50.026,8.990,6.90
26131.00,5.000,9.185,0.194,0.194,0.000,0.000,1.0000,25.000,50.026,8.990,6.89
26136.00,5.000,9.185,0.194,0.194,0.000,0.000,1.0000,25.000,50.026,8.990,6.89
26141.00,5.000,9.185,0.194,0.194,0.000,0.000,1.0000,25.000,50.026,8.990,6.89
26146.00,5.000,9.185,0.194,0.194,0.000,0.000,1.0000,25.000,50.026,8.990,6.89
26151.00,5.000,9.185,0.194,0.194,0.000,0.000,1.0000,25.000,50.026,8.990,6.89
26156.00,5.000,9.185,0.194,0.194,0.000,0.000,1.0000,25.000,50.026,8.990,6.89
26161.00,5.000,9.185,0.194,0.194,0.000,0.000,1.0000,25.000,50.026,8.990,6.89
26166.00,5.000,9.185,0.194,0.194,0.000,0.000,1.0000,25.000,50.026,8.990,6.88
26171.00,5.000,9.185,0.194,0.194,0.000,0.000,1.0000,25.000,50.026,8.990,6.88
26176.00,5.000,9.185,0.194,0.194,0.000,0.000,1.0000,25.000,50.026,8.990,6.88
26181.00,5.000,9.184,0.194,0.194,0.000,0.000,1.0000,25.000,50.026,8.990,6.88
26186.00,5.000,9.184,0.194,0.194,0.000,0.000,1.0000,25.000,50.026,8.990,6.88
26191.00,5.000,9.184,0.194,0.194,0.000,0.000,1.0000,25.000,50.026,8.990,6.88
26196.00,5.000,9.184,0.194,0.194,0.000,0.000,1.0000,25.000,50.026,8.990,6.87
26201.00,5.000,9.184,0.194,0.194,0.000,0.000,1.0000,25.000,50.026,8.990,6.87
26206.00,5.000,9.184,0.194,0.194,0.000,0.000,1.0000,25.000,50.026,8.990,6.87
26211.00,5.000,9.184,0.194,0.194,0.000,0.000,1.0000,25.000,50.026,8.990,6.87
26216.00,5.000,9.184,0.194,0.194,0.000,0.000,1.0000,25.000,50.026,8.990,6.87
26221.00,5.000,9.184,0.194,0.194,0.000,0.000,1.0000,25.000,50.026,8.990,6.87
26226.00,5.000,9.184,0.194,0.194,0.000,0.000,1.0000,25.000,50.026,8.990,6.87
26231.00,5.000,9.184,0.194,0.194,0.000,0.000,1.0000,25.000,50.026,8.990,6.86
26236.00,5.000,9.184,0.194,0.194,0.000,0.000,1.0000,25.000,50.026,8.990,6.86
26241.00,5.000,9.184,0.194,0.194,0.000,0.000,1.0000,25.000,50.026,8.990,6.86
26246.00,5.000,9.184,0.194,0.194,0.000,0.000,1.0000,25.000,50.026,8.990,6.86
26251.00,5.000,9.184,0.194,0.194,0.000,0.000,1.0000,25.000,50.026,8.990,6.86
26256.00,5.000,9.184,0.194,0.194,0.000,0.000,1.0000,25.000,50.026,8.990,6.86
26261.00,5.000,9.184,0.194,0.194,0.000,0.000,1.0000,25.000,50.026,8.990,6.85
26266.00,5.000,9.184,0.194,0.194,0.000,0.000,1.0000,25.000,50.026,8.990,6.85
26271.00,5.000,9.184,0.193,0.193,0.000,0.000,1.0000,25.000,50.026,8.990,6.85
26276.00,5.000,9.184,0.193,0.193,0.000,0.000,1.0000,25.000,50.026,8.990,6.85
26281.00,5.000,9.184,0.193,0.193,0.000,0.000,1.0000,25.000,50.026,8.990,6.85
26286.00,5.000,9.184,0.193,0.193,0.000,0.000,1.0000,25.000,50.026,8.990,6.85
26291.00,5.000,9.184,0.193,0.193,0.000,0.000,1.0000,25.000,50.026,8.990,6.85
26296.00,5.000,9.184,0.193,0.193,0.000,0.000,1.0000,25.000,50.026,8.990,6.84
26301.00,5.000,9.184,0.193,0.193,0.000,0.000,1.0000,25.000,50.026,8.990,6.84
26306.00,5.000,9.184,0.193,0.193,0.000,0.000,1.0000,25.000,50.026,8.990,6.84
26311.00,5.000,9.184,0.193,0.193,0.000,0.000,1.0000,25.000,50.026,8.990,6.84
26316.00,5.000,9.184,0.193,0.193,0.000,0.000,1.0000,25.000,50.026,8.990,6.84
26321.00,5.000,9.184,0.193,0.193,0.000,0.000,1.0000,25.000,50.026,8.990,6.84
26326.00,5.000,9.184,0.193,0.193,0.000,0.000,1.0000,25.000,50.026,8.990,6.83
26331.00,5.000,9.184,0.193,0.193,0.000,0.000,1.0000,25.000,50.026,8.990,6.83
26336.00,5.000,9.184,0.193,0.193,0.000,0.000,1.0000,25.000,50.026,8.990,6.83
26341.00,5.000,9.184,0.193,0.193,0.000,0.000,1.0000,25.000,50.026,8.990,6.83
26346.00,5.000,9.184,0.193,0.193,0.000,0.000,1.0000,25.000,50.026,8.990,6.83
26351.00,5.000,9.184,0.193,0.193,0.000,0.000,1.0000,25.000,50.026,8.990,6.83
26356.00,5.000,9.183,0.193,0.193,0.000,0.000,1.0000,25.000,50.026,8.990,6.83
26361.00,5.000,9.183,0.193,0.193,0.000,0.000,1.0000,25.000,50.026,8.990,6.82
26366.00,5.000,9.183,0.193,0.193,0.000,0.000,1.0000,25.000,50.026,8.990,6.82
26371.00,5.000,9.183,0.193,0.193,0.000,0.000,1.0000,25.000,50.026,8.990,6.82
26376.00,5.000,9.183,0.193,0.193,0.000,0.000,1.0000,25.000,50.026,8.990,6.82
26381.00,5.000,9.183,0.193,0.193,0.000,0.000,1.0000,25.000,50.026,8.990,6.82
26386.00,5.000,9.183,0.193,0.193,0.000,0.000,1.0000,25.000,50.026,8.990,6.82
26391.00,5.000,9.183,0.193,0.193,0.000,0.000,1.0000,25.000,50.026,8.990,6.81
26396.00,5.000,9.183,0.193,0.193,0.000,0.000,1.0000,25.000,50.026,8.990,6.81
26401.00,5.000,9.183,0.193,0.193,0.000,0.000,1.0000,25.000,50.026,8.990,6.81
26406.00,5.000,9.183,0.193,0.193,0.000,0.000,1.0000,25.000,50.026,8.990,6.81
26411.00,5.000,9.183,0.193,0.193,0.000,0.000,1.0000,25.000,50.026,8.990,6.81
26416.00,5.000,9.183,0.193,0.193,0.000,0.000,1.0000,25.000,50.026,8.990,6.81
26421.00,5.000,9.183,0.193,0.193,0.000,0.000,1.0000,25.000,50.026,8.990,6.81
26426.00,5.000,9.183,0.193,0.193,0.000,0.000,1.0000,25.000,50.026,8.990,6.80
26431.00,5.000,9.183,0.193,0.193,0.000,0.000,1.0000,25.000,50.026,8.990,6.80
26436.00,5.000,9.183,0.193,0.193,0.000,0.000,1.0000,25.000,50.026,8.990,6.80
26441.00,5.000,9.183,0.193,0.193,0.000,0.000,1.0000,25.000,50.026,8.990,6.80
26446.00,5.000,9.183,0.192,0.192,0.000,0.000,1.0000,25.000,50.026,8.990,6.80
26451.00,5.000,9.183,0.192,0.192,0.000,0.000,1.0000,25.000,50.026,8.990,6.80
26456.00,5.000,9.183,0.192,0.192,0.000,0.000,1.0000,25.000,50.026,8.990,6.80
26461.00,5.000,9.183,0.192,0.192,0.000,0.000,1.0000,25.000,50.026,8.990,6.79
26466.00,5.000,9.183,0.192,0.192,0.000,0.000,1.0000,25.000,50.026,8.990,6.79
26471.00,5.000,9.183,0.192,0.192,0.000,0.000,1.0000,25.000,50.026,8.990,6.79
26476.00,5.000,9.183,0.192,0.192,0.000,0.000,1.0000,25.000,50.026,8.990,6.79
26481.00,5.000,9.183,0.192,0.192,0.000,0.000,1.0000,25.000,50.026,8.990,6.79
26486.00,5.000,9.183,0.192,0.192,0.000,0.000,1.0000,25.000,50.026,8.990,6.79
26491.00,5.000,9.183,0.192,0.192,0.000,0.000,1.0000,25.000,50.026,8.990,6.78
26496.00,5.000,9.183,0.192,0.192,0.000,0.000,1.0000,25.000,50.026,8.990,6.78
26501.00,5.000,9.183,0.192,0.192,0.000,0.000,1.0000,25.000,50.026,8.990,6.78
26506.00,5.000,9.183,0.192,0.192,0.000,0.000,1.0000,25.000,50.026,8.990,6.78
26511.00,5.000,9.183,0.192,0.192,0.000,0.000,1.0000,25.000,50.026,8.990,6.78
26516.00,5.000,9.183,0.192,0.192,0.000,0.000,1.0000,25.000,50.026,8.990,6.78
26521.00,5.000,9.183,0.192,0.192,0.000,0.000,1.0000,25.000,50.026,8.990,6.78
26526.00,5.000,9.183,0.192,0.192,0.000,0.000,1.0000,25.000,50.026,8.990,6.77
26531.00,5.000,9.182,0.192,0.192,0.000,0.000,1.0000,25.000,50.026,8.990,6.77
26536.00,5.000,9.182,0.192,0.192,0.000,0.000,1.0000,25.000,50.026,8.990,6.77
26541.00,5.000,9.182,0.192,0.192,0.000,0.000,1.0000,25.000,50.026,8.990,6.77
26546.00,5.000,9.182,0.192,0.192,0.000,0.000,1.0000,25.000,50.026,8.990,6.77
26551.00,5.000,9.182,0.192,0.192,0.000,0.000,1.0000,25.000,50.026,8.990,6.77
26556.00,5.000,9.182,0.192,0.192,0.000,0.000,1.0000,25.000,50.026,8.990,6.77
26561.00,5.000,9.182,0.192,0.192,0.000,0.000,1.0000,25.000,50.026,8.990,6.76
26566.00,5.000,9.182,0.192,0.192,0.000,0.000,1.0000,25.000,50.026,8.990,6.76
26571.00,5.000,9.182,0.192,0.192,0.000,0.000,1.0000,25.000,50.026,8.990,6.76
26576.00,5.000,9.182,0.192,0.192,0.000,0.000,1.0000,25.000,50.026,8.990,6.76
26581.00,5.000,9.182,0.192,0.192,0.000,0.000,1.0000,25.000,50.026,8.990,6.76
26586.00,5.000,9.182,0.192,0.192,0.000,0.000,1.0000,25.000,50.026,8.990,6.76
26591.00,5.000,9.182,0.192,0.192,0.000,0.000,1.0000,25.000,50.026,8.990,6.76
26596.00,5.000,9.182,0.192,0.192,0.000,0.000,1.0000,25.000,50.026,8.990,6.75
26601.00,5.000,9.182,0.192,0.192,0.000,0.000,1.0000,25.000,50.026,8.990,6.75
26606.00,5.000,9.182,0.192,0.192,0.000,0.000,1.0000,25.000,50.026,8.990,6.75
26611.00,5.000,9.182,0.192,0.192,0.000,0.000,1.0000,25.000,50.026,8.990,6.75
26616.00,5.000,9.182,0.192,0.192,0.000,0.000,1.0000,25.000,50.026,8.990,6.75
26621.00,5.000,9.182,0.192,0.192,0.000,0.000,1.0000,25.000,50.026,8.990,6.75
26626.00,5.000,9.182,0.191,0.191,0.000,0.000,1.0000,25.000,50.026,8.990,6.75
26631.00,5.000,9.182,0.191,0.191,0.000,0.000,1.0000,25.000,50.026,8.990,6.74
26636.00,5.000,9.182,0.191,0.191,0.000,0.000,1.0000,25.000,50.026,8.990,6.74
26641.00,5.000,9.182,0.191,0.191,0.000,0.000,1.0000,25.000,50.026,8.990,6.74
26646.00,5.000,9.182,0.191,0.191,0.000,0.000,1.0000,25.000,50.026,8.990,6.74
26651.00,5.000,9.182,0.191,0.191,0.000,0.000,1.0000,25.000,50.026,8.990,6.74
26656.00,5.000,9.182,0.191,0.191,0.000,0.000,1.0000,25.000,50.026,8.990,6.74
26661.00,5.000,9.182,0.191,0.191,0.000,0.000,1.0000,25.000,50.026,8.990,6.74
26666.00,5.000,9.182,0.191,0.191,0.000,0.000,1.0000,25.000,50.026,8.990,6.73
26671.00,5.000,9.182,0.191,0.191,0.000,0.000,1.0000,25.000,50.026,8.990,6.73
26676.00,5.000,9.182,0.191,0.191,0.000,0.000,1.0000,25.000,50.026,8.990,6.73
26681.00,5.000,9.182,0.191,0.191,0.000,0.000,1.0000,25.000,50.026,8.990,6.73
26686.00,5.000,9.182,0.191,0.191,0.000,0.000,1.0000,25.000,50.026,8.990,6.73
26691.00,5.000,9.182,0.191,0.191,0.000,0.000,1.0000,25.000,50.026,8.990,6.73
26696.00,5.000,9.182,0.191,0.191,0.000,0.000,1.0000,25.000,50.026,8.990,6.73
26701.00,5.000,9.182,0.191,0.191,0.000,0.000,1.0000,25.000,50.026,8.990,6.72
26706.00,5.000,9.182,0.191,0.191,0.000,0.000,1.0000,25.000,50.026,8.990,6.72
26711.00,5.000,9.182,0.191,0.191,0.000,0.000,1.0000,25.000,50.026,8.990,6.72
26716.00,5.000,9.181,0.191,0.191,0.000,0.000,1.0000,25.000,50.026,8.990,6.72
26721.00,5.000,9.181,0.191,0.191,0.000,0.000,1.0000,25.000,50.026,8.990,6.72
26726.00,5.000,9.181,0.191,0.191,0.000,0.000,1.0000,25.000,50.026,8.990,6.72
26731.00,5.000,9.181,0.191,0.191,0.000,0.000,1.0000,25.000,50.026,8.990,6.72
26736.00,5.000,9.181,0.191,0.191,0.000,0.000,1.0000,25.000,50.026,8.990,6.71
26741.00,5.000,9.181,0.191,0.191,0.000,0.000,1.0000,25.000,50.026,8.990,6.71
26746.00,5.000,9.181,0.191,0.191,0.000,0.000,1.0000,25.000,50.026,8.990,6.71
26751.00,5.000,9.181,0.191,0.191,0.000,0.000,1.0000,25.000,50.026,8.990,6.71
26756.00,5.000,9.181,0.191,0.191,0.000,0.000,1.0000,25.000,50.026,8.990,6.71
26761.00,5.000,9.181,0.191,0.191,0.000,0.000,1.0000,25.000,50.026,8.990,6.71
26766.00,5.000,9.181,0.191,0.191,0.000,0.000,1.0000,25.000,50.026,8.990,6.71
26771.00,5.000,9.181,0.191,0.191,0.000,0.000,1.0000,25.000,50.026,8.990,6.70
26776.00,5.000,9.181,0.191,0.191,0.000,0.000,1.0000,25.000,50.026,8.990,6.70
26781.00,5.000,9.181,0.191,0.191,0.000,0.000,1.0000,25.000,50.026,8.990,6.70
26786.00,5.000,9.181,0.191,0.191,0.000,0.000,1.0000,25.000,50.026,8.990,6.70
26791.00,5.000,9.181,0.191,0.191,0.000,0.000,1.0000,25.000,50.026,8.990,6.70
26796.00,5.000,9.181,0.191,0.191,0.000,0.000,1.0000,25.000,50.026,8.990,6.70
26801.00,5.000,9.181,0.191,0.191,0.000,0.000,1.0000,25.000,50.026,8.990,6.70
26806.00,5.000,9.181,0.191,0.191,0.000,0.000,1.0000,25.000,50.026,8.990,6.69
26811.00,5.000,9.181,0.191,0.191,0.000,0.000,1.0000,25.000,50.026,8.990,6.69
26816.00,5.000,9.181,0.190,0.190,0.000,0.000,1.0000,25.000,50.026,8.990,6.69
26821.00,5.000,9.181,0.190,0.190,0.000,0.000,1.0000,25.000,50.026,8.990,6.69
26826.00,5.000,9.181,0.190,0.190,0.000,0.000,1.0000,25.000,50.026,8.990,6.69
26831.00,5.000,9.181,0.190,0.190,0.000,0.000,1.0000,25.000,50.026,8.990,6.69
26836.00,5.000,9.181,0.190,0.190,0.000,0.000,1.0000,25.000,50.026,8.990,6.69
26841.00,5.000,9.181,0.190,0.190,0.000,0.000,1.0000,25.000,50.026,8.990,6.68
26846.00,5.000,9.181,0.190,0.190,0.000,0.000,1.0000,25.000,50.026,8.990,6.68
26851.00,5.000,9.181,0.190,0.190,0.000,0.000,1.0000,25.000,50.026,8.990,6.68
26856.00,5.000,9.181,0.190,0.190,0.000,0.000,1.0000,25.000,50.026,8.990,6.68
26861.00,5.000,9.181,0.190,0.190,0.000,0.000,1.0000,25.000,50.026,8.990,6.68
26866.00,5.000,9.181,0.190,0.190,0.000,0.000,1.0000,25.000,50.026,8.990,6.68
26871.00,5.000,9.181,0.190,0.190,0.000,0.000,1.0000,25.000,50.026,8.990,6.68
26876.00,5.000,9.181,0.190,0.190,0.000,0.000,1.0000,25.000,50.026,8.990,6.67
26881.00,5.000,9.181,0.190,0.190,0.000,0.000,1.0000,25.000,50.026,8.990,6.67
26886.00,5.000,9.181,0.190,0.190,0.000,0.000,1.0000,25.000,50.026,8.990,6.67
26891.00,5.000,9.181,0.190,0.190,0.000,0.000,1.0000,25.000,50.026,8.990,6.67
26896.00,5.000,9.181,0.190,0.190,0.000,0.000,1.0000,25.000,50.026,8.990,6.67
26901.00,5.000,9.181,0.190,0.190,0.000,0.000,1.0000,25.000,50.026,8.990,6.67
26906.00,5.000,9.180,0.190,0.190,0.000,0.000,1.0000,25.000,50.026,8.990,6.67
26911.00,5.000,9.180,0.190,0.190,0.000,0.000,1.0000,25.000,50.026,8.990,6.67
26916.00,5.000,9.180,0.190,0.190,0.000,0.000,1.0000,25.000,50.026,8.990,6.66
26921.00,5.000,9.180,0.190,0.190,0.000,0.000,1.0000,25.000,50.026,8.990,6.66
26926.00,5.000,9.180,0.190,0.190,0.000,0.000,1.0000,25.000,50.026,8.990,6.66
26931.00,5.000,9.180,0.190,0.190,0.000,0.000,1.0000,25.000,50.026,8.990,6.66
26936.00,5.000,9.180,0.190,0.190,0.000,0.000,1.0000,25.000,50.026,8.990,6.66
26941.00,5.000,9.180,0.190,0.190,0.000,0.000,1.0000,25.000,50.026,8.990,6.66
26946.00,5.000,9.180,0.190,0.190,0.000,0.000,1.0000,25.000,50.026,8.990,6.66
26951.00,5.000,9.180,0.190,0.190,0.000,0.000,1.0000,25.000,50.026,8.990,6.65
26956.00,5.000,9.180,0.190,0.190,0.000,0.000,1.0000,25.000,50.026,8.990,6.65
26961.00,5.000,9.180,0.190,0.190,0.000,0.000,1.0000,25.000,50.026,8.990,6.65
26966.00,5.000,9.180,0.190,0.190,0.000,0.000,1.0000,25.000,50.026,8.990,6.65
26971.00,5.000,9.180,0.190,0.190,0.000,0.000,1.0000,25.000,50.026,8.990,6.65
26976.00,5.000,9.180,0.190,0.190,0.000,0.000,1.0000,25.000,50.026,8.990,6.65
26981.00,5.000,9.180,0.190,0.190,0.000,0.000,1.0000,25.000,50.026,8.990,6.65
26986.00,5.000,9.180,0.190,0.190,0.000,0.000,1.0000,25.000,50.026,8.990,6.64
26991.00,5.000,9.180,0.190,0.190,0.000,0.000,1.0000,25.000,50.026,8.990,6.64
26996.00,5.000,9.180,0.190,0.190,0.000,0.000,1.0000,25.000,50.026,8.990,6.64
27001.00,5.000,9.180,0.190,0.190,0.000,0.000,1.0000,25.000,50.026,8.990,6.64
27006.00,5.000,9.180,0.189,0.189,0.000,0.000,1.0000,25.000,50.026,8.990,6.64
27011.00,5.000,9.180,0.189,0.189,0.000,0.000,1.0000,25.000,50.026,8.990,6.64
27016.00,5.000,9.180,0.189,0.189,0.000,0.000,1.0000,25.000,50.026,8.990,6.64
27021.00,5.000,9.180,0.189,0.189,0.000,0.000,1.0000,25.000,50.026,8.990,6.64
27026.00,5.000,9.180,0.189,0.189,0.000,0.000,1.0000,25.000,50.026,8.990,6.63
27031.00,5.000,9.180,0.189,0.189,0.000,0.000,1.0000,25.000,50.026,8.990,6.63
27036.00,5.000,9.180,0.189,0.189,0.000,0.000,1.0000,25.000,50.026,8.990,6.63
27041.00,5.000,9.180,0.189,0.189,0.000,0.000,1.0000,25.000,50.026,8.990,6.63
27046.00,5.000,9.180,0.189,0.189,0.000,0.000,1.0000,25.000,50.026,8.990,6.63
27051.00,5.000,9.180,0.189,0.189,0.000,0.000,1.0000,25.000,50.026,8.990,6.63
27056.00,5.000,9.180,0.189,0.189,0.000,0.000,1.0000,25.000,50.026,8.990,6.63
27061.00,5.000,9.180,0.189,0.189,0.000,0.000,1.0000,25.000,50.026,8.990,6.62
27066.00,5.000,9.180,0.189,0.189,0.000,0.000,1.0000,25.000,50.026,8.990,6.62
27071.00,5.000,9.180,0.189,0.189,0.000,0.000,1.0000,25.000,50.026,8.990,6.62
27076.00,5.000,9.180,0.189,0.189,0.000,0.000,1.0000,25.000,50.026,8.990,6.62
27081.00,5.000,9.180,0.189,0.189,0.000,0.000,1.0000,25.000,50.026,8.990,6.62
27086.00,5.000,9.180,0.189,0.189,0.000,0.000,1.0000,25.000,50.026,8.990,6.62
27091.00,5.000,9.180,0.189,0.189,0.000,0.000,1.0000,25.000,50.026,8.990,6.62
27096.00,5.000,9.180,0.189,0.189,0.000,0.000,1.0000,25.000,50.026,8.990,6.62
27101.00,5.000,9.179,0.189,0.189,0.000,0.000,1.0000,25.000,50.026,8.990,6.61
27106.00,5.000,9.179,0.189,0.189,0.000,0.000,1.0000,25.000,50.026,8.990,6.61
27111.00,5.000,9.179,0.189,0.189,0.000,0.000,1.0000,25.000,50.026,8.990,6.61
27116.00,5.000,9.179,0.189,0.189,0.000,0.000,1.0000,25.000,50.026,8.990,6.61
27121.00,5.000,9.179,0.189,0.189,0.000,0.000,1.0000,25.000,50.026,8.990,6.61
27126.00,5.000,9.179,0.189,0.189,0.000,0.000,1.0000,25.000,50.026,8.990,6.61
27131.00,5.000,9.179,0.189,0.189,0.000,0.000,1.0000,25.000,50.026,8.990,6.61
27136.00,5.000,9.179,0.189,0.189,0.000,0.000,1.0000,25.000,50.026,8.990,6.60
27141.00,5.000,9.179,0.189,0.189,0.000,0.000,1.0000,25.000,50.026,8.990,6.60
27146.00,5.000,9.179,0.189,0.189,0.000,0.000,1.0000,25.000,50.026,8.990,6.60
27151.00,5.000,9.179,0.189,0.189,0.000,0.000,1.0000,25.000,50.026,8.990,6.60
27156.00,5.000,9.179,0.189,0.189,0.000,0.000,1.0000,25.000,50.026,8.990,6.60
27161.00,5.000,9.179,0.189,0.189,0.000,0.000,1.0000,25.000,50.026,8.990,6.60
27166.00,5.000,9.179,0.189,0.189,0.000,0.000,1.0000,25.000,50.026,8.990,6.60
27171.00,5.000,9.179,0.189,0.189,0.000,0.000,1.0000,25.000,50.026,8.990,6.60
27176.00,5.000,9.179,0.189,0.189,0.000,0.000,1.0000,25.000,50.026,8.990,6.59
27181.00,5.000,9.179,0.189,0.189,0.000,0.000,1.0000,25.000,50.026,8.990,6.59
27186.00,5.000,9.179,0.189,0.189,0.000,0.000,1.0000,25.000,50.026,8.990,6.59
27191.00,5.000,9.179,0.189,0.189,0.000,0.000,1.0000,25.000,50.026,8.990,6.59
27196.00,5.000,9.179,0.189,0.189,0.000,0.000,1.0000,25.000,50.026,8.990,6.59
27201.00,5.000,9.179,0.189,0.189,0.000,0.000,1.0000,25.000,50.026,8.990,6.59
27206.00,5.000,9.179,0.188,0.188,0.000,0.000,1.0000,25.000,50.026,8.990,6.59
27211.00,5.000,9.179,0.188,0.188,0.000,0.000,1.0000,25.000,50.026,8.990,6.59
27216.00,5.000,9.179,0.188,0.188,0.000,0.000,1.0000,25.000,50.026,8.990,6.58
27221.00,5.000,9.179,0.188,0.188,0.000,0.000,1.0000,25.000,50.026,8.990,6.58
27226.00,5.000,9.179,0.188,0.188,0.000,0.000,1.0000,25.000,50.026,8.990,6.58
27231.00,5.000,9.179,0.188,0.188,0.000,0.000,1.0000,25.000,50.026,8.990,6.58
27236.00,5.000,9.179,0.188,0.188,0.000,0.000,1.0000,25.000,50.026,8.990,6.58
27241.00,5.000,9.179,0.188,0.188,0.000,0.000,1.0000,25.000,50.026,8.990,6.58
27246.00,5.000,9.179,0.188,0.188,0.000,0.000,1.0000,25.000,50.026,8.990,6.58
27251.00,5.000,9.179,0.188,0.188,0.000,0.000,1.0000,25.000,50.026,8.990,6.57
27256.00,5.000,9.179,0.188,0.188,0.000,0.000,1.0000,25.000,50.026,8.990,6.57
27261.00,5.000,9.179,0.188,0.188,0.000,0.000,1.0000,25.000,50.026,8.990,6.57
27266.00,5.000,9.179,0.188,0.188,0.000,0.000,1.0000,25.000,50.026,8.990,6.57
27271.00,5.000,9.179,0.188,0.188,0.000,0.000,1.0000,25.000,50.026,8.990,6.57
27276.00,5.000,9.179,0.188,0.188,0.000,0.000,1.0000,25.000,50.026,8.990,6.57
27281.00,5.000,9.179,0.188,0.188,0.000,0.000,1.0000,25.000,50.026,8.990,6.57
27286.00,5.000,9.179,0.188,0.188,0.000,0.000,1.0000,25.000,50.026,8.990,6.57
27291.00,5.000,9.179,0.188,0.188,0.000,0.000,1.0000,25.000,50.026,8.990,6.56
27296.00,5.000,9.179,0.188,0.188,0.000,0.000,1.0000,25.000,50.026,8.990,6.56
27301.00,5.000,9.178,0.188,0.188,0.000,0.000,1.0000,25.000,50.026,8.990,6.56
27306.00,5.000,9.178,0.188,0.188,0.000,0.000,1.0000,25.000,50.026,8.990,6.56
27311.00,5.000,9.178,0.188,0.188,0.000,0.000,1.0000,25.000,50.026,8.990,6.56
27316.00,5.000,9.178,0.188,0.188,0.000,0.000,1.0000,25.000,50.026,8.990,6.56
27321.00,5.000,9.178,0.188,0.188,0.000,0.000,1.0000,25.000,50.026,8.990,6.56
27326.00,5.000,9.178,0.188,0.188,0.000,0.000,1.0000,25.000,50.026,8.990,6.56
27331.00,5.000,9.178,0.188,0.188,0.000,0.000,1.0000,25.000,50.026,8.990,6.55
27336.00,5.000,9.178,0.188,0.188,0.000,0.000,1.0000,25.000,50.026,8.990,6.55
27341.00,5.000,9.178,0.188,0.188,0.000,0.000,1.0000,25.000,50.026,8.990,6.55
27346.00,5.000,9.178,0.188,0.188,0.000,0.000,1.0000,25.000,50.026,8.990,6.55
27351.00,5.000,9.178,0.188,0.188,0.000,0.000,1.0000,25.000,50.026,8.990,6.55
27356.00,5.000,9.178,0.188,0.188,0.000,0.000,1.0000,25.000,50.026,8.990,6.55
27361.00,5.000,9.178,0.188,0.188,0.000,0.000,1.0000,25.000,50.026,8.990,6.55
27366.00,5.000,9.178,0.188,0.188,0.000,0.000,1.0000,25.000,50.026,8.990,6.55
27371.00,5.000,9.178,0.188,0.188,0.000,0.000,1.0000,25.000,50.026,8.990,6.54
27376.00,5.000,9.178,0.188,0.188,0.000,0.000,1.0000,25.000,50.026,8.990,6.54
27381.00,5.000,9.178,0.188,0.188,0.000,0.000,1.0000,25.000,50.026,8.990,6.54
27386.00,5.000,9.178,0.188,0.188,0.000,0.000,1.0000,25.000,50.026,8.990,6.54
27391.00,5.000,9.178,0.188,0.188,0.000,0.000,1.0000,25.000,50.026,8.990,6.54
27396.00,5.000,9.178,0.188,0.188,0.000,0.000,1.0000,25.000,50.026,8.990,6.54
27401.00,5.000,9.178,0.188,0.188,0.000,0.000,1.0000,25.000,50.026,8.990,6.54
27406.00,5.000,9.178,0.188,0.188,0.000,0.000,1.0000,25.000,50.026,8.990,6.54
27411.00,5.000,9.178,0.187,0.187,0.000,0.000,1.0000,25.000,50.026,8.990,6.53
27416.00,5.000,9.178,0.187,0.187,0.000,0.000,1.0000,25.000,50.026,8.990,6.53
27421.00,5.000,9.178,0.187,0.187,0.000,0.000,1.0000,25.000,50.026,8.990,6.53
27426.00,5.000,9.178,0.187,0.187,0.000,0.000,1.0000,25.000,50.026,8.990,6.53
27431.00,5.000,9.178,0.187,0.187,0.000,0.000,1.0000,25.000,50.026,8.990,6.53
27436.00,5.000,9.178,0.187,0.187,0.000,0.000,1.0000,25.000,50.026,8.990,6.53
27441.00,5.000,9.178,0.187,0.187,0.000,0.000,1.0000,25.000,50.026,8.990,6.53
27446.00,5.000,9.178,0.187,0.187,0.000,0.000,1.0000,25.000,50.026,8.990,6.53
27451.00,5.000,9.178,0.187,0.187,0.000,0.000,1.0000,25.000,50.026,8.990,6.52
27456.00,5.000,9.178,0.187,0.187,0.000,0.000,1.0000,25.000,50.026,8.990,6.52
27461.00,5.000,9.178,0.187,0.187,0.000,0.000,1.0000,25.000,50.026,8.990,6.52
27466.00,5.000,9.178,0.187,0.187,0.000,0.000,1.0000,25.000,50.026,8.990,6.52
27471.00,5.000,9.178,0.187,0.187,0.000,0.000,1.0000,25.000,50.026,8.990,6.52
27476.00,5.000,9.178,0.187,0.187,0.000,0.000,1.0000,25.000,50.026,8.990,6.52
27481.00,5.000,9.178,0.187,0.187,0.000,0.000,1.0000,25.000,50.026,8.990,6.52
27486.00,5.000,9.178,0.187,0.187,0.000,0.000,1.0000,25.000,50.026,8.990,6.52
27491.00,5.000,9.178,0.187,0.187,0.000,0.000,1.0000,25.000,50.026,8.990,6.51
27496.00,5.000,9.178,0.187,0.187,0.000,0.000,1.0000,25.000,50.026,8.990,6.51
27501.00,5.000,9.178,0.187,0.187,0.000,0.000,1.0000,25.000,50.026,8.990,6.51
27506.00,5.000,9.178,0.187,0.187,0.000,0.000,1.0000,25.000,50.026,8.990,6.51
27511.00,5.000,9.177,0.187,0.187,0.000,0.000,1.0000,25.000,50.026,8.990,6.51
27516.00,5.000,9.177,0.187,0.187,0.000,0.000,1.0000,25.000,50.026,8.990,6.51
27521.00,5.000,9.177,0.187,0.187,0.000,0.000,1.0000,25.000,50.026,8.990,6.51
27526.00,5.000,9.177,0.187,0.187,0.000,0.000,1.0000,25.000,50.026,8.990,6.51
27531.00,5.000,9.177,0.187,0.187,0.000,0.000,1.0000,25.000,50.026,8.990,6.50
27536.00,5.000,9.177,0.187,0.187,0.000,0.000,1.0000,25.000,50.026,8.990,6.50
27541.00,5.000,9.177,0.187,0.187,0.000,0.000,1.0000,25.000,50.026,8.990,6.50
27546.00,5.000,9.177,0.187,0.187,0.000,0.000,1.0000,25.000,50.026,8.990,6.50
27551.00,5.000,9.177,0.187,0.187,0.000,0.000,1.0000,25.000,50.026,8.990,6.50
27556.00,5.000,9.177,0.187,0.187,0.000,0.000,1.0000,25.000,50.026,8.990,6.50
27561.00,5.000,9.177,0.187,0.187,0.000,0.000,1.0000,25.000,50.026,8.990,6.50
27566.00,5.000,9.177,0.187,0.187,0.000,0.000,1.0000,25.000,50.026,8.990,6.50
27571.00,5.000,9.177,0.187,0.187,0.000,0.000,1.0000,25.000,50.026,8.990,6.49
27576.00,5.000,9.177,0.187,0.187,0.000,0.000,1.0000,25.000,50.026,8.990,6.49
27581.00,5.000,9.177,0.187,0.187,0.000,0.000,1.0000,25.000,50.026,8.990,6.49
27586.00,5.000,9.177,0.187,0.187,0.000,0.000,1.0000,25.000,50.026,8.990,6.49
27591.00,5.000,9.177,0.187,0.187,0.000,0.000,1.0000,25.000,50.026,8.990,6.49
27596.00,5.000,9.177,0.187,0.187,0.000,0.000,1.0000,25.000,50.026,8.990,6.49
27601.00,5.000,9.177,0.187,0.187,0.000,0.000,1.0000,25.000,50.026,8.990,6.49
27606.00,5.000,9.177,0.187,0.187,0.000,0.000,1.0000,25.000,50.026,8.990,6.49
27611.00,5.000,9.177,0.187,0.187,0.000,0.000,1.0000,25.000,50.026,8.990,6.48
27616.00,5.000,9.177,0.187,0.187,0.000,0.000,1.0000,25.000,50.026,8.990,6.48
27621.00,5.000,9.177,0.187,0.187,0.000,0.000,1.0000,25.000,50.026,8.990,6.48
27626.00,5.000,9.177,0.186,0.186,0.000,0.000,1.0000,25.000,50.026,8.990,6.48
27631.00,5.000,9.177,0.186,0.186,0.000,0.000,1.0000,25.000,50.026,8.990,6.48
27636.00,5.000,9.177,0.186,0.186,0.000,0.000,1.0000,25.000,50.026,8.990,6.48
27641.00,5.000,9.177,0.186,0.186,0.000,0.000,1.0000,25.000,50.026,8.990,6.48
27646.00,5.000,9.177,0.186,0.186,0.000,0.000,1.0000,25.000,50.026,8.990,6.48
27651.00,5.000,9.177,0.186,0.186,0.000,0.000,1.0000,25.000,50.026,8.990,6.48
27656.00,5.000,9.177,0.186,0.186,0.000,0.000,1.0000,25.000,50.026,8.990,6.47
27661.00,5.000,9.177,0.186,0.186,0.000,0.000,1.0000,25.000,50.026,8.990,6.47
27666.00,5.000,9.177,0.186,0.186,0.000,0.000,1.0000,25.000,50.026,8.990,6.47
27671.00,5.000,9.177,0.186,0.186,0.000,0.000,1.0000,25.000,50.026,8.990,6.47
27676.00,5.000,9.177,0.186,0.186,0.000,0.000,1.0000,25.000,50.026,8.990,6.47
27681.00,5.000,9.177,0.186,0.186,0.000,0.000,1.0000,25.000,50.026,8.990,6.47
27686.00,5.000,9.177,0.186,0.186,0.000,0.000,1.0000,25.000,50.026,8.990,6.47
27691.00,5.000,9.177,0.186,0.186,0.000,0.000,1.0000,25.000,50.026,8.990,6.47
27696.00,5.000,9.177,0.186,0.186,0.000,0.000,1.0000,25.000,50.026,8.990,6.46
27701.00,5.000,9.177,0.186,0.186,0.000,0.000,1.0000,25.000,50.026,8.990,6.46
27706.00,5.000,9.177,0.186,0.186,0.000,0.000,1.0000,25.000,50.026,8.990,6.46
27711.00,5.000,9.177,0.186,0.186,0.000,0.000,1.0000,25.000,50.026,8.990,6.46
27716.00,5.000,9.177,0.186,0.186,0.000,0.000,1.0000,25.000,50.026,8.990,6.46
27721.00,5.000,9.177,0.186,0.186,0.000,0.000,1.0000,25.000,50.026,8.990,6.46
27726.00,5.000,9.177,0.186,0.186,0.000,0.000,1.0000,25.000,50.026,8.990,6.46
27731.00,5.000,9.176,0.186,0.186,0.000,0.000,1.0000,25.000,50.026,8.990,6.46
27736.00,5.000,9.176,0.186,0.186,0.000,0.000,1.0000,25.000,50.026,8.990,6.45
27741.00,5.000,9.176,0.186,0.186,0.000,0.000,1.0000,25.000,50.026,8.990,6.45
27746.00,5.000,9.176,0.186,0.186,0.000,0.000,1.0000,25.000,50.026,8.990,6.45
27751.00,5.000,9.176,0.186,0.186,0.000,0.000,1.0000,25.000,50.026,8.990,6.45
27756.00,5.000,9.176,0.186,0.186,0.000,0.000,1.0000,25.000,50.026,8.990,6.45
27761.00,5.000,9.176,0.186,0.186,0.000,0.000,1.0000,25.000,50.026,8.990,6.45
27766.00,5.000,9.176,0.186,0.186,0.000,0.000,1.0000,25.000,50.026,8.990,6.45
27771.00,5.000,9.176,0.186,0.186,0.000,0.000,1.0000,25.000,50.026,8.990,6.45
27776.00,5.000,9.176,0.186,0.186,0.000,0.000,1.0000,25.000,50.026,8.990,6.45
27781.00,5.000,9.176,0.186,0.186,0.000,0.000,1.0000,25.000,50.026,8.990,6.44
27786.00,5.000,9.176,0.186,0.186,0.000,0.000,1.0000,25.000,50.026,8.990,6.44
27791.00,5.000,9.176,0.186,0.186,0.000,0.000,1.0000,25.000,50.026,8.990,6.44
27796.00,5.000,9.176,0.186,0.186,0.000,0.000,1.0000,25.000,50.026,8.990,6.44
27801.00,5.000,9.176,0.186,0.186,0.000,0.000,1.0000,25.000,50.026,8.990,6.44
27806.00,5.000,9.176,0.186,0.186,0.000,0.000,1.0000,25.000,50.026,8.990,6.44
27811.00,5.000,9.176,0.186,0.186,0.000,0.000,1.0000,25.000,50.026,8.990,6.44
27816.00,5.000,9.176,0.186,0.186,0.000,0.000,1.0000,25.000,50.026,8.990,6.44
27821.00,5.000,9.176,0.186,0.186,0.000,0.000,1.0000,25.000,50.026,8.990,6.43
27826.00,5.000,9.176,0.186,0.186,0.000,0.000,1.0000,25.000,50.026,8.990,6.43
27831.00,5.000,9.176,0.186,0.186,0.000,0.000,1.0000,25.000,50.026,8.990,6.43
27836.00,5.000,9.176,0.186,0.186,0.000,0.000,1.0000,25.000,50.026,8.990,6.43
27841.00,5.000,9.176,0.186,0.186,0.000,0.000,1.0000,25.000,50.026,8.990,6.43
27846.00,5.000,9.176,0.185,0.185,0.000,0.000,1.0000,25.000,50.026,8.990,6.43
27851.00,5.000,9.176,0.185,0.185,0.000,0.000,1.0000,25.000,50.026,8.990,6.43
27856.00,5.000,9.176,0.185,0.185,0.000,0.000,1.0000,25.000,50.026,8.990,6.43
27861.00,5.000,9.176,0.185,0.185,0.000,0.000,1.0000,25.000,50.026,8.990,6.43
27866.00,5.000,9.176,0.185,0.185,0.000,0.000,1.0000,25.000,50.026,8.990,6.42
27871.00,5.000,9.176,0.185,0.185,0.000,0.000,1.0000,25.000,50.026,8.990,6.42
27876.00,5.000,9.176,0.185,0.185,0.000,0.000,1.0000,25.000,50.026,8.990,6.42
27881.00,5.000,9.176,0.185,0.185,0.000,0.000,1.0000,25.000,50.026,8.990,6.42
27886.00,5.000,9.176,0.185,0.185,0.000,0.000,1.0000,25.000,50.026,8.990,6.42
27891.00,5.000,9.176,0.185,0.185,0.000,0.000,1.0000,25.000,50.026,8.990,6.42
27896.00,5.000,9.176,0.185,0.185,0.000,0.000,1.0000,25.000,50.026,8.990,6.42
27901.00,5.000,9.176,0.185,0.185,0.000,0.000,1.0000,25.000,50.026,8.990,6.42
27906.00,5.000,9.176,0.185,0.185,0.000,0.000,1.0000,25.000,50.026,8.990,6.42
27911.00,5.000,9.176,0.185,0.185,0.000,0.000,1.0000,25.000,50.026,8.990,6.41
27916.00,5.000,9.176,0.185,0.185,0.000,0.000,1.0000,25.000,50.026,8.990,6.41
27921.00,5.000,9.176,0.185,0.185,0.000,0.000,1.0000,25.000,50.026,8.990,6.41
27926.00,5.000,9.176,0.185,0.185,0.000,0.000,1.0000,25.000,50.026,8.990,6.41
27931.00,5.000,9.176,0.185,0.185,0.000,0.000,1.0000,25.000,50.026,8.990,6.41
27936.00,5.000,9.176,0.185,0.185,0.000,0.000,1.0000,25.000,50.026,8.990,6.41
27941.00,5.000,9.176,0.185,0.185,0.000,0.000,1.0000,25.000,50.026,8.990,6.41
27946.00,5.000,9.176,0.185,0.185,0.000,0.000,1.0000,25.000,50.026,8.990,6.41
27951.00,5.000,9.175,0.185,0.185,0.000,0.000,1.0000,25.000,50.026,8.990,6.40
27956.00,5.000,9.175,0.185,0.185,0.000,0.000,1.0000,25.000,50.026,8.990,6.40
27961.00,5.000,9.175,0.185,0.185,0.000,0.000,1.0000,25.000,50.026,8.990,6.40
27966.00,5.000,9.175,0.185,0.185,0.000,0.000,1.0000,25.000,50.026,8.990,6.40
27971.00,5.000,9.175,0.185,0.185,0.000,0.000,1.0000,25.000,50.026,8.990,6.40
27976.00,5.000,9.175,0.185,0.185,0.000,0.000,1.0000,25.000,50.026,8.990,6.40
27981.00,5.000,9.175,0.185,0.185,0.000,0.000,1.0000,25.000,50.026,8.990,6.40
27986.00,5.000,9.175,0.185,0.185,0.000,0.000,1.0000,25.000,50.026,8.990,6.40
27991.00,5.000,9.175,0.185,0.185,0.000,0.000,1.0000,25.000,50.026,8.990,6.40
27996.00,5.000,9.175,0.185,0.185,0.000,0.000,1.0000,25.000,50.026,8.990,6.39
28001.00,5.000,9.175,0.185,0.185,0.000,0.000,1.0000,25.000,50.026,8.990,6.39
28006.00,5.000,9.175,0.185,0.185,0.000,0.000,1.0000,25.000,50.026,8.990,6.39
28011.00,5.000,9.175,0.185,0.185,0.000,0.000,1.0000,25.000,50.026,8.990,6.39
28016.00,5.000,9.175,0.185,0.185,0.000,0.000,1.0000,25.000,50.026,8.990,6.39
28021.00,5.000,9.175,0.185,0.185,0.000,0.000,1.0000,25.000,50.026,8.990,6.39
28026.00,5.000,9.175,0.185,0.185,0.000,0.000,1.0000,25.000,50.026,8.990,6.39
28031.00,5.000,9.175,0.185,0.185,0.000,0.000,1.0000,25.000,50.026,8.990,6.39
28036.00,5.000,9.175,0.185,0.185,0.000,0.000,1.0000,25.000,50.026,8.990,6.39
28041.00,5.000,9.175,0.185,0.185,0.000,0.000,1.0000,25.000,50.026,8.990,6.38
28046.00,5.000,9.175,0.185,0.185,0.000,0.000,1.0000,25.000,50.026,8.990,6.38
28051.00,5.000,9.175,0.185,0.185,0.000,0.000,1.0000,25.000,50.026,8.990,6.38
28056.00,5.000,9.175,0.185,0.185,0.000,0.000,1.0000,25.000,50.026,8.990,6.38
28061.00,5.000,9.175,0.185,0.185,0.000,0.000,1.0000,25.000,50.026,8.990,6.38
28066.00,5.000,9.175,0.185,0.185,0.000,0.000,1.0000,25.000,50.026,8.990,6.38
28071.00,5.000,9.175,0.184,0.184,0.000,0.000,1.0000,25.000,50.026,8.990,6.38
28076.00,5.000,9.175,0.184,0.184,0.000,0.000,1.0000,25.000,50.026,8.990,6.38
28081.00,5.000,9.175,0.184,0.184,0.000,0.000,1.0000,25.000,50.026,8.990,6.38
28086.00,5.000,9.175,0.184,0.184,0.000,0.000,1.0000,25.000,50.026,8.990,6.37
28091.00,5.000,9.175,0.184,0.184,0.000,0.000,1.0000,25.000,50.026,8.990,6.37
28096.00,5.000,9.175,0.184,0.184,0.000,0.000,1.0000,25.000,50.026,8.990,6.37
28101.00,5.000,9.175,0.184,0.184,0.000,0.000,1.0000,25.000,50.026,8.990,6.37
28106.00,5.000,9.175,0.184,0.184,0.000,0.000,1.0000,25.000,50.026,8.990,6.37
28111.00,5.000,9.175,0.184,0.184,0.000,0.000,1.0000,25.000,50.026,8.990,6.37
28116.00,5.000,9.175,0.184,0.184,0.000,0.000,1.0000,25.000,50.026,8.990,6.37
28121.00,5.000,9.175,0.184,0.184,0.000,0.000,1.0000,25.000,50.026,8.990,6.37
28126.00,5.000,9.175,0.184,0.184,0.000,0.000,1.0000,25.000,50.026,8.990,6.37
28131.00,5.000,9.175,0.184,0.184,0.000,0.000,1.0000,25.000,50.026,8.990,6.36
28136.00,5.000,9.175,0.184,0.184,0.000,0.000,1.0000,25.000,50.026,8.990,6.36
28141.00,5.000,9.175,0.184,0.184,0.000,0.000,1.0000,25.000,50.026,8.990,6.36
28146.00,5.000,9.175,0.184,0.184,0.000,0.000,1.0000,25.000,50.026,8.990,6.36
28151.00,5.000,9.175,0.184,0.184,0.000,0.000,1.0000,25.000,50.026,8.990,6.36
28156.00,5.000,9.175,0.184,0.184,0.000,0.000,1.0000,25.000,50.026,8.990,6.36
28161.00,5.000,9.175,0.184,0.184,0.000,0.000,1.0000,25.000,50.026,8.990,6.36
28166.00,5.000,9.175,0.184,0.184,0.000,0.000,1.0000,25.000,50.026,8.990,6.36
28171.00,5.000,9.175,0.184,0.184,0.000,0.000,1.0000,25.000,50.026,8.990,6.36
28176.00,5.000,9.175,0.184,0.184,0.000,0.000,1.0000,25.000,50.026,8.990,6.35
28181.00,5.000,9.175,0.184,0.184,0.000,0.000,1.0000,25.000,50.026,8.990,6.35
28186.00,5.000,9.174,0.184,0.184,0.000,0.000,1.0000,25.000,50.026,8.990,6.35
28191.00,5.000,9.174,0.184,0.184,0.000,0.000,1.0000,25.000,50.026,8.990,6.35
28196.00,5.000,9.174,0.184,0.184,0.000,0.000,1.0000,25.000,50.026,8.990,6.35
28201.00,5.000,9.174,0.184,0.184,0.000,0.000,1.0000,25.000,50.026,8.990,6.35
28206.00,5.000,9.174,0.184,0.184,0.000,0.000,1.0000,25.000,50.026,8.990,6.35
28211.00,5.000,9.174,0.184,0.184,0.000,0.000,1.0000,25.000,50.026,8.990,6.35
28216.00,5.000,9.174,0.184,0.184,0.000,0.000,1.0000,25.000,50.026,8.990,6.35
28221.00,5.000,9.174,0.184,0.184,0.000,0.000,1.0000,25.000,50.026,8.990,6.34
28226.00,5.000,9.174,0.184,0.184,0.000,0.000,1.0000,25.000,50.026,8.990,6.34
28231.00,5.000,9.174,0.184,0.184,0.000,0.000,1.0000,25.000,50.026,8.990,6.34
28236.00,5.000,9.174,0.184,0.184,0.000,0.000,1.0000,25.000,50.026,8.990,6.34
28241.00,5.000,9.174,0.184,0.184,0.000,0.000,1.0000,25.000,50.026,8.990,6.34
28246.00,5.000,9.174,0.184,0.184,0.000,0.000,1.0000,25.000,50.026,8.990,6.34
28251.00,5.000,9.174,0.184,0.184,0.000,0.000,1.0000,25.000,50.026,8.990,6.34
28256.00,5.000,9.174,0.184,0.184,0.000,0.000,1.0000,25.000,50.026,8.990,6.34
28261.00,5.000,9.174,0.184,0.184,0.000,0.000,1.0000,25.000,50.026,8.990,6.34
28266.00,5.000,9.174,0.184,0.184,0.000,0.000,1.0000,25.000,50.026,8.990,6.33
28271.00,5.000,9.174,0.184,0.184,0.000,0.000,1.0000,25.000,50.026,8.990,6.33
28276.00,5.000,9.174,0.184,0.184,0.000,0.000,1.0000,25.000,50.026,8.990,6.33
28281.00,5.000,9.174,0.184,0.184,0.000,0.000,1.0000,25.000,50.026,8.990,6.33
28286.00,5.000,9.174,0.184,0.184,0.000,0.000,1.0000,25.000,50.026,8.990,6.33
28291.00,5.000,9.174,0.184,0.184,0.000,0.000,1.0000,25.000,50.026,8.990,6.33
28296.00,5.000,9.174,0.184,0.184,0.000,0.000,1.0000,25.000,50.026,8.990,6.33
28301.00,5.000,9.174,0.184,0.184,0.000,0.000,1.0000,25.000,50.026,8.990,6.33
28306.00,5.000,9.174,0.184,0.184,0.000,0.000,1.0000,25.000,50.026,8.990,6.33
28311.00,5.000,9.174,0.183,0.183,0.000,0.000,1.0000,25.000,50.026,8.990,6.33
28316.00,5.000,9.174,0.183,0.183,0.000,0.000,1.0000,25.000,50.026,8.990,6.32
28321.00,5.000,9.174,0.183,0.183,0.000,0.000,1.0000,25.000,50.026,8.990,6.32
28326.00,5.000,9.174,0.183,0.183,0.000,0.000,1.0000,25.000,50.026,8.990,6.32
28331.00,5.000,9.174,0.183,0.183,0.000,0.000,1.0000,25.000,50.026,8.990,6.32
28336.00,5.000,9.174,0.183,0.183,0.000,0.000,1.0000,25.000,50.026,8.990,6.32
28341.00,5.000,9.174,0.183,0.183,0.000,0.000,1.0000,25.000,50.026,8.990,6.32
28346.00,5.000,9.174,0.183,0.183,0.000,0.000,1.0000,25.000,50.026,8.990,6.32
28351.00,5.000,9.174,0.183,0.183,0.000,0.000,1.0000,25.000,50.026,8.990,6.32
28356.00,5.000,9.174,0.183,0.183,0.000,0.000,1.0000,25.000,50.026,8.990,6.32
28361.00,5.000,9.174,0.183,0.183,0.000,0.000,1.0000,25.000,50.026,8.990,6.31
28366.00,5.000,9.174,0.183,0.183,0.000,0.000,1.0000,25.000,50.026,8.990,6.31
28371.00,5.000,9.174,0.183,0.183,0.000,0.000,1.0000,25.000,50.026,8.990,6.31
28376.00,5.000,9.174,0.183,0.183,0.000,0.000,1.0000,25.000,50.026,8.990,6.31
28381.00,5.000,9.174,0.183,0.183,0.000,0.000,1.0000,25.000,50.026,8.990,6.31
28386.00,5.000,9.174,0.183,0.183,0.000,0.000,1.0000,25.000,50.026,8.990,6.31
28391.00,5.000,9.174,0.183,0.183,0.000,0.000,1.0000,25.000,50.026,8.990,6.31
28396.00,5.000,9.174,0.183,0.183,0.000,0.000,1.0000,25.000,50.026,8.990,6.31
28401.00,5.000,9.174,0.183,0.183,0.000,0.000,1.0000,25.000,50.026,8.990,6.31
28406.00,5.000,9.174,0.183,0.183,0.000,0.000,1.0000,25.000,50.026,8.990,6.30
28411.00,5.000,9.174,0.183,0.183,0.000,0.000,1.0000,25.000,50.026,8.990,6.30
28416.00,5.000,9.174,0.183,0.183,0.000,0.000,1.0000,25.000,50.026,8.990,6.30
28421.00,5.000,9.174,0.183,0.183,0.000,0.000,1.0000,25.000,50.026,8.990,6.30
28426.00,5.000,9.173,0.183,0.183,0.000,0.000,1.0000,25.000,50.026,8.990,6.30
28431.00,5.000,9.173,0.183,0.183,0.000,0.000,1.0000,25.000,50.026,8.990,6.30
28436.00,5.000,9.173,0.183,0.183,0.000,0.000,1.0000,25.000,50.026,8.990,6.30
28441.00,5.000,9.173,0.183,0.183,0.000,0.000,1.0000,25.000,50.026,8.990,6.30
28446.00,5.000,9.173,0.183,0.183,0.000,0.000,1.0000,25.000,50.026,8.990,6.30
28451.00,5.000,9.173,0.183,0.183,0.000,0.000,1.0000,25.000,50.026,8.990,6.30
28456.00,5.000,9.173,0.183,0.183,0.000,0.000,1.0000,25.000,50.026,8.990,6.29
28461.00,5.000,9.173,0.183,0.183,0.000,0.000,1.0000,25.000,50.026,8.990,6.29
28466.00,5.000,9.173,0.183,0.183,0.000,0.000,1.0000,25.000,50.026,8.990,6.29
28471.00,5.000,9.173,0.183,0.183,0.000,0.000,1.0000,25.000,50.026,8.990,6.29
28476.00,5.000,9.173,0.183,0.183,0.000,0.000,1.0000,25.000,50.026,8.990,6.29
28481.00,5.000,9.173,0.183,0.183,0.000,0.000,1.0000,25.000,50.026,8.990,6.29
28486.00,5.000,9.173,0.183,0.183,0.000,0.000,1.0000,25.000,50.026,8.990,6.29
28491.00,5.000,9.173,0.183,0.183,0.000,0.000,1.0000,25.000,50.026,8.990,6.29
28496.00,5.000,9.173,0.183,0.183,0.000,0.000,1.0000,25.000,50.026,8.990,6.29
28501.00,5.000,9.173,0.183,0.183,0.000,0.000,1.0000,25.000,50.026,8.990,6.29
28506.00,5.000,9.173,0.183,0.183,0.000,0.000,1.0000,25.000,50.026,8.990,6.28
28511.00,5.000,9.173,0.183,0.183,0.000,0.000,1.0000,25.000,50.026,8.990,6.28
28516.00,5.000,9.173,0.183,0.183,0.000,0.000,1.0000,25.000,50.026,8.990,6.28
28521.00,5.000,9.173,0.183,0.183,0.000,0.000,1.0000,25.000,50.026,8.990,6.28
28526.00,5.000,9.173,0.183,0.183,0.000,0.000,1.0000,25.000,50.026,8.990,6.28
28531.00,5.000,9.173,0.183,0.183,0.000,0.000,1.0000,25.000,50.026,8.990,6.28
28536.00,5.000,9.173,0.183,0.183,0.000,0.000,1.0000,25.000,50.026,8.990,6.28
28541.00,5.000,9.173,0.183,0.183,0.000,0.000,1.0000,25.000,50.026,8.990,6.28
28546.00,5.000,9.173,0.183,0.183,0.000,0.000,1.0000,25.000,50.026,8.990,6.28
28551.00,5.000,9.173,0.183,0.183,0.000,0.000,1.0000,25.000,50.026,8.990,6.27
28556.00,5.000,9.173,0.182,0.182,0.000,0.000,1.0000,25.000,50.026,8.990,6.27
28561.00,5.000,9.173,0.182,0.182,0.000,0.000,1.0000,25.000,50.026,8.990,6.27
28566.00,5.000,9.173,0.182,0.182,0.000,0.000,1.0000,25.000,50.026,8.990,6.27
28571.00,5.000,9.173,0.182,0.182,0.000,0.000,1.0000,25.000,50.026,8.990,6.27
28576.00,5.000,9.173,0.182,0.182,0.000,0.000,1.0000,25.000,50.026,8.990,6.27
28581.00,5.000,9.173,0.182,0.182,0.000,0.000,1.0000,25.000,50.026,8.990,6.27
28586.00,5.000,9.173,0.182,0.182,0.000,0.000,1.0000,25.000,50.026,8.990,6.27
28591.00,5.000,9.173,0.182,0.182,0.000,0.000,1.0000,25.000,50.026,8.990,6.27
28596.00,5.000,9.173,0.182,0.182,0.000,0.000,1.0000,25.000,50.026,8.990,6.27
28601.00,5.000,9.173,0.182,0.182,0.000,0.000,1.0000,25.000,50.026,8.990,6.26
28606.00,5.000,9.173,0.182,0.182,0.000,0.000,1.0000,25.000,50.026,8.990,6.26
28611.00,5.000,9.173,0.182,0.182,0.000,0.000,1.0000,25.000,50.026,8.990,6.26
28616.00,5.000,9.173,0.182,0.182,0.000,0.000,1.0000,25.000,50.026,8.990,6.26
28621.00,5.000,9.173,0.182,0.182,0.000,0.000,1.0000,25.000,50.026,8.990,6.26
28626.00,5.000,9.173,0.182,0.182,0.000,0.000,1.0000,25.000,50.026,8.990,6.26
28631.00,5.000,9.173,0.182,0.182,0.000,0.000,1.0000,25.000,50.026,8.990,6.26
28636.00,5.000,9.173,0.182,0.182,0.000,0.000,1.0000,25.000,50.026,8.990,6.26
28641.00,5.000,9.173,0.182,0.182,0.000,0.000,1.0000,25.000,50.026,8.990,6.26
28646.00,5.000,9.173,0.182,0.182,0.000,0.000,1.0000,25.000,50.026,8.990,6.26
28651.00,5.000,9.173,0.182,0.182,0.000,0.000,1.0000,25.000,50.026,8.990,6.25
28656.00,5.000,9.173,0.182,0.182,0.000,0.000,1.0000,25.000,50.026,8.990,6.25
28661.00,5.000,9.173,0.182,0.182,0.000,0.000,1.0000,25.000,50.026,8.990,6.25
28666.00,5.000,9.173,0.182,0.182,0.000,0.000,1.0000,25.000,50.026,8.990,6.25
28671.00,5.000,9.173,0.182,0.182,0.000,0.000,1.0000,25.000,50.026,8.990,6.25
28676.00,5.000,9.172,0.182,0.182,0.000,0.000,1.0000,25.000,50.026,8.990,6.25
28681.00,5.000,9.172,0.182,0.182,0.000,0.000,1.0000,25.000,50.026,8.990,6.25
28686.00,5.000,9.172,0.182,0.182,0.000,0.000,1.0000,25.000,50.026,8.990,6.25
28691.00,5.000,9.172,0.182,0.182,0.000,0.000,1.0000,25.000,50.026,8.990,6.25
28696.00,5.000,9.172,0.182,0.182,0.000,0.000,1.0000,25.000,50.026,8.990,6.25
28701.00,5.000,9.172,0.182,0.182,0.000,0.000,1.0000,25.000,50.026,8.990,6.24
28706.00,5.000,9.172,0.182,0.182,0.000,0.000,1.0000,25.000,50.026,8.990,6.24
28711.00,5.000,9.172,0.182,0.182,0.000,0.000,1.0000,25.000,50.026,8.990,6.24
28716.00,5.000,9.172,0.182,0.182,0.000,0.000,1.0000,25.000,50.026,8.990,6.24
28721.00,5.000,9.172,0.182,0.182,0.000,0.000,1.0000,25.000,50.026,8.990,6.24
28726.00,5.000,9.172,0.182,0.182,0.000,0.000,1.0000,25.000,50.026,8.990,6.24
28731.00,5.000,9.172,0.182,0.182,0.000,0.000,1.0000,25.000,50.026,8.990,6.24
28736.00,5.000,9.172,0.182,0.182,0.000,0.000,1.0000,25.000,50.026,8.990,6.24
28741.00,5.000,9.172,0.182,0.182,0.000,0.000,1.0000,25.000,50.026,8.990,6.24
28746.00,5.000,9.172,0.182,0.182,0.000,0.000,1.0000,25.000,50.026,8.990,6.24
28751.00,5.000,9.172,0.182,0.182,0.000,0.000,1.0000,25.000,50.026,8.990,6.23
28756.00,5.000,9.172,0.182,0.182,0.000,0.000,1.0000,25.000,50.026,8.990,6.23
28761.00,5.000,9.172,0.182,0.182,0.000,0.000,1.0000,25.000,50.026,8.990,6.23
28766.00,5.000,9.172,0.182,0.182,0.000,0.000,1.0000,25.000,50.026,8.990,6.23
28771.00,5.000,9.172,0.182,0.182,0.000,0.000,1.0000,25.000,50.026,8.990,6.23
28776.00,5.000,9.172,0.182,0.182,0.000,0.000,1.0000,25.000,50.026,8.990,6.23
28781.00,5.000,9.172,0.182,0.182,0.000,0.000,1.0000,25.000,50.026,8.990,6.23
28786.00,5.000,9.172,0.182,0.182,0.000,0.000,1.0000,25.000,50.026,8.990,6.23
28791.00,5.000,9.172,0.182,0.182,0.000,0.000,1.0000,25.000,50.026,8.990,6.23
28796.00,5.000,9.172,0.182,0.182,0.000,0.000,1.0000,25.000,50.026,8.990,6.23
0.00,5.000,18.271,17.771,17.771,0.271,0.000,0.7241,0.000,5.000,0.500,2720.67
5.00,5.000,18.247,6.547,7.990,1.690,1.443,0.9303,3.760,5.640,11.700,382.63
6.00,1.000,18.243,6.543,8.257,1.957,1.714,0.9489,5.514,6.281,11.700,406.12
11.00,5.000,18.243,6.543,9.435,3.135,2.893,0.9896,5.879,6.921,11.700,440.40
16.00,5.000,18.239,6.539,10.206,3.906,3.667,0.9983,7.996,7.562,11.700,460.83
21.00,5.000,18.235,6.535,10.462,4.162,3.928,0.9998,10.524,8.202,11.700,478.04
26.00,5.000,18.230,6.530,10.169,3.869,3.639,1.0000,13.227,8.843,11.700,494.60
31.00,5.000,18.226,6.526,9.367,3.067,2.841,1.0000,15.730,9.483,11.700,511.02
36.00,5.000,18.221,6.521,8.167,1.867,1.646,1.0000,17.831,10.124,11.700,527.37
41.00,5.000,18.217,6.517,6.736,0.436,0.220,1.0000,19.630,10.764,11.700,543.66
46.00,5.000,18.212,6.512,6.512,0.212,0.000,1.0000,21.064,11.405,11.700,559.89
51.00,5.000,18.207,6.507,6.507,0.207,0.000,1.0000,22.438,12.045,11.700,576.06
56.00,5.000,18.202,6.502,7.767,1.467,1.265,1.0000,23.810,12.686,11.700,592.16
61.00,5.000,18.196,6.496,9.040,2.740,2.543,1.0000,25.000,13.326,11.700,608.20
66.00,5.000,18.191,6.495,9.961,3.656,3.465,1.0000,25.000,13.352,11.696,608.72
71.00,5.000,18.185,6.494,10.397,4.088,3.903,1.0000,25.000,13.379,11.691,609.24
76.00,5.000,18.180,6.493,10.287,3.974,3.794,1.0000,25.000,13.405,11.687,609.75
81.00,5.000,18.175,6.492,9.646,3.328,3.154,1.0000,25.000,13.431,11.682,610.26
86.00,5.000,18.169,6.491,8.564,2.242,2.073,1.0000,25.000,13.457,11.678,610.76
91.00,5.000,18.164,6.490,7.192,0.865,0.701,1.0000,25.000,13.484,11.673,611.26
96.00,5.000,18.158,6.489,6.489,0.158,0.000,1.0000,25.000,13.514,11.669,611.87
101.00,5.000,18.153,6.488,6.488,0.153,0.000,1.0000,25.000,13.548,11.665,612.57
106.00,5.000,18.147,6.487,7.284,0.945,0.797,1.0000,25.000,13.582,11.660,613.26
111.00,5.000,18.142,6.486,8.641,2.297,2.155,1.0000,25.000,13.612,11.656,613.85
116.00,5.000,18.136,6.485,9.696,3.347,3.211,1.0000,25.000,13.638,11.652,614.32
121.00,5.000,18.131,6.483,10.301,3.948,3.818,1.0000,25.000,13.663,11.647,614.78
126.00,5.000,18.125,6.482,10.372,4.015,3.890,1.0000,25.000,13.689,11.643,615.24
131.00,5.000,18.120,6.481,9.899,3.538,3.418,1.0000,25.000,13.715,11.639,615.70
136.00,5.000,18.114,6.480,8.948,2.582,2.468,1.0000,25.000,13.740,11.634,616.15
141.00,5.000,18.109,6.479,7.651,1.281,1.172,1.0000,25.000,13.765,11.630,616.59
146.00,5.000,18.103,6.477,6.477,0.103,0.000,1.0000,25.000,13.794,11.626,617.12
151.00,5.000,18.098,6.476,6.476,0.098,0.000,1.0000,25.000,13.828,11.622,617.78
156.00,5.000,18.092,6.475,6.475,0.092,0.000,1.0000,25.000,13.862,11.617,618.43
161.00,5.000,18.086,6.473,6.473,0.086,0.000,1.0000,25.000,13.895,11.613,619.08
166.00,5.000,18.081,6.472,6.472,0.081,0.000,1.0000,25.000,13.929,11.609,619.72
171.00,5.000,18.075,6.471,6.471,0.075,0.000,1.0000,25.000,13.963,11.605,620.36
176.00,5.000,18.070,6.469,6.469,0.070,0.000,1.0000,25.000,13.996,11.600,621.00
181.00,5.000,18.064,6.468,6.468,0.064,0.000,1.0000,25.000,14.030,11.596,621.63
186.00,5.000,18.059,6.467,6.467,0.059,0.000,1.0000,25.000,14.064,11.592,622.26
191.00,5.000,18.053,6.465,6.465,0.053,0.000,1.0000,25.000,14.097,11.588,622.88
196.00,5.000,18.047,6.464,6.464,0.047,0.000,1.0000,25.000,14.131,11.584,623.50
201.00,5.000,18.042,6.462,6.462,0.042,0.000,1.0000,25.000,14.165,11.580,624.11
206.00,5.000,18.036,6.461,6.461,0.036,0.000,1.0000,25.000,14.198,11.575,624.72
211.00,5.000,18.031,6.459,6.459,0.031,0.000,1.0000,25.000,14.232,11.571,625.32
216.00,5.000,18.025,6.458,6.458,0.025,0.000,1.0000,25.000,14.265,11.567,625.92
221.00,5.000,18.019,6.456,6.456,0.019,0.000,1.0000,25.000,14.299,11.563,626.52
226.00,5.000,18.014,6.455,6.455,0.014,0.000,1.0000,25.000,14.332,11.559,627.11
231.00,5.000,18.008,6.453,6.453,0.008,0.000,1.0000,25.000,14.366,11.555,627.70
236.00,5.000,18.002,6.451,6.451,0.002,0.000,1.0000,25.000,14.399,11.551,628.28
241.00,5.000,17.997,6.450,6.450,0.000,0.000,1.0000,25.000,14.433,11.547,628.86
246.00,5.000,17.991,6.448,6.448,0.000,0.000,1.0000,25.000,14.466,11.543,629.43
251.00,5.000,17.985,6.446,6.446,0.000,0.000,1.0000,25.000,14.500,11.539,630.00
256.00,5.000,17.980,6.445,6.445,0.000,0.000,1.0000,25.000,14.533,11.535,630.56
261.00,5.000,17.974,6.443,6.443,0.000,0.000,1.0000,25.000,14.567,11.531,631.12
266.00,5.000,17.968,6.441,6.441,0.000,0.000,1.0000,25.000,14.600,11.527,631.68
271.00,5.000,17.962,6.440,6.440,0.000,0.000,1.0000,25.000,14.634,11.523,632.23
276.00,5.000,17.957,6.438,6.438,0.000,0.000,1.0000,25.000,14.667,11.519,632.78
281.00,5.000,17.951,6.436,6.436,0.000,0.000,1.0000,25.000,14.701,11.515,633.32
286.00,5.000,17.945,6.434,6.434,0.000,0.000,1.0000,25.000,14.734,11.511,633.86
291.00,5.000,17.940,6.432,6.432,0.000,0.000,1.0000,25.000,14.767,11.507,634.39
296.00,5.000,17.934,6.431,6.431,0.000,0.000,1.0000,25.000,14.801,11.503,634.92
301.00,5.000,17.928,6.429,6.429,0.000,0.000,1.0000,25.000,14.834,11.499,635.45
306.00,5.000,17.922,6.427,6.427,0.000,0.000,1.0000,25.000,14.867,11.495,635.97
311.00,5.000,17.917,6.425,6.425,0.000,0.000,1.0000,25.000,14.901,11.492,636.49
316.00,5.000,17.911,6.423,6.423,0.000,0.000,1.0000,25.000,14.934,11.488,637.00
321.00,5.000,17.905,6.421,6.421,0.000,0.000,1.0000,25.000,14.967,11.484,637.51
326.00,5.000,17.899,6.419,6.419,0.000,0.000,1.0000,25.000,15.001,11.480,638.01
331.00,5.000,17.894,6.417,6.417,0.000,0.000,1.0000,25.000,15.034,11.476,638.51
336.00,5.000,17.888,6.415,6.415,0.000,0.000,1.0000,25.000,15.067,11.472,639.01
341.00,5.000,17.882,6.413,6.413,0.000,0.000,1.0000,25.000,15.100,11.469,639.50
346.00,5.000,17.876,6.411,6.411,0.000,0.000,1.0000,25.000,15.134,11.465,639.98
351.00,5.000,17.870,6.409,6.409,0.000,0.000,1.0000,25.000,15.167,11.461,640.47
356.00,5.000,17.865,6.407,6.407,0.000,0.000,1.0000,25.000,15.200,11.457,640.94
361.00,5.000,17.859,6.405,6.405,0.000,0.000,1.0000,25.000,15.233,11.453,641.42
366.00,5.000,17.853,6.403,6.403,0.000,0.000,1.0000,25.000,15.266,11.450,641.89
371.00,5.000,17.847,6.401,6.401,0.000,0.000,1.0000,25.000,15.299,11.446,642.35
376.00,5.000,17.841,6.399,6.399,0.000,0.000,1.0000,25.000,15.333,11.442,642.82
381.00,5.000,17.835,6.397,6.397,0.000,0.000,1.0000,25.000,15.366,11.438,643.27
386.00,5.000,17.830,6.395,6.395,0.000,0.000,1.0000,25.000,15.399,11.435,643.73
391.00,5.000,17.824,6.393,6.393,0.000,0.000,1.0000,25.000,15.432,11.431,644.17
396.00,5.000,17.818,6.390,6.390,0.000,0.000,1.0000,25.000,15.465,11.427,644.62
401.00,5.000,17.812,6.388,6.388,0.000,0.000,1.0000,25.000,15.498,11.424,645.06
406.00,5.000,17.806,6.386,6.386,0.000,0.000,1.0000,25.000,15.531,11.420,645.50
411.00,5.000,17.800,6.384,6.384,0.000,0.000,1.0000,25.000,15.564,11.416,645.93
416.00,5.000,17.794,6.382,6.382,0.000,0.000,1.0000,25.000,15.597,11.413,646.36
421.00,5.000,17.788,6.379,6.379,0.000,0.000,1.0000,25.000,15.630,11.409,646.78
426.00,5.000,17.783,6.377,6.377,0.000,0.000,1.0000,25.000,15.663,11.405,647.20
431.00,5.000,17.777,6.375,6.375,0.000,0.000,1.0000,25.000,15.696,11.402,647.62
436.00,5.000,17.771,6.373,6.373,0.000,0.000,1.0000,25.000,15.729,11.398,648.03
441.00,5.000,17.765,6.370,6.370,0.000,0.000,1.0000,25.000,15.762,11.395,648.44
446.00,5.000,17.759,6.368,6.368,0.000,0.000,1.0000,25.000,15.795,11.391,648.84
451.00,5.000,17.753,6.366,6.366,0.000,0.000,1.0000,25.000,15.828,11.387,649.24
456.00,5.000,17.747,6.363,6.363,0.000,0.000,1.0000,25.000,15.861,11.384,649.63
461.00,5.000,17.741,6.361,6.361,0.000,0.000,1.0000,25.000,15.894,11.380,650.03
466.00,5.000,17.735,6.358,6.358,0.000,0.000,1.0000,25.000,15.927,11.377,650.41
471.00,5.000,17.729,6.356,6.356,0.000,0.000,1.0000,25.000,15.960,11.373,650.80
476.00,5.000,17.723,6.354,6.354,0.000,0.000,1.0000,25.000,15.993,11.370,651.18
481.00,5.000,17.717,6.351,6.351,0.000,0.000,1.0000,25.000,16.025,11.366,651.55
486.00,5.000,17.711,6.349,6.349,0.000,0.000,1.0000,25.000,16.058,11.363,651.92
491.00,5.000,17.705,6.346,6.346,0.000,0.000,1.0000,25.000,16.091,11.359,652.29
496.00,5.000,17.700,6.344,6.344,0.000,0.000,1.0000,25.000,16.124,11.356,652.65
501.00,5.000,17.694,6.341,6.341,0.000,0.000,1.0000,25.000,16.157,11.352,653.01
506.00,5.000,17.688,6.339,6.339,0.000,0.000,1.0000,25.000,16.190,11.349,653.37
511.00,5.000,17.682,6.336,6.336,0.000,0.000,1.0000,25.000,16.222,11.345,653.72
516.00,5.000,17.676,6.334,6.334,0.000,0.000,1.0000,25.000,16.255,11.342,654.06
521.00,5.000,17.670,6.331,6.331,0.000,0.000,1.0000,25.000,16.288,11.338,654.41
526.00,5.000,17.664,6.329,6.329,0.000,0.000,1.0000,25.000,16.321,11.335,654.75
531.00,5.000,17.658,6.326,6.326,0.000,0.000,1.0000,25.000,16.353,11.332,655.08
536.00,5.000,17.652,6.323,6.323,0.000,0.000,1.0000,25.000,16.386,11.328,655.41
541.00,5.000,17.646,6.321,6.321,0.000,0.000,1.0000,25.000,16.419,11.325,655.74
546.00,5.000,17.640,6.318,6.318,0.000,0.000,1.0000,25.000,16.451,11.321,656.06
551.00,5.000,17.634,6.316,6.316,0.000,0.000,1.0000,25.000,16.484,11.318,656.38
556.00,5.000,17.628,6.313,6.313,0.000,0.000,1.0000,25.000,16.517,11.315,656.70
561.00,5.000,17.622,6.310,6.310,0.000,0.000,1.0000,25.000,16.549,11.311,657.01
566.00,5.000,17.616,6.308,6.308,0.000,0.000,1.0000,25.000,16.582,11.308,657.32
571.00,5.000,17.609,6.305,6.305,0.000,0.000,1.0000,25.000,16.615,11.305,657.62
576.00,5.000,17.603,6.302,6.302,0.000,0.000,1.0000,25.000,16.647,11.301,657.92
581.00,5.000,17.597,6.299,6.299,0.000,0.000,1.0000,25.000,16.680,11.298,658.22
586.00,5.000,17.591,6.297,6.297,0.000,0.000,1.0000,25.000,16.712,11.295,658.51
591.00,5.000,17.585,6.294,6.294,0.000,0.000,1.0000,25.000,16.745,11.291,658.80
596.00,5.000,17.579,6.291,6.291,0.000,0.000,1.0000,25.000,16.778,11.288,659.08
601.00,5.000,17.573,6.288,6.288,0.000,0.000,1.0000,25.000,16.810,11.285,659.36
606.00,5.000,17.567,6.286,6.286,0.000,0.000,1.0000,25.000,16.843,11.281,659.64
611.00,5.000,17.561,6.283,6.283,0.000,0.000,1.0000,25.000,16.875,11.278,659.91
616.00,5.000,17.555,6.280,6.280,0.000,0.000,1.0000,25.000,16.908,11.275,660.18
621.00,5.000,17.549,6.277,6.277,0.000,0.000,1.0000,25.000,16.940,11.272,660.45
626.00,5.000,17.543,6.274,6.274,0.000,0.000,1.0000,25.000,16.973,11.268,660.71
631.00,5.000,17.537,6.272,6.272,0.000,0.000,1.0000,25.000,17.005,11.265,660.97
636.00,5.000,17.531,6.269,6.269,0.000,0.000,1.0000,25.000,17.037,11.262,661.22
641.00,5.000,17.525,6.266,6.266,0.000,0.000,1.0000,25.000,17.070,11.259,661.47
646.00,5.000,17.518,6.263,6.263,0.000,0.000,1.0000,25.000,17.102,11.256,661.72
651.00,5.000,17.512,6.260,6.260,0.000,0.000,1.0000,25.000,17.135,11.252,661.96
656.00,5.000,17.506,6.257,6.257,0.000,0.000,1.0000,25.000,17.167,11.249,662.20
661.00,5.000,17.500,6.254,6.254,0.000,0.000,1.0000,25.000,17.199,11.246,662.44
666.00,5.000,17.494,6.251,6.251,0.000,0.000,1.0000,25.000,17.232,11.243,662.67
671.00,5.000,17.488,6.248,6.248,0.000,0.000,1.0000,25.000,17.264,11.240,662.90
676.00,5.000,17.482,6.245,6.245,0.000,0.000,1.0000,25.000,17.296,11.237,663.12
681.00,5.000,17.476,6.242,6.242,0.000,0.000,1.0000,25.000,17.329,11.233,663.34
686.00,5.000,17.470,6.239,6.239,0.000,0.000,1.0000,25.000,17.361,11.230,663.56
691.00,5.000,17.463,6.236,6.236,0.000,0.000,1.0000,25.000,17.393,11.227,663.77
696.00,5.000,17.457,6.233,6.233,0.000,0.000,1.0000,25.000,17.426,11.224,663.98
701.00,5.000,17.451,6.230,6.230,0.000,0.000,1.0000,25.000,17.458,11.221,664.19
706.00,5.000,17.445,6.227,6.227,0.000,0.000,1.0000,25.000,17.490,11.218,664.39
711.00,5.000,17.439,6.224,6.224,0.000,0.000,1.0000,25.000,17.522,11.215,664.59
716.00,5.000,17.433,6.221,6.221,0.000,0.000,1.0000,25.000,17.555,11.212,664.79
721.00,5.000,17.427,6.218,6.218,0.000,0.000,1.0000,25.000,17.587,11.209,664.98
726.00,5.000,17.420,6.215,6.215,0.000,0.000,1.0000,25.000,17.619,11.206,665.17
731.00,5.000,17.414,6.212,6.212,0.000,0.000,1.0000,25.000,17.651,11.202,665.35
736.00,5.000,17.408,6.209,6.209,0.000,0.000,1.0000,25.000,17.683,11.199,665.53
741.00,5.000,17.402,6.205,6.205,0.000,0.000,1.0000,25.000,17.715,11.196,665.71
746.00,5.000,17.396,6.202,6.202,0.000,0.000,1.0000,25.000,17.748,11.193,665.88
751.00,5.000,17.390,6.199,6.199,0.000,0.000,1.0000,25.000,17.780,11.190,666.05
756.00,5.000,17.383,6.196,6.196,0.000,0.000,1.0000,25.000,17.812,11.187,666.22
761.00,5.000,17.377,6.193,6.193,0.000,0.000,1.0000,25.000,17.844,11.184,666.38
766.00,5.000,17.371,6.190,6.190,0.000,0.000,1.0000,25.000,17.876,11.181,666.54
771.00,5.000,17.365,6.186,6.186,0.000,0.000,1.0000,25.000,17.908,11.178,666.70
776.00,5.000,17.359,6.183,6.183,0.000,0.000,1.0000,25.000,17.940,11.175,666.85
781.00,5.000,17.352,6.180,6.180,0.000,0.000,1.0000,25.000,17.972,11.172,667.00
786.00,5.000,17.346,6.177,6.177,0.000,0.000,1.0000,25.000,18.004,11.169,667.14
791.00,5.000,17.340,6.174,6.174,0.000,0.000,1.0000,25.000,18.036,11.166,667.29
796.00,5.000,17.334,6.170,6.170,0.000,0.000,1.0000,25.000,18.068,11.164,667.43
801.00,5.000,17.328,6.167,6.167,0.000,0.000,1.0000,25.000,18.100,11.161,667.56
806.00,5.000,17.321,6.164,6.164,0.000,0.000,1.0000,25.000,18.132,11.158,667.69
811.00,5.000,17.315,6.160,6.160,0.000,0.000,1.0000,25.000,18.164,11.155,667.82
816.00,5.000,17.309,6.157,6.157,0.000,0.000,1.0000,25.000,18.196,11.152,667.95
821.00,5.000,17.303,6.154,6.154,0.000,0.000,1.0000,25.000,18.228,11.149,668.07
826.00,5.000,17.297,6.151,6.151,0.000,0.000,1.0000,25.000,18.260,11.146,668.18
831.00,5.000,17.290,6.147,6.147,0.000,0.000,1.0000,25.000,18.292,11.143,668.30
836.00,5.000,17.284,6.144,6.144,0.000,0.000,1.0000,25.000,18.324,11.140,668.41
841.00,5.000,17.278,6.140,6.140,0.000,0.000,1.0000,25.000,18.356,11.137,668.52
846.00,5.000,17.272,6.137,6.137,0.000,0.000,1.0000,25.000,18.387,11.134,668.62
851.00,5.000,17.265,6.134,6.134,0.000,0.000,1.0000,25.000,18.419,11.132,668.72
856.00,5.000,17.259,6.130,6.130,0.000,0.000,1.0000,25.000,18.451,11.129,668.82
861.00,5.000,17.253,6.127,6.127,0.000,0.000,1.0000,25.000,18.483,11.126,668.91
866.00,5.000,17.247,6.124,6.124,0.000,0.000,1.0000,25.000,18.515,11.123,669.01
871.00,5.000,17.240,6.120,6.120,0.000,0.000,1.0000,25.000,18.546,11.120,669.09
876.00,5.000,17.234,6.117,6.117,0.000,0.000,1.0000,25.000,18.578,11.117,669.18
881.00,5.000,17.228,6.113,6.113,0.000,0.000,1.0000,25.000,18.610,11.115,669.26
886.00,5.000,17.222,6.110,6.110,0.000,0.000,1.0000,25.000,18.642,11.112,669.34
891.00,5.000,17.215,6.106,6.106,0.000,0.000,1.0000,25.000,18.674,11.109,669.41
896.00,5.000,17.209,6.103,6.103,0.000,0.000,1.0000,25.000,18.705,11.106,669.48
901.00,5.000,17.203,6.099,6.099,0.000,0.000,1.0000,25.000,18.737,11.103,669.55
906.00,5.000,17.197,6.096,6.096,0.000,0.000,1.0000,25.000,18.769,11.101,669.61
911.00,5.000,17.190,6.092,6.092,0.000,0.000,1.0000,25.000,18.800,11.098,669.68
916.00,5.000,17.184,6.089,6.089,0.000,0.000,1.0000,25.000,18.832,11.095,669.73
921.00,5.000,17.178,6.085,6.085,0.000,0.000,1.0000,25.000,18.864,11.092,669.79
926.00,5.000,17.172,6.082,6.082,0.000,0.000,1.0000,25.000,18.895,11.090,669.84
931.00,5.000,17.165,6.078,6.078,0.000,0.000,1.0000,25.000,18.927,11.087,669.89
936.00,5.000,17.159,6.075,6.075,0.000,0.000,1.0000,25.000,18.959,11.084,669.93
941.00,5.000,17.153,6.071,6.071,0.000,0.000,1.0000,25.000,18.990,11.081,669.98
946.00,5.000,17.146,6.068,6.068,0.000,0.000,1.0000,25.000,19.022,11.079,670.01
951.00,5.000,17.140,6.064,6.064,0.000,0.000,1.0000,25.000,19.053,11.076,670.05
956.00,5.000,17.134,6.061,6.061,0.000,0.000,1.0000,25.000,19.085,11.073,670.08
961.00,5.000,17.128,6.057,6.057,0.000,0.000,1.0000,25.000,19.116,11.071,670.11
966.00,5.000,17.121,6.053,6.053,0.000,0.000,1.0000,25.000,19.148,11.068,670.14
971.00,5.000,17.115,6.050,6.050,0.000,0.000,1.0000,25.000,19.179,11.065,670.16
976.00,5.000,17.109,6.046,6.046,0.000,0.000,1.0000,25.000,19.211,11.063,670.18
981.00,5.000,17.102,6.042,6.042,0.000,0.000,1.0000,25.000,19.242,11.060,670.20
986.00,5.000,17.096,6.039,6.039,0.000,0.000,1.0000,25.000,19.274,11.057,670.21
991.00,5.000,17.090,6.035,6.035,0.000,0.000,1.0000,25.000,19.305,11.055,670.22
996.00,5.000,17.083,6.032,6.032,0.000,0.000,1.0000,25.000,19.337,11.052,670.23
1001.00,5.000,17.077,6.028,6.028,0.000,0.000,1.0000,25.000,19.368,11.049,670.23
1006.00,5.000,17.071,6.024,6.024,0.000,0.000,1.0000,25.000,19.400,11.047,670.23
1011.00,5.000,17.064,6.020,6.020,0.000,0.000,1.0000,25.000,19.431,11.044,670.23
1016.00,5.000,17.058,6.017,6.017,0.000,0.000,1.0000,25.000,19.462,11.041,670.23
1021.00,5.000,17.052,6.013,6.013,0.000,0.000,1.0000,25.000,19.494,11.039,670.22
1026.00,5.000,17.046,6.009,6.009,0.000,0.000,1.0000,25.000,19.525,11.036,670.21
1031.00,5.000,17.039,6.006,6.006,0.000,0.000,1.0000,25.000,19.556,11.034,670.19
1036.00,5.000,17.033,6.002,6.002,0.000,0.000,1.0000,25.000,19.588,11.031,670.18
1041.00,5.000,17.027,5.998,5.998,0.000,0.000,1.0000,25.000,19.619,11.028,670.16
1046.00,5.000,17.020,5.994,5.994,0.000,0.000,1.0000,25.000,19.650,11.026,670.13
1051.00,5.000,17.014,5.991,5.991,0.000,0.000,1.0000,25.000,19.682,11.023,670.11
1056.00,5.000,17.008,5.987,5.987,0.000,0.000,1.0000,25.000,19.713,11.021,670.08
1061.00,5.000,17.001,5.983,5.983,0.000,0.000,1.0000,25.000,19.744,11.018,670.05
1066.00,5.000,16.995,5.979,5.979,0.000,0.000,1.0000,25.000,19.775,11.016,670.01
1071.00,5.000,16.989,5.976,5.976,0.000,0.000,1.0000,25.000,19.807,11.013,669.97
1076.00,5.000,16.982,5.972,5.972,0.000,0.000,1.0000,25.000,19.838,11.010,669.93
1081.00,5.000,16.976,5.968,5.968,0.000,0.000,1.0000,25.000,19.869,11.008,669.89
1086.00,5.000,16.970,5.964,5.964,0.000,0.000,1.0000,25.000,19.900,11.005,669.84
1091.00,5.000,16.963,5.960,5.960,0.000,0.000,1.0000,25.000,19.932,11.003,669.79
1096.00,5.000,16.957,5.957,5.957,0.000,0.000,1.0000,25.000,19.963,11.000,669.74
1101.00,5.000,16.951,5.953,5.953,0.000,0.000,1.0000,25.000,19.994,10.998,669.69
1106.00,5.000,16.944,5.949,5.949,0.000,0.000,1.0000,25.000,20.025,10.995,669.63
1111.00,5.000,16.938,5.945,5.945,0.000,0.000,1.0000,25.000,20.056,10.993,669.57
1116.00,5.000,16.932,5.941,5.941,0.000,0.000,1.0000,25.000,20.087,10.990,669.50
1121.00,5.000,16.925,5.937,5.937,0.000,0.000,1.0000,25.000,20.118,10.988,669.43
1126.00,5.000,16.919,5.933,5.933,0.000,0.000,1.0000,25.000,20.149,10.986,669.36
1131.00,5.000,16.913,5.930,5.930,0.000,0.000,1.0000,25.000,20.180,10.983,669.29
1136.00,5.000,16.906,5.926,5.926,0.000,0.000,1.0000,25.000,20.211,10.981,669.22
1141.00,5.000,16.900,5.922,5.922,0.000,0.000,1.0000,25.000,20.243,10.978,669.14
1146.00,5.000,16.894,5.918,5.918,0.000,0.000,1.0000,25.000,20.274,10.976,669.06
1151.00,5.000,16.887,5.914,5.914,0.000,0.000,1.0000,25.000,20.305,10.973,668.97
1156.00,5.000,16.881,5.910,5.910,0.000,0.000,1.0000,25.000,20.336,10.971,668.89
1161.00,5.000,16.874,5.906,5.906,0.000,0.000,1.0000,25.000,20.367,10.968,668.80
1166.00,5.000,16.868,5.902,5.902,0.000,0.000,1.0000,25.000,20.397,10.966,668.71
1171.00,5.000,16.862,5.898,5.898,0.000,0.000,1.0000,25.000,20.428,10.964,668.61
1176.00,5.000,16.855,5.894,5.894,0.000,0.000,1.0000,25.000,20.459,10.961,668.51
1181.00,5.000,16.849,5.890,5.890,0.000,0.000,1.0000,25.000,20.490,10.959,668.41
1186.00,5.000,16.843,5.886,5.886,0.000,0.000,1.0000,25.000,20.521,10.956,668.31
1191.00,5.000,16.836,5.882,5.882,0.000,0.000,1.0000,25.000,20.552,10.954,668.20
1196.00,5.000,16.830,5.878,5.878,0.000,0.000,1.0000,25.000,20.583,10.952,668.09
1201.00,5.000,16.824,5.874,5.874,0.000,0.000,1.0000,25.000,20.614,10.949,667.98
1206.00,5.000,16.817,5.870,5.870,0.000,0.000,1.0000,25.000,20.645,10.947,667.87
1211.00,5.000,16.811,5.866,5.866,0.000,0.000,1.0000,25.000,20.676,10.945,667.75
1216.00,5.000,16.804,5.862,5.862,0.000,0.000,1.0000,25.000,20.706,10.942,667.63
1221.00,5.000,16.798,5.858,5.858,0.000,0.000,1.0000,25.000,20.737,10.940,667.51
1226.00,5.000,16.792,5.854,5.854,0.000,0.000,1.0000,25.000,20.768,10.937,667.39
1231.00,5.000,16.785,5.850,5.850,0.000,0.000,1.0000,25.000,20.799,10.935,667.26
1236.00,5.000,16.779,5.846,5.846,0.000,0.000,1.0000,25.000,20.830,10.933,667.13
1241.00,5.000,16.773,5.842,5.842,0.000,0.000,1.0000,25.000,20.860,10.930,667.00
1246.00,5.000,16.766,5.838,5.838,0.000,0.000,1.0000,25.000,20.891,10.928,666.86
1251.00,5.000,16.760,5.834,5.834,0.000,0.000,1.0000,25.000,20.922,10.926,666.72
1256.00,5.000,16.754,5.830,5.830,0.000,0.000,1.0000,25.000,20.952,10.924,666.58
1261.00,5.000,16.747,5.826,5.826,0.000,0.000,1.0000,25.000,20.983,10.921,666.44
1266.00,5.000,16.741,5.822,5.822,0.000,0.000,1.0000,25.000,21.014,10.919,666.29
1271.00,5.000,16.734,5.818,5.818,0.000,0.000,1.0000,25.000,21.045,10.917,666.14
1276.00,5.000,16.728,5.814,5.814,0.000,0.000,1.0000,25.000,21.075,10.914,665.99
1281.00,5.000,16.722,5.810,5.810,0.000,0.000,1.0000,25.000,21.106,10.912,665.84
1286.00,5.000,16.715,5.805,5.805,0.000,0.000,1.0000,25.000,21.136,10.910,665.68
1291.00,5.000,16.709,5.801,5.801,0.000,0.000,1.0000,25.000,21.167,10.908,665.53
1296.00,5.000,16.703,5.797,5.797,0.000,0.000,1.0000,25.000,21.198,10.905,665.36
1301.00,5.000,16.696,5.793,5.793,0.000,0.000,1.0000,25.000,21.228,10.903,665.20
1306.00,5.000,16.690,5.789,5.789,0.000,0.000,1.0000,25.000,21.259,10.901,665.03
1311.00,5.000,16.683,5.785,5.785,0.000,0.000,1.0000,25.000,21.289,10.899,664.87
1316.00,5.000,16.677,5.781,5.781,0.000,0.000,1.0000,25.000,21.320,10.896,664.70
1321.00,5.000,16.671,5.777,5.777,0.000,0.000,1.0000,25.000,21.350,10.894,664.52
1326.00,5.000,16.664,5.772,5.772,0.000,0.000,1.0000,25.000,21.381,10.892,664.35
1331.00,5.000,16.658,5.768,5.768,0.000,0.000,1.0000,25.000,21.412,10.890,664.17
1336.00,5.000,16.652,5.764,5.764,0.000,0.000,1.0000,25.000,21.442,10.887,663.99
1341.00,5.000,16.645,5.760,5.760,0.000,0.000,1.0000,25.000,21.472,10.885,663.80
1346.00,5.000,16.639,5.756,5.756,0.000,0.000,1.0000,25.000,21.503,10.883,663.62
1351.00,5.000,16.632,5.752,5.752,0.000,0.000,1.0000,25.000,21.533,10.881,663.43
1356.00,5.000,16.626,5.747,5.747,0.000,0.000,1.0000,25.000,21.564,10.879,663.24
1361.00,5.000,16.620,5.743,5.743,0.000,0.000,1.0000,25.000,21.594,10.876,663.04
1366.00,5.000,16.613,5.739,5.739,0.000,0.000,1.0000,25.000,21.625,10.874,662.85
1371.00,5.000,16.607,5.735,5.735,0.000,0.000,1.0000,25.000,21.655,10.872,662.65
1376.00,5.000,16.601,5.731,5.731,0.000,0.000,1.0000,25.000,21.685,10.870,662.45
1381.00,5.000,16.594,5.726,5.726,0.000,0.000,1.0000,25.000,21.716,10.868,662.25
1386.00,5.000,16.588,5.722,5.722,0.000,0.000,1.0000,25.000,21.746,10.866,662.04
1391.00,5.000,16.581,5.718,5.718,0.000,0.000,1.0000,25.000,21.776,10.864,661.84
1396.00,5.000,16.575,5.714,5.714,0.000,0.000,1.0000,25.000,21.807,10.861,661.63
1401.00,5.000,16.569,5.709,5.709,0.000,0.000,1.0000,25.000,21.837,10.859,661.41
1406.00,5.000,16.562,5.705,5.705,0.000,0.000,1.0000,25.000,21.867,10.857,661.20
1411.00,5.000,16.556,5.701,5.701,0.000,0.000,1.0000,25.000,21.898,10.855,660.98
1416.00,5.000,16.550,5.697,5.697,0.000,0.000,1.0000,25.000,21.928,10.853,660.76
1421.00,5.000,16.543,5.692,5.692,0.000,0.000,1.0000,25.000,21.958,10.851,660.54
1426.00,5.000,16.537,5.688,5.688,0.000,0.000,1.0000,25.000,21.988,10.849,660.32
1431.00,5.000,16.530,5.684,5.684,0.000,0.000,1.0000,25.000,22.019,10.847,660.09
1436.00,5.000,16.524,5.680,5.680,0.000,0.000,1.0000,25.000,22.049,10.844,659.87
1441.00,5.000,16.518,5.675,5.675,0.000,0.000,1.0000,25.000,22.079,10.842,659.63
1446.00,5.000,16.511,5.671,5.671,0.000,0.000,1.0000,25.000,22.109,10.840,659.40
1451.00,5.000,16.505,5.667,5.667,0.000,0.000,1.0000,25.000,22.139,10.838,659.17
1456.00,5.000,16.499,5.662,5.662,0.000,0.000,1.0000,25.000,22.169,10.836,658.93
1461.00,5.000,16.492,5.658,5.658,0.000,0.000,1.0000,25.000,22.200,10.834,658.69
1466.00,5.000,16.486,5.654,5.654,0.000,0.000,1.0000,25.000,22.230,10.832,658.45
1471.00,5.000,16.479,5.650,5.650,0.000,0.000,1.0000,25.000,22.260,10.830,658.20
1476.00,5.000,16.473,5.645,5.645,0.000,0.000,1.0000,25.000,22.290,10.828,657.96
1481.00,5.000,16.467,5.641,5.641,0.000,0.000,1.0000,25.000,22.320,10.826,657.71
1486.00,5.000,16.460,5.637,5.637,0.000,0.000,1.0000,25.000,22.350,10.824,657.46
1491.00,5.000,16.454,5.632,5.632,0.000,0.000,1.0000,25.000,22.380,10.822,657.21
1496.00,5.000,16.448,5.628,5.628,0.000,0.000,1.0000,25.000,22.410,10.820,656.95
1501.00,5.000,16.441,5.624,5.624,0.000,0.000,1.0000,25.000,22.440,10.818,656.70
1506.00,5.000,16.435,5.619,5.619,0.000,0.000,1.0000,25.000,22.470,10.816,656.44
1511.00,5.000,16.428,5.615,5.615,0.000,0.000,1.0000,25.000,22.500,10.814,656.18
1516.00,5.000,16.422,5.610,5.610,0.000,0.000,1.0000,25.000,22.530,10.812,655.91
1521.00,5.000,16.416,5.606,5.606,0.000,0.000,1.0000,25.000,22.560,10.810,655.65
1526.00,5.000,16.409,5.602,5.602,0.000,0.000,1.0000,25.000,22.590,10.808,655.38
1531.00,5.000,16.403,5.597,5.597,0.000,0.000,1.0000,25.000,22.620,10.806,655.11
1536.00,5.000,16.397,5.593,5.593,0.000,0.000,1.0000,25.000,22.650,10.804,654.84
1541.00,5.000,16.390,5.589,5.589,0.000,0.000,1.0000,25.000,22.680,10.802,654.56
1546.00,5.000,16.384,5.584,5.584,0.000,0.000,1.0000,25.000,22.710,10.800,654.29
1551.00,5.000,16.377,5.580,5.580,0.000,0.000,1.0000,25.000,22.739,10.798,654.01
1556.00,5.000,16.371,5.575,5.575,0.000,0.000,1.0000,25.000,22.769,10.796,653.73
1561.00,5.000,16.365,5.571,5.571,0.000,0.000,1.0000,25.000,22.799,10.794,653.45
1566.00,5.000,16.358,5.567,5.567,0.000,0.000,1.0000,25.000,22.829,10.792,653.16
1571.00,5.000,16.352,5.562,5.562,0.000,0.000,1.0000,25.000,22.859,10.790,652.88
1576.00,5.000,16.346,5.558,5.558,0.000,0.000,1.0000,25.000,22.889,10.788,652.59
1581.00,5.000,16.339,5.553,5.553,0.000,0.000,1.0000,25.000,22.918,10.786,652.30
1586.00,5.000,16.333,5.549,5.549,0.000,0.000,1.0000,25.000,22.948,10.784,652.01
1591.00,5.000,16.327,5.545,5.545,0.000,0.000,1.0000,25.000,22.978,10.782,651.71
1596.00,5.000,16.320,5.540,5.540,0.000,0.000,1.0000,25.000,23.008,10.780,651.42
1601.00,5.000,16.314,5.536,5.536,0.000,0.000,1.0000,25.000,23.037,10.778,651.12
1606.00,5.000,16.308,5.531,5.531,0.000,0.000,1.0000,25.000,23.067,10.776,650.82
1611.00,5.000,16.301,5.527,5.527,0.000,0.000,1.0000,25.000,23.097,10.774,650.52
1616.00,5.000,16.295,5.522,5.522,0.000,0.000,1.0000,25.000,23.127,10.772,650.21
1621.00,5.000,16.288,5.518,5.518,0.000,0.000,1.0000,25.000,23.156,10.770,649.91
1626.00,5.000,16.282,5.514,5.514,0.000,0.000,1.0000,25.000,23.186,10.769,649.60
1631.00,5.000,16.276,5.509,5.509,0.000,0.000,1.0000,25.000,23.216,10.767,649.29
1636.00,5.000,16.269,5.505,5.505,0.000,0.000,1.0000,25.000,23.245,10.765,648.98
1641.00,5.000,16.263,5.500,5.500,0.000,0.000,1.0000,25.000,23.275,10.763,648.66
1646.00,5.000,16.257,5.496,5.496,0.000,0.000,1.0000,25.000,23.304,10.761,648.35
1651.00,5.000,16.250,5.491,5.491,0.000,0.000,1.0000,25.000,23.334,10.759,648.03
1656.00,5.000,16.244,5.487,5.487,0.000,0.000,1.0000,25.000,23.364,10.757,647.71
1661.00,5.000,16.238,5.482,5.482,0.000,0.000,1.0000,25.000,23.393,10.755,647.39
1666.00,5.000,16.231,5.478,5.478,0.000,0.000,1.0000,25.000,23.423,10.753,647.06
1671.00,5.000,16.225,5.473,5.473,0.000,0.000,1.0000,25.000,23.452,10.752,646.74
1676.00,5.000,16.219,5.469,5.469,0.000,0.000,1.0000,25.000,23.482,10.750,646.41
1681.00,5.000,16.212,5.464,5.464,0.000,0.000,1.0000,25.000,23.511,10.748,646.08
1686.00,5.000,16.206,5.460,5.460,0.000,0.000,1.0000,25.000,23.541,10.746,645.75
1691.00,5.000,16.200,5.455,5.455,0.000,0.000,1.0000,25.000,23.570,10.744,645.42
1696.00,5.000,16.193,5.451,5.451,0.000,0.000,1.0000,25.000,23.600,10.742,645.09
1701.00,5.000,16.187,5.446,5.446,0.000,0.000,1.0000,25.000,23.629,10.741,644.75
1706.00,5.000,16.181,5.442,5.442,0.000,0.000,1.0000,25.000,23.659,10.739,644.41
1711.00,5.000,16.174,5.437,5.437,0.000,0.000,1.0000,25.000,23.688,10.737,644.07
1716.00,5.000,16.168,5.433,5.433,0.000,0.000,1.0000,25.000,23.717,10.735,643.73
1721.00,5.000,16.162,5.428,5.428,0.000,0.000,1.0000,25.000,23.747,10.733,643.39
1726.00,5.000,16.155,5.424,5.424,0.000,0.000,1.0000,25.000,23.776,10.731,643.04
1731.00,5.000,16.149,5.419,5.419,0.000,0.000,1.0000,25.000,23.805,10.730,642.70
1736.00,5.000,16.143,5.415,5.415,0.000,0.000,1.0000,25.000,23.835,10.728,642.35
1741.00,5.000,16.136,5.410,5.410,0.000,0.000,1.0000,25.000,23.864,10.726,642.00
1746.00,5.000,16.130,5.406,5.406,0.000,0.000,1.0000,25.000,23.893,10.724,641.64
1751.00,5.000,16.124,5.401,5.401,0.000,0.000,1.0000,25.000,23.923,10.723,641.29
1756.00,5.000,16.117,5.397,5.397,0.000,0.000,1.0000,25.000,23.952,10.721,640.94
1761.00,5.000,16.111,5.392,5.392,0.000,0.000,1.0000,25.000,23.981,10.719,640.58
1766.00,5.000,16.105,5.388,5.388,0.000,0.000,1.0000,25.000,24.011,10.717,640.22
1771.00,5.000,16.098,5.383,5.383,0.000,0.000,1.0000,25.000,24.040,10.715,639.86
1776.00,5.000,16.092,5.378,5.378,0.000,0.000,1.0000,25.000,24.069,10.714,639.50
1781.00,5.000,16.086,5.374,5.374,0.000,0.000,1.0000,25.000,24.098,10.712,639.13
1786.00,5.000,16.080,5.369,5.369,0.000,0.000,1.0000,25.000,24.127,10.710,638.77
1791.00,5.000,16.073,5.365,5.365,0.000,0.000,1.0000,25.000,24.157,10.708,638.40
1796.00,5.000,16.067,5.360,5.360,0.000,0.000,1.0000,25.000,24.186,10.707,638.03
1801.00,5.000,16.061,5.356,5.356,0.000,0.000,1.0000,25.000,24.215,10.705,637.66
1806.00,5.000,16.054,5.351,5.351,0.000,0.000,1.0000,25.000,24.244,10.703,637.29
1811.00,5.000,16.048,5.347,5.347,0.000,0.000,1.0000,25.000,24.273,10.701,636.91
1816.00,5.000,16.042,5.342,5.342,0.000,0.000,1.0000,25.000,24.302,10.700,636.54
1821.00,5.000,16.035,5.337,5.337,0.000,0.000,1.0000,25.000,24.331,10.698,636.16
1826.00,5.000,16.029,5.333,5.333,0.000,0.000,1.0000,25.000,24.361,10.696,635.78
1831.00,5.000,16.023,5.328,5.328,0.000,0.000,1.0000,25.000,24.390,10.695,635.40
1836.00,5.000,16.017,5.324,5.324,0.000,0.000,1.0000,25.000,24.419,10.693,635.02
1841.00,5.000,16.010,5.319,5.319,0.000,0.000,1.0000,25.000,24.448,10.691,634.64
1846.00,5.000,16.004,5.314,5.314,0.000,0.000,1.0000,25.000,24.477,10.689,634.25
1851.00,5.000,15.998,5.310,5.310,0.000,0.000,1.0000,25.000,24.506,10.688,633.86
1856.00,5.000,15.991,5.305,5.305,0.000,0.000,1.0000,25.000,24.535,10.686,633.48
1861.00,5.000,15.985,5.301,5.301,0.000,0.000,1.0000,25.000,24.564,10.684,633.09
1866.00,5.000,15.979,5.296,5.296,0.000,0.000,1.0000,25.000,24.593,10.683,632.70
1871.00,5.000,15.973,5.291,5.291,0.000,0.000,1.0000,25.000,24.622,10.681,632.30
1876.00,5.000,15.966,5.287,5.287,0.000,0.000,1.0000,25.000,24.651,10.679,631.91
1881.00,5.000,15.960,5.282,5.282,0.000,0.000,1.0000,25.000,24.679,10.678,631.51
1886.00,5.000,15.954,5.278,5.278,0.000,0.000,1.0000,25.000,24.708,10.676,631.11
1891.00,5.000,15.947,5.273,5.273,0.000,0.000,1.0000,25.000,24.737,10.674,630.72
1896.00,5.000,15.941,5.268,5.268,0.000,0.000,1.0000,25.000,24.766,10.673,630.32
1901.00,5.000,15.935,5.264,5.264,0.000,0.000,1.0000,25.000,24.795,10.671,629.91
1906.00,5.000,15.929,5.259,5.259,0.000,0.000,1.0000,25.000,24.824,10.669,629.51
1911.00,5.000,15.922,5.255,5.255,0.000,0.000,1.0000,25.000,24.853,10.668,629.11
1916.00,5.000,15.916,5.250,5.250,0.000,0.000,1.0000,25.000,24.882,10.666,628.70
1921.00,5.000,15.910,5.245,5.245,0.000,0.000,1.0000,25.000,24.910,10.664,628.29
1926.00,5.000,15.904,5.241,5.241,0.000,0.000,1.0000,25.000,24.939,10.663,627.88
1931.00,5.000,15.897,5.236,5.236,0.000,0.000,1.0000,25.000,24.968,10.661,627.47
1936.00,5.000,15.891,5.232,5.232,0.000,0.000,1.0000,25.000,24.997,10.660,627.06
1941.00,5.000,15.885,5.227,5.227,0.000,0.000,1.0000,25.000,25.025,10.658,626.65
1946.00,5.000,15.879,5.222,5.222,0.000,0.000,1.0000,25.000,25.054,10.656,626.23
1951.00,5.000,15.872,5.218,5.218,0.000,0.000,1.0000,25.000,25.083,10.655,625.81
1956.00,5.000,15.866,5.213,5.213,0.000,0.000,1.0000,25.000,25.112,10.653,625.40
1961.00,5.000,15.860,5.208,5.208,0.000,0.000,1.0000,25.000,25.140,10.652,624.98
1966.00,5.000,15.854,5.204,5.204,0.000,0.000,1.0000,25.000,25.169,10.650,624.56
1971.00,5.000,15.847,5.199,5.199,0.000,0.000,1.0000,25.000,25.198,10.648,624.13
1976.00,5.000,15.841,5.194,5.194,0.000,0.000,1.0000,25.000,25.226,10.647,623.71
1981.00,5.000,15.835,5.190,5.190,0.000,0.000,1.0000,25.000,25.255,10.645,623.29
1986.00,5.000,15.829,5.185,5.185,0.000,0.000,1.0000,25.000,25.284,10.644,622.86
1991.00,5.000,15.822,5.180,5.180,0.000,0.000,1.0000,25.000,25.312,10.642,622.43
1996.00,5.000,15.816,5.176,5.176,0.000,0.000,1.0000,25.000,25.341,10.640,622.00
2001.00,5.000,15.810,5.171,5.171,0.000,0.000,1.0000,25.000,25.369,10.639,621.57
2006.00,5.000,15.804,5.167,5.167,0.000,0.000,1.0000,25.000,25.398,10.637,621.14
2011.00,5.000,15.798,5.162,5.162,0.000,0.000,1.0000,25.000,25.426,10.636,620.71
2016.00,5.000,15.791,5.157,5.157,0.000,0.000,1.0000,25.000,25.455,10.634,620.28
2021.00,5.000,15.785,5.153,5.153,0.000,0.000,1.0000,25.000,25.483,10.633,619.84
2026.00,5.000,15.779,5.148,5.148,0.000,0.000,1.0000,25.000,25.512,10.631,619.40
2031.00,5.000,15.773,5.143,5.143,0.000,0.000,1.0000,25.000,25.540,10.630,618.97
2036.00,5.000,15.767,5.139,5.139,0.000,0.000,1.0000,25.000,25.569,10.628,618.53
2041.00,5.000,15.760,5.134,5.134,0.000,0.000,1.0000,25.000,25.597,10.626,618.09
2046.00,5.000,15.754,5.129,5.129,0.000,0.000,1.0000,25.000,25.626,10.625,617.64
2051.00,5.000,15.748,5.125,5.125,0.000,0.000,1.0000,25.000,25.654,10.623,617.20
2056.00,5.000,15.742,5.120,5.120,0.000,0.000,1.0000,25.000,25.683,10.622,616.76
2061.00,5.000,15.736,5.115,5.115,0.000,0.000,1.0000,25.000,25.711,10.620,616.31
2066.00,5.000,15.729,5.111,5.111,0.000,0.000,1.0000,25.000,25.740,10.619,615.86
2071.00,5.000,15.723,5.106,5.106,0.000,0.000,1.0000,25.000,25.768,10.617,615.42
2076.00,5.000,15.717,5.101,5.101,0.000,0.000,1.0000,25.000,25.796,10.616,614.97
2081.00,5.000,15.711,5.097,5.097,0.000,0.000,1.0000,25.000,25.825,10.614,614.52
2086.00,5.000,15.705,5.092,5.092,0.000,0.000,1.0000,25.000,25.853,10.613,614.06
2091.00,5.000,15.698,5.087,5.087,0.000,0.000,1.0000,25.000,25.881,10.611,613.61
2096.00,5.000,15.692,5.083,5.083,0.000,0.000,1.0000,25.000,25.910,10.610,613.16
2101.00,5.000,15.686,5.078,5.078,0.000,0.000,1.0000,25.000,25.938,10.608,612.70
2106.00,5.000,15.680,5.073,5.073,0.000,0.000,1.0000,25.000,25.966,10.607,612.25
2111.00,5.000,15.674,5.069,5.069,0.000,0.000,1.0000,25.000,25.994,10.605,611.79
2116.00,5.000,15.668,5.064,5.064,0.000,0.000,1.0000,25.000,26.023,10.604,611.33
2121.00,5.000,15.661,5.059,5.059,0.000,0.000,1.0000,25.000,26.051,10.602,610.87
2126.00,5.000,15.655,5.054,5.054,0.000,0.000,1.0000,25.000,26.079,10.601,610.41
2131.00,5.000,15.649,5.050,5.050,0.000,0.000,1.0000,25.000,26.107,10.599,609.95
2136.00,5.000,15.643,5.045,5.045,0.000,0.000,1.0000,25.000,26.135,10.598,609.48
2141.00,5.000,15.637,5.040,5.040,0.000,0.000,1.0000,25.000,26.164,10.596,609.02
2146.00,5.000,15.631,5.036,5.036,0.000,0.000,1.0000,25.000,26.192,10.595,608.55
2151.00,5.000,15.625,5.031,5.031,0.000,0.000,1.0000,25.000,26.220,10.594,608.09
2156.00,5.000,15.618,5.026,5.026,0.000,0.000,1.0000,25.000,26.248,10.592,607.62
2161.00,5.000,15.612,5.022,5.022,0.000,0.000,1.0000,25.000,26.276,10.591,607.15
2166.00,5.000,15.606,5.017,5.017,0.000,0.000,1.0000,25.000,26.304,10.589,606.68
2171.00,5.000,15.600,5.012,5.012,0.000,0.000,1.0000,25.000,26.332,10.588,606.21
2176.00,5.000,15.594,5.008,5.008,0.000,0.000,1.0000,25.000,26.360,10.586,605.73
2181.00,5.000,15.588,5.003,5.003,0.000,0.000,1.0000,25.000,26.388,10.585,605.26
2186.00,5.000,15.582,4.998,4.998,0.000,0.000,1.0000,25.000,26.416,10.583,604.79
2191.00,5.000,15.576,4.994,4.994,0.000,0.000,1.0000,25.000,26.444,10.582,604.31
2196.00,5.000,15.569,4.989,4.989,0.000,0.000,1.0000,25.000,26.472,10.581,603.83
2201.00,5.000,15.563,4.984,4.984,0.000,0.000,1.0000,25.000,26.500,10.579,603.36
2206.00,5.000,15.557,4.979,4.979,0.000,0.000,1.0000,25.000,26.528,10.578,602.88
2211.00,5.000,15.551,4.975,4.975,0.000,0.000,1.0000,25.000,26.556,10.576,602.40
2216.00,5.000,15.545,4.970,4.970,0.000,0.000,1.0000,25.000,26.584,10.575,601.92
2221.00,5.000,15.539,4.965,4.965,0.000,0.000,1.0000,25.000,26.612,10.574,601.44
2226.00,5.000,15.533,4.961,4.961,0.000,0.000,1.0000,25.000,26.640,10.572,600.95
2231.00,5.000,15.527,4.956,4.956,0.000,0.000,1.0000,25.000,26.668,10.571,600.47
2236.00,5.000,15.521,4.951,4.951,0.000,0.000,1.0000,25.000,26.696,10.569,599.98
2241.00,5.000,15.514,4.947,4.947,0.000,0.000,1.0000,25.000,26.724,10.568,599.50
2246.00,5.000,15.508,4.942,4.942,0.000,0.000,1.0000,25.000,26.752,10.567,599.01
2251.00,5.000,15.502,4.937,4.937,0.000,0.000,1.0000,25.000,26.780,10.565,598.52
2256.00,5.000,15.496,4.932,4.932,0.000,0.000,1.0000,25.000,26.807,10.564,598.03
2261.00,5.000,15.490,4.928,4.928,0.000,0.000,1.0000,25.000,26.835,10.562,597.54
2266.00,5.000,15.484,4.923,4.923,0.000,0.000,1.0000,25.000,26.863,10.561,597.05
2271.00,5.000,15.478,4.918,4.918,0.000,0.000,1.0000,25.000,26.891,10.560,596.56
2276.00,5.000,15.472,4.914,4.914,0.000,0.000,1.0000,25.000,26.919,10.558,596.07
2281.00,5.000,15.466,4.909,4.909,0.000,0.000,1.0000,25.000,26.946,10.557,595.58
2286.00,5.000,15.460,4.904,4.904,0.000,0.000,1.0000,25.000,26.974,10.556,595.08
2291.00,5.000,15.454,4.900,4.900,0.000,0.000,1.0000,25.000,27.002,10.554,594.59
2296.00,5.000,15.448,4.895,4.895,0.000,0.000,1.0000,25.000,27.029,10.553,594.09
2301.00,5.000,15.442,4.890,4.890,0.000,0.000,1.0000,25.000,27.057,10.551,593.59
2306.00,5.000,15.436,4.885,4.885,0.000,0.000,1.0000,25.000,27.085,10.550,593.09
2311.00,5.000,15.430,4.881,4.881,0.000,0.000,1.0000,25.000,27.112,10.549,592.59
2316.00,5.000,15.423,4.876,4.876,0.000,0.000,1.0000,25.000,27.140,10.547,592.09
2321.00,5.000,15.417,4.871,4.871,0.000,0.000,1.0000,25.000,27.168,10.546,591.59
2326.00,5.000,15.411,4.867,4.867,0.000,0.000,1.0000,25.000,27.195,10.545,591.09
2331.00,5.000,15.405,4.862,4.862,0.000,0.000,1.0000,25.000,27.223,10.543,590.59
2336.00,5.000,15.399,4.857,4.857,0.000,0.000,1.0000,25.000,27.251,10.542,590.08
2341.00,5.000,15.393,4.853,4.853,0.000,0.000,1.0000,25.000,27.278,10.541,589.58
2346.00,5.000,15.387,4.848,4.848,0.000,0.000,1.0000,25.000,27.306,10.539,589.07
2351.00,5.000,15.381,4.843,4.843,0.000,0.000,1.0000,25.000,27.333,10.538,588.57
2356.00,5.000,15.375,4.838,4.838,0.000,0.000,1.0000,25.000,27.361,10.537,588.06
2361.00,5.000,15.369,4.834,4.834,0.000,0.000,1.0000,25.000,27.388,10.536,587.55
2366.00,5.000,15.363,4.829,4.829,0.000,0.000,1.0000,25.000,27.416,10.534,587.04
2371.00,5.000,15.357,4.824,4.824,0.000,0.000,1.0000,25.000,27.443,10.533,586.53
2376.00,5.000,15.351,4.820,4.820,0.000,0.000,1.0000,25.000,27.471,10.532,586.02
2381.00,5.000,15.345,4.815,4.815,0.000,0.000,1.0000,25.000,27.498,10.530,585.51
2386.00,5.000,15.339,4.810,4.810,0.000,0.000,1.0000,25.000,27.526,10.529,585.00
2391.00,5.000,15.333,4.805,4.805,0.000,0.000,1.0000,25.000,27.553,10.528,584.49
2396.00,5.000,15.327,4.801,4.801,0.000,0.000,1.0000,25.000,27.581,10.526,583.97
2401.00,5.000,15.321,4.796,4.796,0.000,0.000,1.0000,25.000,27.608,10.525,583.46
2406.00,5.000,15.315,4.791,4.791,0.000,0.000,1.0000,25.000,27.635,10.524,582.94
2411.00,5.000,15.309,4.787,4.787,0.000,0.000,1.0000,25.000,27.663,10.523,582.43
2416.00,5.000,15.303,4.782,4.782,0.000,0.000,1.0000,25.000,27.690,10.521,581.91
2421.00,5.000,15.297,4.777,4.777,0.000,0.000,1.0000,25.000,27.717,10.520,581.39
2426.00,5.000,15.291,4.773,4.773,0.000,0.000,1.0000,25.000,27.745,10.519,580.88
2431.00,5.000,15.285,4.768,4.768,0.000,0.000,1.0000,25.000,27.772,10.518,580.36
2436.00,5.000,15.279,4.763,4.763,0.000,0.000,1.0000,25.000,27.799,10.516,579.84
2441.00,5.000,15.273,4.758,4.758,0.000,0.000,1.0000,25.000,27.827,10.515,579.32
2446.00,5.000,15.268,4.754,4.754,0.000,0.000,1.0000,25.000,27.854,10.514,578.79
2451.00,5.000,15.262,4.749,4.749,0.000,0.000,1.0000,25.000,27.881,10.513,578.27
2456.00,5.000,15.256,4.744,4.744,0.000,0.000,1.0000,25.000,27.908,10.511,577.75
2461.00,5.000,15.250,4.740,4.740,0.000,0.000,1.0000,25.000,27.936,10.510,577.23
2466.00,5.000,15.244,4.735,4.735,0.000,0.000,1.0000,25.000,27.963,10.509,576.70
2471.00,5.000,15.238,4.730,4.730,0.000,0.000,1.0000,25.000,27.990,10.508,576.18
2476.00,5.000,15.232,4.726,4.726,0.000,0.000,1.0000,25.000,28.017,10.506,575.65
2481.00,5.000,15.226,4.721,4.721,0.000,0.000,1.0000,25.000,28.044,10.505,575.12
2486.00,5.000,15.220,4.716,4.716,0.000,0.000,1.0000,25.000,28.072,10.504,574.60
2491.00,5.000,15.214,4.711,4.711,0.000,0.000,1.0000,25.000,28.099,10.503,574.07
2496.00,5.000,15.208,4.707,4.707,0.000,0.000,1.0000,25.000,28.126,10.501,573.54
2501.00,5.000,15.202,4.702,4.702,0.000,0.000,1.0000,25.000,28.153,10.500,573.01
2506.00,5.000,15.196,4.697,4.697,0.000,0.000,1.0000,25.000,28.180,10.499,572.48
2511.00,5.000,15.190,4.693,4.693,0.000,0.000,1.0000,25.000,28.207,10.498,571.95
2516.00,5.000,15.185,4.688,4.688,0.000,0.000,1.0000,25.000,28.234,10.497,571.42
2521.00,5.000,15.179,4.683,4.683,0.000,0.000,1.0000,25.000,28.261,10.495,570.89
2526.00,5.000,15.173,4.679,4.679,0.000,0.000,1.0000,25.000,28.288,10.494,570.36
2531.00,5.000,15.167,4.674,4.674,0.000,0.000,1.0000,25.000,28.315,10.493,569.82
2536.00,5.000,15.161,4.669,4.669,0.000,0.000,1.0000,25.000,28.342,10.492,569.29
2541.00,5.000,15.155,4.665,4.665,0.000,0.000,1.0000,25.000,28.369,10.490,568.75
2546.00,5.000,15.149,4.660,4.660,0.000,0.000,1.0000,25.000,28.396,10.489,568.22
2551.00,5.000,15.143,4.655,4.655,0.000,0.000,1.0000,25.000,28.423,10.488,567.68
2556.00,5.000,15.137,4.651,4.651,0.000,0.000,1.0000,25.000,28.450,10.487,567.15
2561.00,5.000,15.132,4.646,4.646,0.000,0.000,1.0000,25.000,28.477,10.486,566.61
2566.00,5.000,15.126,4.641,4.641,0.000,0.000,1.0000,25.000,28.504,10.485,566.07
2571.00,5.000,15.120,4.636,4.636,0.000,0.000,1.0000,25.000,28.531,10.483,565.54
2576.00,5.000,15.114,4.632,4.632,0.000,0.000,1.0000,25.000,28.558,10.482,565.00
2581.00,5.000,15.108,4.627,4.627,0.000,0.000,1.0000,25.000,28.585,10.481,564.46
2586.00,5.000,15.102,4.622,4.622,0.000,0.000,1.0000,25.000,28.611,10.480,563.92
2591.00,5.000,15.096,4.618,4.618,0.000,0.000,1.0000,25.000,28.638,10.479,563.38
2596.00,5.000,15.091,4.613,4.613,0.000,0.000,1.0000,25.000,28.665,10.478,562.84
2601.00,5.000,15.085,4.608,4.608,0.000,0.000,1.0000,25.000,28.692,10.476,562.29
2606.00,5.000,15.079,4.604,4.604,0.000,0.000,1.0000,25.000,28.719,10.475,561.75
2611.00,5.000,15.073,4.599,4.599,0.000,0.000,1.0000,25.000,28.745,10.474,561.21
2616.00,5.000,15.067,4.594,4.594,0.000,0.000,1.0000,25.000,28.772,10.473,560.67
2621.00,5.000,15.061,4.590,4.590,0.000,0.000,1.0000,25.000,28.799,10.472,560.12
2626.00,5.000,15.056,4.585,4.585,0.000,0.000,1.0000,25.000,28.826,10.471,559.58
2631.00,5.000,15.050,4.580,4.580,0.000,0.000,1.0000,25.000,28.852,10.469,559.03
2636.00,5.000,15.044,4.576,4.576,0.000,0.000,1.0000,25.000,28.879,10.468,558.49
2641.00,5.000,15.038,4.571,4.571,0.000,0.000,1.0000,25.000,28.906,10.467,557.94
2646.00,5.000,15.032,4.566,4.566,0.000,0.000,1.0000,25.000,28.932,10.466,557.40
2651.00,5.000,15.027,4.562,4.562,0.000,0.000,1.0000,25.000,28.959,10.465,556.85
2656.00,5.000,15.021,4.557,4.557,0.000,0.000,1.0000,25.000,28.986,10.464,556.30
2661.00,5.000,15.015,4.552,4.552,0.000,0.000,1.0000,25.000,29.012,10.463,555.75
2666.00,5.000,15.009,4.548,4.548,0.000,0.000,1.0000,25.000,29.039,10.462,555.21
2671.00,5.000,15.003,4.543,4.543,0.000,0.000,1.0000,25.000,29.066,10.460,554.66
2676.00,5.000,14.998,4.538,4.538,0.000,0.000,1.0000,25.000,29.092,10.459,554.11
2681.00,5.000,14.992,4.534,4.534,0.000,0.000,1.0000,25.000,29.119,10.458,553.56
2686.00,5.000,14.986,4.529,4.529,0.000,0.000,1.0000,25.000,29.145,10.457,553.01
2691.00,5.000,14.980,4.524,4.524,0.000,0.000,1.0000,25.000,29.172,10.456,552.46
2696.00,5.000,14.975,4.520,4.520,0.000,0.000,1.0000,25.000,29.198,10.455,551.90
2701.00,5.000,14.969,4.515,4.515,0.000,0.000,1.0000,25.000,29.225,10.454,551.35
2706.00,5.000,14.963,4.510,4.510,0.000,0.000,1.0000,25.000,29.251,10.453,550.80
2711.00,5.000,14.957,4.506,4.506,0.000,0.000,1.0000,25.000,29.278,10.452,550.25
2716.00,5.000,14.951,4.501,4.501,0.000,0.000,1.0000,25.000,29.304,10.450,549.69
2721.00,5.000,14.946,4.496,4.496,0.000,0.000,1.0000,25.000,29.331,10.449,549.14
2726.00,5.000,14.940,4.492,4.492,0.000,0.000,1.0000,25.000,29.357,10.448,548.59
2731.00,5.000,14.934,4.487,4.487,0.000,0.000,1.0000,25.000,29.384,10.447,548.03
2736.00,5.000,14.929,4.482,4.482,0.000,0.000,1.0000,25.000,29.410,10.446,547.48
2741.00,5.000,14.923,4.478,4.478,0.000,0.000,1.0000,25.000,29.436,10.445,546.92
2746.00,5.000,14.917,4.473,4.473,0.000,0.000,1.0000,25.000,29.463,10.444,546.37
2751.00,5.000,14.911,4.469,4.469,0.000,0.000,1.0000,25.000,29.489,10.443,545.81
2756.00,5.000,14.906,4.464,4.464,0.000,0.000,1.0000,25.000,29.515,10.442,545.25
2761.00,5.000,14.900,4.459,4.459,0.000,0.000,1.0000,25.000,29.542,10.441,544.70
2766.00,5.000,14.894,4.455,4.455,0.000,0.000,1.0000,25.000,29.568,10.440,544.14
2771.00,5.000,14.889,4.450,4.450,0.000,0.000,1.0000,25.000,29.594,10.439,543.58
2776.00,5.000,14.883,4.445,4.445,0.000,0.000,1.0000,25.000,29.621,10.437,543.02
2781.00,5.000,14.877,4.441,4.441,0.000,0.000,1.0000,25.000,29.647,10.436,542.47
2786.00,5.000,14.871,4.436,4.436,0.000,0.000,1.0000,25.000,29.673,10.435,541.91
2791.00,5.000,14.866,4.431,4.431,0.000,0.000,1.0000,25.000,29.699,10.434,541.35
2796.00,5.000,14.860,4.427,4.427,0.000,0.000,1.0000,25.000,29.726,10.433,540.79
2801.00,5.000,14.854,4.422,4.422,0.000,0.000,1.0000,25.000,29.752,10.432,540.23
2806.00,5.000,14.849,4.418,4.418,0.000,0.000,1.0000,25.000,29.778,10.431,539.67
2811.00,5.000,14.843,4.413,4.413,0.000,0.000,1.0000,25.000,29.804,10.430,539.11
2816.00,5.000,14.837,4.408,4.408,0.000,0.000,1.0000,25.000,29.830,10.429,538.55
2821.00,5.000,14.832,4.404,4.404,0.000,0.000,1.0000,25.000,29.857,10.428,537.98
2826.00,5.000,14.826,4.399,4.399,0.000,0.000,1.0000,25.000,29.883,10.427,537.42
2831.00,5.000,14.820,4.394,4.394,0.000,0.000,1.0000,25.000,29.909,10.426,536.86
2836.00,5.000,14.815,4.390,4.390,0.000,0.000,1.0000,25.000,29.935,10.425,536.30
2841.00,5.000,14.809,4.385,4.385,0.000,0.000,1.0000,25.000,29.961,10.424,535.74
2846.00,5.000,14.803,4.381,4.381,0.000,0.000,1.0000,25.000,29.987,10.423,535.17
2851.00,5.000,14.798,4.376,4.376,0.000,0.000,1.0000,25.000,30.013,10.422,534.61
2856.00,5.000,14.792,4.371,4.371,0.000,0.000,1.0000,25.000,30.039,10.421,534.05
2861.00,5.000,14.787,4.367,4.367,0.000,0.000,1.0000,25.000,30.065,10.420,533.48
2866.00,5.000,14.781,4.362,4.362,0.000,0.000,1.0000,25.000,30.091,10.419,532.92
2871.00,5.000,14.775,4.358,4.358,0.000,0.000,1.0000,25.000,30.117,10.418,532.35
2876.00,5.000,14.770,4.353,4.353,0.000,0.000,1.0000,25.000,30.143,10.417,531.79
2881.00,5.000,14.764,4.348,4.348,0.000,0.000,1.0000,25.000,30.169,10.416,531.22
2886.00,5.000,14.758,4.344,4.344,0.000,0.000,1.0000,25.000,30.195,10.415,530.66
2891.00,5.000,14.753,4.339,4.339,0.000,0.000,1.0000,25.000,30.221,10.414,530.09
2896.00,5.000,14.747,4.335,4.335,0.000,0.000,1.0000,25.000,30.247,10.413,529.52
2901.00,5.000,14.742,4.330,4.330,0.000,0.000,1.0000,25.000,30.273,10.412,528.96
2906.00,5.000,14.736,4.325,4.325,0.000,0.000,1.0000,25.000,30.299,10.411,528.39
2911.00,5.000,14.731,4.321,4.321,0.000,0.000,1.0000,25.000,30.325,10.410,527.82
2916.00,5.000,14.725,4.316,4.316,0.000,0.000,1.0000,25.000,30.351,10.409,527.26
2921.00,5.000,14.719,4.312,4.312,0.000,0.000,1.0000,25.000,30.376,10.408,526.69
2926.00,5.000,14.714,4.307,4.307,0.000,0.000,1.0000,25.000,30.402,10.407,526.12
2931.00,5.000,14.708,4.302,4.302,0.000,0.000,1.0000,25.000,30.428,10.406,525.55
2936.00,5.000,14.703,4.298,4.298,0.000,0.000,1.0000,25.000,30.454,10.405,524.99
2941.00,5.000,14.697,4.293,4.293,0.000,0.000,1.0000,25.000,30.480,10.404,524.42
2946.00,5.000,14.692,4.289,4.289,0.000,0.000,1.0000,25.000,30.505,10.403,523.85
2951.00,5.000,14.686,4.284,4.284,0.000,0.000,1.0000,25.000,30.531,10.402,523.28
2956.00,5.000,14.680,4.280,4.280,0.000,0.000,1.0000,25.000,30.557,10.401,522.71
2961.00,5.000,14.675,4.275,4.275,0.000,0.000,1.0000,25.000,30.583,10.400,522.14
2966.00,5.000,14.669,4.270,4.270,0.000,0.000,1.0000,25.000,30.608,10.399,521.57
2971.00,5.000,14.664,4.266,4.266,0.000,0.000,1.0000,25.000,30.634,10.398,521.00
2976.00,5.000,14.658,4.261,4.261,0.000,0.000,1.0000,25.000,30.660,10.397,520.43
2981.00,5.000,14.653,4.257,4.257,0.000,0.000,1.0000,25.000,30.685,10.396,519.86
2986.00,5.000,14.647,4.252,4.252,0.000,0.000,1.0000,25.000,30.711,10.395,519.29
2991.00,5.000,14.642,4.248,4.248,0.000,0.000,1.0000,25.000,30.737,10.394,518.72
2996.00,5.000,14.636,4.243,4.243,0.000,0.000,1.0000,25.000,30.762,10.393,518.15
3001.00,5.000,14.631,4.238,4.238,0.000,0.000,1.0000,25.000,30.788,10.392,517.58
3006.00,5.000,14.625,4.234,4.234,0.000,0.000,1.0000,25.000,30.813,10.391,517.01
3011.00,5.000,14.620,4.229,4.229,0.000,0.000,1.0000,25.000,30.839,10.390,516.44
3016.00,5.000,14.614,4.225,4.225,0.000,0.000,1.0000,25.000,30.865,10.389,515.87
3021.00,5.000,14.609,4.220,4.220,0.000,0.000,1.0000,25.000,30.890,10.388,515.30
3026.00,5.000,14.603,4.216,4.216,0.000,0.000,1.0000,25.000,30.916,10.388,514.72
3031.00,5.000,14.598,4.211,4.211,0.000,0.000,1.0000,25.000,30.941,10.387,514.15
3036.00,5.000,14.592,4.207,4.207,0.000,0.000,1.0000,25.000,30.967,10.386,513.58
3041.00,5.000,14.587,4.202,4.202,0.000,0.000,1.0000,25.000,30.992,10.385,513.01
3046.00,5.000,14.581,4.198,4.198,0.000,0.000,1.0000,25.000,31.018,10.384,512.44
3051.00,5.000,14.576,4.193,4.193,0.000,0.000,1.0000,25.000,31.043,10.383,511.86
3056.00,5.000,14.570,4.189,4.189,0.000,0.000,1.0000,25.000,31.068,10.382,511.29
3061.00,5.000,14.565,4.184,4.184,0.000,0.000,1.0000,25.000,31.094,10.381,510.72
3066.00,5.000,14.560,4.179,4.179,0.000,0.000,1.0000,25.000,31.119,10.380,510.14
3071.00,5.000,14.554,4.175,4.175,0.000,0.000,1.0000,25.000,31.145,10.379,509.57
3076.00,5.000,14.549,4.170,4.170,0.000,0.000,1.0000,25.000,31.170,10.378,509.00
3081.00,5.000,14.543,4.166,4.166,0.000,0.000,1.0000,25.000,31.195,10.377,508.42
3086.00,5.000,14.538,4.161,4.161,0.000,0.000,1.0000,25.000,31.221,10.376,507.85
3091.00,5.000,14.532,4.157,4.157,0.000,0.000,1.0000,25.000,31.246,10.376,507.28
3096.00,5.000,14.527,4.152,4.152,0.000,0.000,1.0000,25.000,31.271,10.375,506.70
3101.00,5.000,14.522,4.148,4.148,0.000,0.000,1.0000,25.000,31.297,10.374,506.13
3106.00,5.000,14.516,4.143,4.143,0.000,0.000,1.0000,25.000,31.322,10.373,505.56
3111.00,5.000,14.511,4.139,4.139,0.000,0.000,1.0000,25.000,31.347,10.372,504.98
3116.00,5.000,14.505,4.134,4.134,0.000,0.000,1.0000,25.000,31.373,10.371,504.41
3121.00,5.000,14.500,4.130,4.130,0.000,0.000,1.0000,25.000,31.398,10.370,503.83
3126.00,5.000,14.495,4.125,4.125,0.000,0.000,1.0000,25.000,31.423,10.369,503.26
3131.00,5.000,14.489,4.121,4.121,0.000,0.000,1.0000,25.000,31.448,10.368,502.69
3136.00,5.000,14.484,4.116,4.116,0.000,0.000,1.0000,25.000,31.473,10.367,502.11
3141.00,5.000,14.478,4.112,4.112,0.000,0.000,1.0000,25.000,31.499,10.367,501.54
3146.00,5.000,14.473,4.107,4.107,0.000,0.000,1.0000,25.000,31.524,10.366,500.96
3151.00,5.000,14.468,4.103,4.103,0.000,0.000,1.0000,25.000,31.549,10.365,500.39
3156.00,5.000,14.462,4.098,4.098,0.000,0.000,1.0000,25.000,31.574,10.364,499.81
3161.00,5.000,14.457,4.094,4.094,0.000,0.000,1.0000,25.000,31.599,10.363,499.24
3166.00,5.000,14.452,4.089,4.089,0.000,0.000,1.0000,25.000,31.624,10.362,498.66
3171.00,5.000,14.446,4.085,4.085,0.000,0.000,1.0000,25.000,31.649,10.361,498.09
3176.00,5.000,14.441,4.080,4.080,0.000,0.000,1.0000,25.000,31.674,10.360,497.51
3181.00,5.000,14.436,4.076,4.076,0.000,0.000,1.0000,25.000,31.699,10.360,496.94
3186.00,5.000,14.430,4.072,4.072,0.000,0.000,1.0000,25.000,31.725,10.359,496.36
3191.00,5.000,14.425,4.067,4.067,0.000,0.000,1.0000,25.000,31.750,10.358,495.79
3196.00,5.000,14.420,4.063,4.063,0.000,0.000,1.0000,25.000,31.775,10.357,495.21
3201.00,5.000,14.414,4.058,4.058,0.000,0.000,1.0000,25.000,31.800,10.356,494.64
3206.00,5.000,14.409,4.054,4.054,0.000,0.000,1.0000,25.000,31.825,10.355,494.06
3211.00,5.000,14.404,4.049,4.049,0.000,0.000,1.0000,25.000,31.849,10.354,493.49
3216.00,5.000,14.398,4.045,4.045,0.000,0.000,1.0000,25.000,31.874,10.354,492.91
3221.00,5.000,14.393,4.040,4.040,0.000,0.000,1.0000,25.000,31.899,10.353,492.34
3226.00,5.000,14.388,4.036,4.036,0.000,0.000,1.0000,25.000,31.924,10.352,491.76
3231.00,5.000,14.382,4.031,4.031,0.000,0.000,1.0000,25.000,31.949,10.351,491.19
3236.00,5.000,14.377,4.027,4.027,0.000,0.000,1.0000,25.000,31.974,10.350,490.61
3241.00,5.000,14.372,4.023,4.023,0.000,0.000,1.0000,25.000,31.999,10.349,490.03
3246.00,5.000,14.367,4.018,4.018,0.000,0.000,1.0000,25.000,32.024,10.348,489.46
3251.00,5.000,14.361,4.014,4.014,0.000,0.000,1.0000,25.000,32.049,10.348,488.88
3256.00,5.000,14.356,4.009,4.009,0.000,0.000,1.0000,25.000,32.073,10.347,488.31
3261.00,5.000,14.351,4.005,4.005,0.000,0.000,1.0000,25.000,32.098,10.346,487.73
3266.00,5.000,14.345,4.000,4.000,0.000,0.000,1.0000,25.000,32.123,10.345,487.16
3271.00,5.000,14.340,3.996,3.996,0.000,0.000,1.0000,25.000,32.148,10.344,486.58
3276.00,5.000,14.335,3.992,3.992,0.000,0.000,1.0000,25.000,32.173,10.343,486.01
3281.00,5.000,14.330,3.987,3.987,0.000,0.000,1.0000,25.000,32.197,10.343,485.43
3286.00,5.000,14.324,3.983,3.983,0.000,0.000,1.0000,25.000,32.222,10.342,484.86
3291.00,5.000,14.319,3.978,3.978,0.000,0.000,1.0000,25.000,32.247,10.341,484.28
3296.00,5.000,14.314,3.974,3.974,0.000,0.000,1.0000,25.000,32.272,10.340,483.71
3301.00,5.000,14.309,3.969,3.969,0.000,0.000,1.0000,25.000,32.296,10.339,483.13
3306.00,5.000,14.304,3.965,3.965,0.000,0.000,1.0000,25.000,32.321,10.339,482.56
3311.00,5.000,14.298,3.961,3.961,0.000,0.000,1.0000,25.000,32.346,10.338,481.98
3316.00,5.000,14.293,3.956,3.956,0.000,0.000,1.0000,25.000,32.370,10.337,481.41
3321.00,5.000,14.288,3.952,3.952,0.000,0.000,1.0000,25.000,32.395,10.336,480.83
3326.00,5.000,14.283,3.947,3.947,0.000,0.000,1.0000,25.000,32.419,10.335,480.26
3331.00,5.000,14.278,3.943,3.943,0.000,0.000,1.0000,25.000,32.444,10.334,479.68
3336.00,5.000,14.272,3.939,3.939,0.000,0.000,1.0000,25.000,32.469,10.334,479.11
3341.00,5.000,14.267,3.934,3.934,0.000,0.000,1.0000,25.000,32.493,10.333,478.53
3346.00,5.000,14.262,3.930,3.930,0.000,0.000,1.0000,25.000,32.518,10.332,477.96
3351.00,5.000,14.257,3.926,3.926,0.000,0.000,1.0000,25.000,32.542,10.331,477.38
3356.00,5.000,14.252,3.921,3.921,0.000,0.000,1.0000,25.000,32.567,10.330,476.81
3361.00,5.000,14.246,3.917,3.917,0.000,0.000,1.0000,25.000,32.591,10.330,476.23
3366.00,5.000,14.241,3.912,3.912,0.000,0.000,1.0000,25.000,32.616,10.329,475.66
3371.00,5.000,14.236,3.908,3.908,0.000,0.000,1.0000,25.000,32.640,10.328,475.08
3376.00,5.000,14.231,3.904,3.904,0.000,0.000,1.0000,25.000,32.665,10.327,474.51
3381.00,5.000,14.226,3.899,3.899,0.000,0.000,1.0000,25.000,32.689,10.327,473.93
3386.00,5.000,14.221,3.895,3.895,0.000,0.000,1.0000,25.000,32.714,10.326,473.36
3391.00,5.000,14.216,3.891,3.891,0.000,0.000,1.0000,25.000,32.738,10.325,472.79
3396.00,5.000,14.210,3.886,3.886,0.000,0.000,1.0000,25.000,32.762,10.324,472.21
3401.00,5.000,14.205,3.882,3.882,0.000,0.000,1.0000,25.000,32.787,10.323,471.64
3406.00,5.000,14.200,3.877,3.877,0.000,0.000,1.0000,25.000,32.811,10.323,471.06
3411.00,5.000,14.195,3.873,3.873,0.000,0.000,1.0000,25.000,32.836,10.322,470.49
3416.00,5.000,14.190,3.869,3.869,0.000,0.000,1.0000,25.000,32.860,10.321,469.92
3421.00,5.000,14.185,3.864,3.864,0.000,0.000,1.0000,25.000,32.884,10.320,469.34
3426.00,5.000,14.180,3.860,3.860,0.000,0.000,1.0000,25.000,32.908,10.320,468.77
3431.00,5.000,14.175,3.856,3.856,0.000,0.000,1.0000,25.000,32.933,10.319,468.20
3436.00,5.000,14.169,3.851,3.851,0.000,0.000,1.0000,25.000,32.957,10.318,467.62
3441.00,5.000,14.164,3.847,3.847,0.000,0.000,1.0000,25.000,32.981,10.317,467.05
3446.00,5.000,14.159,3.843,3.843,0.000,0.000,1.0000,25.000,33.006,10.316,466.48
3451.00,5.000,14.154,3.838,3.838,0.000,0.000,1.0000,25.000,33.030,10.316,465.90
3456.00,5.000,14.149,3.834,3.834,0.000,0.000,1.0000,25.000,33.054,10.315,465.33
3461.00,5.000,14.144,3.830,3.830,0.000,0.000,1.0000,25.000,33.078,10.314,464.76
3466.00,5.000,14.139,3.826,3.826,0.000,0.000,1.0000,25.000,33.102,10.313,464.19
3471.00,5.000,14.134,3.821,3.821,0.000,0.000,1.0000,25.000,33.127,10.313,463.61
3476.00,5.000,14.129,3.817,3.817,0.000,0.000,1.0000,25.000,33.151,10.312,463.04
3481.00,5.000,14.124,3.813,3.813,0.000,0.000,1.0000,25.000,33.175,10.311,462.47
3486.00,5.000,14.119,3.808,3.808,0.000,0.000,1.0000,25.000,33.199,10.310,461.90
3491.00,5.000,14.114,3.804,3.804,0.000,0.000,1.0000,25.000,33.223,10.310,461.33
3496.00,5.000,14.109,3.800,3.800,0.000,0.000,1.0000,25.000,33.247,10.309,460.75
3501.00,5.000,14.104,3.795,3.795,0.000,0.000,1.0000,25.000,33.271,10.308,460.18
3506.00,5.000,14.099,3.791,3.791,0.000,0.000,1.0000,25.000,33.295,10.307,459.61
3511.00,5.000,14.094,3.787,3.787,0.000,0.000,1.0000,25.000,33.319,10.307,459.04
3516.00,5.000,14.089,3.783,3.783,0.000,0.000,1.0000,25.000,33.343,10.306,458.47
3521.00,5.000,14.084,3.778,3.778,0.000,0.000,1.0000,25.000,33.367,10.305,457.90
3526.00,5.000,14.079,3.774,3.774,0.000,0.000,1.0000,25.000,33.391,10.305,457.33
3531.00,5.000,14.073,3.770,3.770,0.000,0.000,1.0000,25.000,33.415,10.304,456.76
3536.00,5.000,14.068,3.765,3.765,0.000,0.000,1.0000,25.000,33.439,10.303,456.19
3541.00,5.000,14.064,3.761,3.761,0.000,0.000,1.0000,25.000,33.463,10.302,455.62
3546.00,5.000,14.059,3.757,3.757,0.000,0.000,1.0000,25.000,33.487,10.302,455.05
3551.00,5.000,14.054,3.753,3.753,0.000,0.000,1.0000,25.000,33.511,10.301,454.48
3556.00,5.000,14.049,3.748,3.748,0.000,0.000,1.0000,25.000,33.535,10.300,453.91
3561.00,5.000,14.044,3.744,3.744,0.000,0.000,1.0000,25.000,33.559,10.299,453.34
3566.00,5.000,14.039,3.740,3.740,0.000,0.000,1.0000,25.000,33.583,10.299,452.77
3571.00,5.000,14.034,3.736,3.736,0.000,0.000,1.0000,25.000,33.607,10.298,452.20
3576.00,5.000,14.029,3.731,3.731,0.000,0.000,1.0000,25.000,33.630,10.297,451.63
3581.00,5.000,14.024,3.727,3.727,0.000,0.000,1.0000,25.000,33.654,10.297,451.06
3586.00,5.000,14.019,3.723,3.723,0.000,0.000,1.0000,25.000,33.678,10.296,450.49
3591.00,5.000,14.014,3.719,3.719,0.000,0.000,1.0000,25.000,33.702,10.295,449.93
3596.00,5.000,14.009,3.714,3.714,0.000,0.000,1.0000,25.000,33.726,10.295,449.36
3601.00,5.000,14.004,3.710,3.710,0.000,0.000,1.0000,25.000,33.749,10.294,448.79
3606.00,5.000,13.999,3.706,3.706,0.000,0.000,1.0000,25.000,33.773,10.293,448.22
3611.00,5.000,13.994,3.702,3.702,0.000,0.000,1.0000,25.000,33.797,10.292,447.65
3616.00,5.000,13.989,3.697,3.697,0.000,0.000,1.0000,25.000,33.821,10.292,447.09
3621.00,5.000,13.984,3.693,3.693,0.000,0.000,1.0000,25.000,33.844,10.291,446.52
3626.00,5.000,13.979,3.689,3.689,0.000,0.000,1.0000,25.000,33.868,10.290,445.95
3631.00,5.000,13.974,3.685,3.685,0.000,0.000,1.0000,25.000,33.892,10.290,445.39
3636.00,5.000,13.970,3.681,3.681,0.000,0.000,1.0000,25.000,33.915,10.289,444.82
3641.00,5.000,13.965,3.676,3.676,0.000,0.000,1.0000,25.000,33.939,10.288,444.25
3646.00,5.000,13.960,3.672,3.672,0.000,0.000,1.0000,25.000,33.963,10.288,443.69
3651.00,5.000,13.955,3.668,3.668,0.000,0.000,1.0000,25.000,33.986,10.287,443.12
3656.00,5.000,13.950,3.664,3.664,0.000,0.000,1.0000,25.000,34.010,10.286,442.56
3661.00,5.000,13.945,3.660,3.660,0.000,0.000,1.0000,25.000,34.033,10.285,441.99
3666.00,5.000,13.940,3.655,3.655,0.000,0.000,1.0000,25.000,34.057,10.285,441.43
3671.00,5.000,13.935,3.651,3.651,0.000,0.000,1.0000,25.000,34.080,10.284,440.86
3676.00,5.000,13.930,3.647,3.647,0.000,0.000,1.0000,25.000,34.104,10.283,440.30
3681.00,5.000,13.926,3.643,3.643,0.000,0.000,1.0000,25.000,34.128,10.283,439.73
3686.00,5.000,13.921,3.639,3.639,0.000,0.000,1.0000,25.000,34.151,10.282,439.17
3691.00,5.000,13.916,3.634,3.634,0.000,0.000,1.0000,25.000,34.174,10.281,438.60
3696.00,5.000,13.911,3.630,3.630,0.000,0.000,1.0000,25.000,34.198,10.281,438.04
3701.00,5.000,13.906,3.626,3.626,0.000,0.000,1.0000,25.000,34.221,10.280,437.48
3706.00,5.000,13.901,3.622,3.622,0.000,0.000,1.0000,25.000,34.245,10.279,436.91
3711.00,5.000,13.897,3.618,3.618,0.000,0.000,1.0000,25.000,34.268,10.279,436.35
3716.00,5.000,13.892,3.614,3.614,0.000,0.000,1.0000,25.000,34.292,10.278,435.79
3721.00,5.000,13.887,3.610,3.610,0.000,0.000,1.0000,25.000,34.315,10.277,435.23
3726.00,5.000,13.882,3.605,3.605,0.000,0.000,1.0000,25.000,34.338,10.277,434.66
3731.00,5.000,13.877,3.601,3.601,0.000,0.000,1.0000,25.000,34.362,10.276,434.10
3736.00,5.000,13.872,3.597,3.597,0.000,0.000,1.0000,25.000,34.385,10.275,433.54
3741.00,5.000,13.868,3.593,3.593,0.000,0.000,1.0000,25.000,34.408,10.275,432.98
3746.00,5.000,13.863,3.589,3.589,0.000,0.000,1.0000,25.000,34.432,10.274,432.42
3751.00,5.000,13.858,3.585,3.585,0.000,0.000,1.0000,25.000,34.455,10.273,431.86
3756.00,5.000,13.853,3.581,3.581,0.000,0.000,1.0000,25.000,34.478,10.273,431.30
3761.00,5.000,13.849,3.576,3.576,0.000,0.000,1.0000,25.000,34.502,10.272,430.74
3766.00,5.000,13.844,3.572,3.572,0.000,0.000,1.0000,25.000,34.525,10.272,430.18
3771.00,5.000,13.839,3.568,3.568,0.000,0.000,1.0000,25.000,34.548,10.271,429.62
3776.00,5.000,13.834,3.564,3.564,0.000,0.000,1.0000,25.000,34.571,10.270,429.06
3781.00,5.000,13.829,3.560,3.560,0.000,0.000,1.0000,25.000,34.595,10.270,428.50
3786.00,5.000,13.825,3.556,3.556,0.000,0.000,1.0000,25.000,34.618,10.269,427.94
3791.00,5.000,13.820,3.552,3.552,0.000,0.000,1.0000,25.000,34.641,10.268,427.38
3796.00,5.000,13.815,3.548,3.548,0.000,0.000,1.0000,25.000,34.664,10.268,426.82
3801.00,5.000,13.810,3.543,3.543,0.000,0.000,1.0000,25.000,34.687,10.267,426.26
3806.00,5.000,13.806,3.539,3.539,0.000,0.000,1.0000,25.000,34.710,10.266,425.71
3811.00,5.000,13.801,3.535,3.535,0.000,0.000,1.0000,25.000,34.733,10.266,425.15
3816.00,5.000,13.796,3.531,3.531,0.000,0.000,1.0000,25.000,34.756,10.265,424.59
3821.00,5.000,13.792,3.527,3.527,0.000,0.000,1.0000,25.000,34.780,10.264,424.03
3826.00,5.000,13.787,3.523,3.523,0.000,0.000,1.0000,25.000,34.803,10.264,423.48
3831.00,5.000,13.782,3.519,3.519,0.000,0.000,1.0000,25.000,34.826,10.263,422.92
3836.00,5.000,13.777,3.515,3.515,0.000,0.000,1.0000,25.000,34.849,10.263,422.37
3841.00,5.000,13.773,3.511,3.511,0.000,0.000,1.0000,25.000,34.872,10.262,421.81
3846.00,5.000,13.768,3.507,3.507,0.000,0.000,1.0000,25.000,34.895,10.261,421.26
3851.00,5.000,13.763,3.503,3.503,0.000,0.000,1.0000,25.000,34.918,10.261,420.70
3856.00,5.000,13.759,3.499,3.499,0.000,0.000,1.0000,25.000,34.941,10.260,420.15
3861.00,5.000,13.754,3.495,3.495,0.000,0.000,1.0000,25.000,34.964,10.259,419.59
3866.00,5.000,13.749,3.490,3.490,0.000,0.000,1.0000,25.000,34.987,10.259,419.04
3871.00,5.000,13.745,3.486,3.486,0.000,0.000,1.0000,25.000,35.009,10.258,418.48
3876.00,5.000,13.740,3.482,3.482,0.000,0.000,1.0000,25.000,35.032,10.258,417.93
3881.00,5.000,13.735,3.478,3.478,0.000,0.000,1.0000,25.000,35.055,10.257,417.38
3886.00,5.000,13.731,3.474,3.474,0.000,0.000,1.0000,25.000,35.078,10.256,416.82
3891.00,5.000,13.726,3.470,3.470,0.000,0.000,1.0000,25.000,35.101,10.256,416.27
3896.00,5.000,13.721,3.466,3.466,0.000,0.000,1.0000,25.000,35.124,10.255,415.72
3901.00,5.000,13.717,3.462,3.462,0.000,0.000,1.0000,25.000,35.147,10.255,415.17
3906.00,5.000,13.712,3.458,3.458,0.000,0.000,1.0000,25.000,35.169,10.254,414.62
3911.00,5.000,13.707,3.454,3.454,0.000,0.000,1.0000,25.000,35.192,10.253,414.07
3916.00,5.000,13.703,3.450,3.450,0.000,0.000,1.0000,25.000,35.215,10.253,413.51
3921.00,5.000,13.698,3.446,3.446,0.000,0.000,1.0000,25.000,35.238,10.252,412.96
3926.00,5.000,13.694,3.442,3.442,0.000,0.000,1.0000,25.000,35.261,10.252,412.41
3931.00,5.000,13.689,3.438,3.438,0.000,0.000,1.0000,25.000,35.283,10.251,411.86
3936.00,5.000,13.684,3.434,3.434,0.000,0.000,1.0000,25.000,35.306,10.250,411.31
3941.00,5.000,13.680,3.430,3.430,0.000,0.000,1.0000,25.000,35.329,10.250,410.77
3946.00,5.000,13.675,3.426,3.426,0.000,0.000,1.0000,25.000,35.351,10.249,410.22
3951.00,5.000,13.671,3.422,3.422,0.000,0.000,1.0000,25.000,35.374,10.249,409.67
3956.00,5.000,13.666,3.418,3.418,0.000,0.000,1.0000,25.000,35.397,10.248,409.12
3961.00,5.000,13.661,3.414,3.414,0.000,0.000,1.0000,25.000,35.419,10.247,408.57
3966.00,5.000,13.657,3.410,3.410,0.000,0.000,1.0000,25.000,35.442,10.247,408.03
3971.00,5.000,13.652,3.406,3.406,0.000,0.000,1.0000,25.000,35.465,10.246,407.48
3976.00,5.000,13.648,3.402,3.402,0.000,0.000,1.0000,25.000,35.487,10.246,406.93
3981.00,5.000,13.643,3.398,3.398,0.000,0.000,1.0000,25.000,35.510,10.245,406.39
3986.00,5.000,13.639,3.394,3.394,0.000,0.000,1.0000,25.000,35.532,10.245,405.84
3991.00,5.000,13.634,3.390,3.390,0.000,0.000,1.0000,25.000,35.555,10.244,405.29
3996.00,5.000,13.630,3.386,3.386,0.000,0.000,1.0000,25.000,35.577,10.243,404.75
4001.00,5.000,13.625,3.382,3.382,0.000,0.000,1.0000,25.000,35.600,10.243,404.20
4006.00,5.000,13.620,3.378,3.378,0.000,0.000,1.0000,25.000,35.622,10.242,403.66
4011.00,5.000,13.616,3.374,3.374,0.000,0.000,1.0000,25.000,35.645,10.242,403.11
4016.00,5.000,13.611,3.370,3.370,0.000,0.000,1.0000,25.000,35.667,10.241,402.57
4021.00,5.000,13.607,3.366,3.366,0.000,0.000,1.0000,25.000,35.690,10.240,402.03
4026.00,5.000,13.602,3.362,3.362,0.000,0.000,1.0000,25.000,35.712,10.240,401.48
4031.00,5.000,13.598,3.359,3.359,0.000,0.000,1.0000,25.000,35.735,10.239,400.94
4036.00,5.000,13.593,3.355,3.355,0.000,0.000,1.0000,25.000,35.757,10.239,400.40
4041.00,5.000,13.589,3.351,3.351,0.000,0.000,1.0000,25.000,35.779,10.238,399.86
4046.00,5.000,13.584,3.347,3.347,0.000,0.000,1.0000,25.000,35.802,10.238,399.32
4051.00,5.000,13.580,3.343,3.343,0.000,0.000,1.0000,25.000,35.824,10.237,398.78
4056.00,5.000,13.575,3.339,3.339,0.000,0.000,1.0000,25.000,35.846,10.237,398.23
4061.00,5.000,13.571,3.335,3.335,0.000,0.000,1.0000,25.000,35.869,10.236,397.69
4066.00,5.000,13.566,3.331,3.331,0.000,0.000,1.0000,25.000,35.891,10.235,397.15
4071.00,5.000,13.562,3.327,3.327,0.000,0.000,1.0000,25.000,35.913,10.235,396.61
4076.00,5.000,13.557,3.323,3.323,0.000,0.000,1.0000,25.000,35.936,10.234,396.07
4081.00,5.000,13.553,3.319,3.319,0.000,0.000,1.0000,25.000,35.958,10.234,395.54
4086.00,5.000,13.549,3.315,3.315,0.000,0.000,1.0000,25.000,35.980,10.233,395.00
4091.00,5.000,13.544,3.311,3.311,0.000,0.000,1.0000,25.000,36.002,10.233,394.46
4096.00,5.000,13.540,3.308,3.308,0.000,0.000,1.0000,25.000,36.025,10.232,393.92
4101.00,5.000,13.535,3.304,3.304,0.000,0.000,1.0000,25.000,36.047,10.232,393.38
4106.00,5.000,13.531,3.300,3.300,0.000,0.000,1.0000,25.000,36.069,10.231,392.85
4111.00,5.000,13.526,3.296,3.296,0.000,0.000,1.0000,25.000,36.091,10.230,392.31
4116.00,5.000,13.522,3.292,3.292,0.000,0.000,1.0000,25.000,36.113,10.230,391.77
4121.00,5.000,13.518,3.288,3.288,0.000,0.000,1.0000,25.000,36.135,10.229,391.24
4126.00,5.000,13.513,3.284,3.284,0.000,0.000,1.0000,25.000,36.158,10.229,390.70
4131.00,5.000,13.509,3.280,3.280,0.000,0.000,1.0000,25.000,36.180,10.228,390.17
4136.00,5.000,13.504,3.277,3.277,0.000,0.000,1.0000,25.000,36.202,10.228,389.63
4141.00,5.000,13.500,3.273,3.273,0.000,0.000,1.0000,25.000,36.224,10.227,389.10
4146.00,5.000,13.495,3.269,3.269,0.000,0.000,1.0000,25.000,36.246,10.227,388.57
4151.00,5.000,13.491,3.265,3.265,0.000,0.000,1.0000,25.000,36.268,10.226,388.03
4156.00,5.000,13.487,3.261,3.261,0.000,0.000,1.0000,25.000,36.290,10.226,387.50
4161.00,5.000,13.482,3.257,3.257,0.000,0.000,1.0000,25.000,36.312,10.225,386.97
4166.00,5.000,13.478,3.253,3.253,0.000,0.000,1.0000,25.000,36.334,10.225,386.44
4171.00,5.000,13.474,3.250,3.250,0.000,0.000,1.0000,25.000,36.356,10.224,385.90
4176.00,5.000,13.469,3.246,3.246,0.000,0.000,1.0000,25.000,36.378,10.223,385.37
4181.00,5.000,13.465,3.242,3.242,0.000,0.000,1.0000,25.000,36.400,10.223,384.84
4186.00,5.000,13.460,3.238,3.238,0.000,0.000,1.0000,25.000,36.422,10.222,384.31
4191.00,5.000,13.456,3.234,3.234,0.000,0.000,1.0000,25.000,36.444,10.222,383.78
4196.00,5.000,13.452,3.230,3.230,0.000,0.000,1.0000,25.000,36.465,10.221,383.25
4201.00,5.000,13.447,3.227,3.227,0.000,0.000,1.0000,25.000,36.487,10.221,382.72
4206.00,5.000,13.443,3.223,3.223,0.000,0.000,1.0000,25.000,36.509,10.220,382.19
4211.00,5.000,13.439,3.219,3.219,0.000,0.000,1.0000,25.000,36.531,10.220,381.67
4216.00,5.000,13.434,3.215,3.215,0.000,0.000,1.0000,25.000,36.553,10.219,381.14
4221.00,5.000,13.430,3.211,3.211,0.000,0.000,1.0000,25.000,36.575,10.219,380.61
4226.00,5.000,13.426,3.208,3.208,0.000,0.000,1.0000,25.000,36.596,10.218,380.08
4231.00,5.000,13.422,3.204,3.204,0.000,0.000,1.0000,25.000,36.618,10.218,379.56
4236.00,5.000,13.417,3.200,3.200,0.000,0.000,1.0000,25.000,36.640,10.217,379.03
4241.00,5.000,13.413,3.196,3.196,0.000,0.000,1.0000,25.000,36.662,10.217,378.50
4246.00,5.000,13.409,3.192,3.192,0.000,0.000,1.0000,25.000,36.683,10.216,377.98
4251.00,5.000,13.404,3.189,3.189,0.000,0.000,1.0000,25.000,36.705,10.216,377.45
4256.00,5.000,13.400,3.185,3.185,0.000,0.000,1.0000,25.000,36.727,10.215,376.93
4261.00,5.000,13.396,3.181,3.181,0.000,0.000,1.0000,25.000,36.749,10.215,376.41
4266.00,5.000,13.391,3.177,3.177,0.000,0.000,1.0000,25.000,36.770,10.214,375.88
4271.00,5.000,13.387,3.174,3.174,0.000,0.000,1.0000,25.000,36.792,10.214,375.36
4276.00,5.000,13.383,3.170,3.170,0.000,0.000,1.0000,25.000,36.814,10.213,374.84
4281.00,5.000,13.379,3.166,3.166,0.000,0.000,1.0000,25.000,36.835,10.213,374.31
4286.00,5.000,13.374,3.162,3.162,0.000,0.000,1.0000,25.000,36.857,10.212,373.79
4291.00,5.000,13.370,3.158,3.158,0.000,0.000,1.0000,25.000,36.878,10.212,373.27
4296.00,5.000,13.366,3.155,3.155,0.000,0.000,1.0000,25.000,36.900,10.211,372.75
4301.00,5.000,13.362,3.151,3.151,0.000,0.000,1.0000,25.000,36.922,10.211,372.23
4306.00,5.000,13.357,3.147,3.147,0.000,0.000,1.0000,25.000,36.943,10.210,371.71
4311.00,5.000,13.353,3.144,3.144,0.000,0.000,1.0000,25.000,36.965,10.210,371.19
4316.00,5.000,13.349,3.140,3.140,0.000,0.000,1.0000,25.000,36.986,10.209,370.67
4321.00,5.000,13.345,3.136,3.136,0.000,0.000,1.0000,25.000,37.008,10.209,370.15
4326.00,5.000,13.341,3.132,3.132,0.000,0.000,1.0000,25.000,37.029,10.208,369.63
4331.00,5.000,13.336,3.129,3.129,0.000,0.000,1.0000,25.000,37.051,10.208,369.11
4336.00,5.000,13.332,3.125,3.125,0.000,0.000,1.0000,25.000,37.072,10.207,368.60
4341.00,5.000,13.328,3.121,3.121,0.000,0.000,1.0000,25.000,37.093,10.207,368.08
4346.00,5.000,13.324,3.117,3.117,0.000,0.000,1.0000,25.000,37.115,10.206,367.56
4351.00,5.000,13.320,3.114,3.114,0.000,0.000,1.0000,25.000,37.136,10.206,367.05
4356.00,5.000,13.315,3.110,3.110,0.000,0.000,1.0000,25.000,37.158,10.205,366.53
4361.00,5.000,13.311,3.106,3.106,0.000,0.000,1.0000,25.000,37.179,10.205,366.02
4366.00,5.000,13.307,3.103,3.103,0.000,0.000,1.0000,25.000,37.200,10.204,365.50
4371.00,5.000,13.303,3.099,3.099,0.000,0.000,1.0000,25.000,37.222,10.204,364.99
4376.00,5.000,13.299,3.095,3.095,0.000,0.000,1.0000,25.000,37.243,10.203,364.47
4381.00,5.000,13.294,3.092,3.092,0.000,0.000,1.0000,25.000,37.264,10.203,363.96
4386.00,5.000,13.290,3.088,3.088,0.000,0.000,1.0000,25.000,37.286,10.202,363.45
4391.00,5.000,13.286,3.084,3.084,0.000,0.000,1.0000,25.000,37.307,10.202,362.93
4396.00,5.000,13.282,3.081,3.081,0.000,0.000,1.0000,25.000,37.328,10.201,362.42
4401.00,5.000,13.278,3.077,3.077,0.000,0.000,1.0000,25.000,37.349,10.201,361.91
4406.00,5.000,13.274,3.073,3.073,0.000,0.000,1.0000,25.000,37.371,10.201,361.40
4411.00,5.000,13.270,3.069,3.069,0.000,0.000,1.0000,25.000,37.392,10.200,360.89
4416.00,5.000,13.265,3.066,3.066,0.000,0.000,1.0000,25.000,37.413,10.200,360.38
4421.00,5.000,13.261,3.062,3.062,0.000,0.000,1.0000,25.000,37.434,10.199,359.87
4426.00,5.000,13.257,3.059,3.059,0.000,0.000,1.0000,25.000,37.455,10.199,359.36
4431.00,5.000,13.253,3.055,3.055,0.000,0.000,1.0000,25.000,37.476,10.198,358.85
4436.00,5.000,13.249,3.051,3.051,0.000,0.000,1.0000,25.000,37.498,10.198,358.34
4441.00,5.000,13.245,3.048,3.048,0.000,0.000,1.0000,25.000,37.519,10.197,357.84
4446.00,5.000,13.241,3.044,3.044,0.000,0.000,1.0000,25.000,37.540,10.197,357.33
4451.00,5.000,13.237,3.040,3.040,0.000,0.000,1.0000,25.000,37.561,10.196,356.82
4456.00,5.000,13.233,3.037,3.037,0.000,0.000,1.0000,25.000,37.582,10.196,356.32
4461.00,5.000,13.228,3.033,3.033,0.000,0.000,1.0000,25.000,37.603,10.195,355.81
4466.00,5.000,13.224,3.029,3.029,0.000,0.000,1.0000,25.000,37.624,10.195,355.30
4471.00,5.000,13.220,3.026,3.026,0.000,0.000,1.0000,25.000,37.645,10.195,354.80
4476.00,5.000,13.216,3.022,3.022,0.000,0.000,1.0000,25.000,37.666,10.194,354.29
4481.00,5.000,13.212,3.019,3.019,0.000,0.000,1.0000,25.000,37.687,10.194,353.79
4486.00,5.000,13.208,3.015,3.015,0.000,0.000,1.0000,25.000,37.708,10.193,353.29
4491.00,5.000,13.204,3.011,3.011,0.000,0.000,1.0000,25.000,37.729,10.193,352.78
4496.00,5.000,13.200,3.008,3.008,0.000,0.000,1.0000,25.000,37.750,10.192,352.28
4501.00,5.000,13.196,3.004,3.004,0.000,0.000,1.0000,25.000,37.771,10.192,351.78
4506.00,5.000,13.192,3.001,3.001,0.000,0.000,1.0000,25.000,37.792,10.191,351.28
4511.00,5.000,13.188,2.997,2.997,0.000,0.000,1.0000,25.000,37.812,10.191,350.78
4516.00,5.000,13.184,2.993,2.993,0.000,0.000,1.0000,25.000,37.833,10.190,350.28
4521.00,5.000,13.180,2.990,2.990,0.000,0.000,1.0000,25.000,37.854,10.190,349.78
4526.00,5.000,13.176,2.986,2.986,0.000,0.000,1.0000,25.000,37.875,10.190,349.28
4531.00,5.000,13.172,2.983,2.983,0.000,0.000,1.0000,25.000,37.896,10.189,348.78
4536.00,5.000,13.168,2.979,2.979,0.000,0.000,1.0000,25.000,37.917,10.189,348.28
4541.00,5.000,13.164,2.976,2.976,0.000,0.000,1.0000,25.000,37.937,10.188,347.78
4546.00,5.000,13.160,2.972,2.972,0.000,0.000,1.0000,25.000,37.958,10.188,347.28
4551.00,5.000,13.156,2.968,2.968,0.000,0.000,1.0000,25.000,37.979,10.187,346.78
4556.00,5.000,13.152,2.965,2.965,0.000,0.000,1.0000,25.000,38.000,10.187,346.29
4561.00,5.000,13.148,2.961,2.961,0.000,0.000,1.0000,25.000,38.020,10.187,345.79
4566.00,5.000,13.144,2.958,2.958,0.000,0.000,1.0000,25.000,38.041,10.186,345.30
4571.00,5.000,13.140,2.954,2.954,0.000,0.000,1.0000,25.000,38.062,10.186,344.80
4576.00,5.000,13.136,2.951,2.951,0.000,0.000,1.0000,25.000,38.082,10.185,344.31
4581.00,5.000,13.132,2.947,2.947,0.000,0.000,1.0000,25.000,38.103,10.185,343.81
4586.00,5.000,13.128,2.944,2.944,0.000,0.000,1.0000,25.000,38.124,10.184,343.32
4591.00,5.000,13.124,2.940,2.940,0.000,0.000,1.0000,25.000,38.144,10.184,342.82
4596.00,5.000,13.120,2.937,2.937,0.000,0.000,1.0000,25.000,38.165,10.184,342.33
4601.00,5.000,13.116,2.933,2.933,0.000,0.000,1.0000,25.000,38.186,10.183,341.84
4606.00,5.000,13.112,2.929,2.929,0.000,0.000,1.0000,25.000,38.206,10.183,341.35
4611.00,5.000,13.108,2.926,2.926,0.000,0.000,1.0000,25.000,38.227,10.182,340.85
4616.00,5.000,13.104,2.922,2.922,0.000,0.000,1.0000,25.000,38.247,10.182,340.36
4621.00,5.000,13.100,2.919,2.919,0.000,0.000,1.0000,25.000,38.268,10.181,339.87
4626.00,5.000,13.096,2.915,2.915,0.000,0.000,1.0000,25.000,38.288,10.181,339.38
4631.00,5.000,13.092,2.912,2.912,0.000,0.000,1.0000,25.000,38.309,10.181,338.89
4636.00,5.000,13.089,2.908,2.908,0.000,0.000,1.0000,25.000,38.329,10.180,338.41
4641.00,5.000,13.085,2.905,2.905,0.000,0.000,1.0000,25.000,38.350,10.180,337.92
4646.00,5.000,13.081,2.901,2.901,0.000,0.000,1.0000,25.000,38.370,10.179,337.43
4651.00,5.000,13.077,2.898,2.898,0.000,0.000,1.0000,25.000,38.391,10.179,336.94
4656.00,5.000,13.073,2.894,2.894,0.000,0.000,1.0000,25.000,38.411,10.178,336.45
4661.00,5.000,13.069,2.891,2.891,0.000,0.000,1.0000,25.000,38.431,10.178,335.97
4666.00,5.000,13.065,2.888,2.888,0.000,0.000,1.0000,25.000,38.452,10.178,335.48
4671.00,5.000,13.061,2.884,2.884,0.000,0.000,1.0000,25.000,38.472,10.177,335.00
4676.00,5.000,13.057,2.881,2.881,0.000,0.000,1.0000,25.000,38.493,10.177,334.51
4681.00,5.000,13.054,2.877,2.877,0.000,0.000,1.0000,25.000,38.513,10.176,334.03
4686.00,5.000,13.050,2.874,2.874,0.000,0.000,1.0000,25.000,38.533,10.176,333.54
4691.00,5.000,13.046,2.870,2.870,0.000,0.000,1.0000,25.000,38.553,10.176,333.06
4696.00,5.000,13.042,2.867,2.867,0.000,0.000,1.0000,25.000,38.574,10.175,332.58
4701.00,5.000,13.038,2.863,2.863,0.000,0.000,1.0000,25.000,38.594,10.175,332.09
4706.00,5.000,13.034,2.860,2.860,0.000,0.000,1.0000,25.000,38.614,10.174,331.61
4711.00,5.000,13.030,2.856,2.856,0.000,0.000,1.0000,25.000,38.635,10.174,331.13
4716.00,5.000,13.027,2.853,2.853,0.000,0.000,1.0000,25.000,38.655,10.174,330.65
4721.00,5.000,13.023,2.850,2.850,0.000,0.000,1.0000,25.000,38.675,10.173,330.17
4726.00,5.000,13.019,2.846,2.846,0.000,0.000,1.0000,25.000,38.695,10.173,329.69
4731.00,5.000,13.015,2.843,2.843,0.000,0.000,1.0000,25.000,38.715,10.172,329.21
4736.00,5.000,13.011,2.839,2.839,0.000,0.000,1.0000,25.000,38.735,10.172,328.73
4741.00,5.000,13.007,2.836,2.836,0.000,0.000,1.0000,25.000,38.756,10.172,328.25
4746.00,5.000,13.004,2.832,2.832,0.000,0.000,1.0000,25.000,38.776,10.171,327.78
4751.00,5.000,13.000,2.829,2.829,0.000,0.000,1.0000,25.000,38.796,10.171,327.30
4756.00,5.000,12.996,2.826,2.826,0.000,0.000,1.0000,25.000,38.816,10.170,326.82
4761.00,5.000,12.992,2.822,2.822,0.000,0.000,1.0000,25.000,38.836,10.170,326.34
4766.00,5.000,12.988,2.819,2.819,0.000,0.000,1.0000,25.000,38.856,10.170,325.87
4771.00,5.000,12.985,2.815,2.815,0.000,0.000,1.0000,25.000,38.876,10.169,325.39
4776.00,5.000,12.981,2.812,2.812,0.000,0.000,1.0000,25.000,38.896,10.169,324.92
4781.00,5.000,12.977,2.809,2.809,0.000,0.000,1.0000,25.000,38.916,10.168,324.44
4786.00,5.000,12.973,2.805,2.805,0.000,0.000,1.0000,25.000,38.936,10.168,323.97
4791.00,5.000,12.970,2.802,2.802,0.000,0.000,1.0000,25.000,38.956,10.168,323.50
4796.00,5.000,12.966,2.798,2.798,0.000,0.000,1.0000,25.000,38.976,10.167,323.02
4801.00,5.000,12.962,2.795,2.795,0.000,0.000,1.0000,25.000,38.996,10.167,322.55
4806.00,5.000,12.958,2.792,2.792,0.000,0.000,1.0000,25.000,39.016,10.166,322.08
4811.00,5.000,12.954,2.788,2.788,0.000,0.000,1.0000,25.000,39.036,10.166,321.61
4816.00,5.000,12.951,2.785,2.785,0.000,0.000,1.0000,25.000,39.056,10.166,321.14
4821.00,5.000,12.947,2.782,2.782,0.000,0.000,1.0000,25.000,39.076,10.165,320.67
4826.00,5.000,12.943,2.778,2.778,0.000,0.000,1.0000,25.000,39.095,10.165,320.20
4831.00,5.000,12.940,2.775,2.775,0.000,0.000,1.0000,25.000,39.115,10.165,319.73
4836.00,5.000,12.936,2.772,2.772,0.000,0.000,1.0000,25.000,39.135,10.164,319.26
4841.00,5.000,12.932,2.768,2.768,0.000,0.000,1.0000,25.000,39.155,10.164,318.79
4846.00,5.000,12.928,2.765,2.765,0.000,0.000,1.0000,25.000,39.175,10.163,318.33
4851.00,5.000,12.925,2.762,2.762,0.000,0.000,1.0000,25.000,39.195,10.163,317.86
4856.00,5.000,12.921,2.758,2.758,0.000,0.000,1.0000,25.000,39.214,10.163,317.39
4861.00,5.000,12.917,2.755,2.755,0.000,0.000,1.0000,25.000,39.234,10.162,316.93
4866.00,5.000,12.914,2.752,2.752,0.000,0.000,1.0000,25.000,39.254,10.162,316.46
4871.00,5.000,12.910,2.748,2.748,0.000,0.000,1.0000,25.000,39.273,10.162,316.00
4876.00,5.000,12.906,2.745,2.745,0.000,0.000,1.0000,25.000,39.293,10.161,315.53
4881.00,5.000,12.902,2.742,2.742,0.000,0.000,1.0000,25.000,39.313,10.161,315.07
4886.00,5.000,12.899,2.738,2.738,0.000,0.000,1.0000,25.000,39.333,10.160,314.60
4891.00,5.000,12.895,2.735,2.735,0.000,0.000,1.0000,25.000,39.352,10.160,314.14
4896.00,5.000,12.891,2.732,2.732,0.000,0.000,1.0000,25.000,39.372,10.160,313.68
4901.00,5.000,12.888,2.728,2.728,0.000,0.000,1.0000,25.000,39.391,10.159,313.22
4906.00,5.000,12.884,2.725,2.725,0.000,0.000,1.0000,25.000,39.411,10.159,312.75
4911.00,5.000,12.880,2.722,2.722,0.000,0.000,1.0000,25.000,39.431,10.159,312.29
4916.00,5.000,12.877,2.719,2.719,0.000,0.000,1.0000,25.000,39.450,10.158,311.83
4921.00,5.000,12.873,2.715,2.715,0.000,0.000,1.0000,25.000,39.470,10.158,311.37
4926.00,5.000,12.870,2.712,2.712,0.000,0.000,1.0000,25.000,39.489,10.158,310.91
4931.00,5.000,12.866,2.709,2.709,0.000,0.000,1.0000,25.000,39.509,10.157,310.46
4936.00,5.000,12.862,2.705,2.705,0.000,0.000,1.0000,25.000,39.528,10.157,310.00
4941.00,5.000,12.859,2.702,2.702,0.000,0.000,1.0000,25.000,39.548,10.156,309.54
4946.00,5.000,12.855,2.699,2.699,0.000,0.000,1.0000,25.000,39.567,10.156,309.08
4951.00,5.000,12.851,2.696,2.696,0.000,0.000,1.0000,25.000,39.587,10.156,308.63
4956.00,5.000,12.848,2.692,2.692,0.000,0.000,1.0000,25.000,39.606,10.155,308.17
4961.00,5.000,12.844,2.689,2.689,0.000,0.000,1.0000,25.000,39.626,10.155,307.71
4966.00,5.000,12.841,2.686,2.686,0.000,0.000,1.0000,25.000,39.645,10.155,307.26
4971.00,5.000,12.837,2.683,2.683,0.000,0.000,1.0000,25.000,39.664,10.154,306.80
4976.00,5.000,12.833,2.679,2.679,0.000,0.000,1.0000,25.000,39.684,10.154,306.35
4981.00,5.000,12.830,2.676,2.676,0.000,0.000,1.0000,25.000,39.703,10.154,305.90
4986.00,5.000,12.826,2.673,2.673,0.000,0.000,1.0000,25.000,39.722,10.153,305.44
4991.00,5.000,12.823,2.670,2.670,0.000,0.000,1.0000,25.000,39.742,10.153,304.99
4996.00,5.000,12.819,2.666,2.666,0.000,0.000,1.0000,25.000,39.761,10.153,304.54
5001.00,5.000,12.815,2.663,2.663,0.000,0.000,1.0000,25.000,39.780,10.152,304.09
5006.00,5.000,12.812,2.660,2.660,0.000,0.000,1.0000,25.000,39.800,10.152,303.64
5011.00,5.000,12.808,2.657,2.657,0.000,0.000,1.0000,25.000,39.819,10.152,303.19
5016.00,5.000,12.805,2.654,2.654,0.000,0.000,1.0000,25.000,39.838,10.151,302.74
5021.00,5.000,12.801,2.650,2.650,0.000,0.000,1.0000,25.000,39.857,10.151,302.29
5026.00,5.000,12.798,2.647,2.647,0.000,0.000,1.0000,25.000,39.877,10.151,301.84
5031.00,5.000,12.794,2.644,2.644,0.000,0.000,1.0000,25.000,39.896,10.150,301.39
5036.00,5.000,12.791,2.641,2.641,0.000,0.000,1.0000,25.000,39.915,10.150,300.94
5041.00,5.000,12.787,2.638,2.638,0.000,0.000,1.0000,25.000,39.934,10.149,300.50
5046.00,5.000,12.784,2.634,2.634,0.000,0.000,1.0000,25.000,39.953,10.149,300.05
5051.00,5.000,12.780,2.631,2.631,0.000,0.000,1.0000,25.000,39.972,10.149,299.60
5056.00,5.000,12.776,2.628,2.628,0.000,0.000,1.0000,25.000,39.991,10.148,299.16
5061.00,5.000,12.773,2.625,2.625,0.000,0.000,1.0000,25.000,40.011,10.148,298.71
5066.00,5.000,12.769,2.622,2.622,0.000,0.000,1.0000,25.000,40.030,10.148,298.27
5071.00,5.000,12.766,2.618,2.618,0.000,0.000,1.0000,25.000,40.049,10.147,297.82
5076.00,5.000,12.762,2.615,2.615,0.000,0.000,1.0000,25.000,40.068,10.147,297.38
5081.00,5.000,12.759,2.612,2.612,0.000,0.000,1.0000,25.000,40.087,10.147,296.94
5086.00,5.000,12.755,2.609,2.609,0.000,0.000,1.0000,25.000,40.106,10.146,296.49
5091.00,5.000,12.752,2.606,2.606,0.000,0.000,1.0000,25.000,40.125,10.146,296.05
5096.00,5.000,12.748,2.603,2.603,0.000,0.000,1.0000,25.000,40.144,10.146,295.61
5101.00,5.000,12.745,2.600,2.600,0.000,0.000,1.0000,25.000,40.163,10.145,295.17
5106.00,5.000,12.741,2.596,2.596,0.000,0.000,1.0000,25.000,40.182,10.145,294.73
5111.00,5.000,12.738,2.593,2.593,0.000,0.000,1.0000,25.000,40.201,10.145,294.29
5116.00,5.000,12.735,2.590,2.590,0.000,0.000,1.0000,25.000,40.219,10.144,293.85
5121.00,5.000,12.731,2.587,2.587,0.000,0.000,1.0000,25.000,40.238,10.144,293.41
5126.00,5.000,12.728,2.584,2.584,0.000,0.000,1.0000,25.000,40.257,10.144,292.97
5131.00,5.000,12.724,2.581,2.581,0.000,0.000,1.0000,25.000,40.276,10.143,292.54
5136.00,5.000,12.721,2.578,2.578,0.000,0.000,1.0000,25.000,40.295,10.143,292.10
5141.00,5.000,12.717,2.574,2.574,0.000,0.000,1.0000,25.000,40.314,10.143,291.66
5146.00,5.000,12.714,2.571,2.571,0.000,0.000,1.0000,25.000,40.333,10.143,291.23
5151.00,5.000,12.710,2.568,2.568,0.000,0.000,1.0000,25.000,40.351,10.142,290.79
5156.00,5.000,12.707,2.565,2.565,0.000,0.000,1.0000,25.000,40.370,10.142,290.36
5161.00,5.000,12.704,2.562,2.562,0.000,0.000,1.0000,25.000,40.389,10.142,289.92
5166.00,5.000,12.700,2.559,2.559,0.000,0.000,1.0000,25.000,40.408,10.141,289.49
5171.00,5.000,12.697,2.556,2.556,0.000,0.000,1.0000,25.000,40.426,10.141,289.05
5176.00,5.000,12.693,2.553,2.553,0.000,0.000,1.0000,25.000,40.445,10.141,288.62
5181.00,5.000,12.690,2.550,2.550,0.000,0.000,1.0000,25.000,40.464,10.140,288.19
5186.00,5.000,12.686,2.547,2.547,0.000,0.000,1.0000,25.000,40.482,10.140,287.76
5191.00,5.000,12.683,2.543,2.543,0.000,0.000,1.0000,25.000,40.501,10.140,287.33
5196.00,5.000,12.680,2.540,2.540,0.000,0.000,1.0000,25.000,40.520,10.139,286.90
5201.00,5.000,12.676,2.537,2.537,0.000,0.000,1.0000,25.000,40.538,10.139,286.46
5206.00,5.000,12.673,2.534,2.534,0.000,0.000,1.0000,25.000,40.557,10.139,286.04
5211.00,5.000,12.669,2.531,2.531,0.000,0.000,1.0000,25.000,40.576,10.138,285.61
5216.00,5.000,12.666,2.528,2.528,0.000,0.000,1.0000,25.000,40.594,10.138,285.18
5221.00,5.000,12.663,2.525,2.525,0.000,0.000,1.0000,25.000,40.613,10.138,284.75
5226.00,5.000,12.659,2.522,2.522,0.000,0.000,1.0000,25.000,40.631,10.137,284.32
5231.00,5.000,12.656,2.519,2.519,0.000,0.000,1.0000,25.000,40.650,10.137,283.89
5236.00,5.000,12.653,2.516,2.516,0.000,0.000,1.0000,25.000,40.668,10.137,283.47
5241.00,5.000,12.649,2.513,2.513,0.000,0.000,1.0000,25.000,40.687,10.137,283.04
5246.00,5.000,12.646,2.510,2.510,0.000,0.000,1.0000,25.000,40.705,10.136,282.62
5251.00,5.000,12.643,2.507,2.507,0.000,0.000,1.0000,25.000,40.724,10.136,282.19
5256.00,5.000,12.639,2.504,2.504,0.000,0.000,1.0000,25.000,40.742,10.136,281.77
5261.00,5.000,12.636,2.501,2.501,0.000,0.000,1.0000,25.000,40.761,10.135,281.34
5266.00,5.000,12.633,2.498,2.498,0.000,0.000,1.0000,25.000,40.779,10.135,280.92
5271.00,5.000,12.629,2.495,2.495,0.000,0.000,1.0000,25.000,40.797,10.135,280.50
5276.00,5.000,12.626,2.492,2.492,0.000,0.000,1.0000,25.000,40.816,10.134,280.07
5281.00,5.000,12.623,2.489,2.489,0.000,0.000,1.0000,25.000,40.834,10.134,279.65
5286.00,5.000,12.619,2.485,2.485,0.000,0.000,1.0000,25.000,40.853,10.134,279.23
5291.00,5.000,12.616,2.482,2.482,0.000,0.000,1.0000,25.000,40.871,10.133,278.81
5296.00,5.000,12.613,2.479,2.479,0.000,0.000,1.0000,25.000,40.889,10.133,278.39
5301.00,5.000,12.609,2.476,2.476,0.000,0.000,1.0000,25.000,40.907,10.133,277.97
5306.00,5.000,12.606,2.473,2.473,0.000,0.000,1.0000,25.000,40.926,10.133,277.55
5311.00,5.000,12.603,2.470,2.470,0.000,0.000,1.0000,25.000,40.944,10.132,277.13
5316.00,5.000,12.599,2.467,2.467,0.000,0.000,1.0000,25.000,40.962,10.132,276.72
5321.00,5.000,12.596,2.464,2.464,0.000,0.000,1.0000,25.000,40.981,10.132,276.30
5326.00,5.000,12.593,2.461,2.461,0.000,0.000,1.0000,25.000,40.999,10.131,275.88
5331.00,5.000,12.590,2.459,2.459,0.000,0.000,1.0000,25.000,41.017,10.131,275.46
5336.00,5.000,12.586,2.456,2.456,0.000,0.000,1.0000,25.000,41.035,10.131,275.05
5341.00,5.000,12.583,2.453,2.453,0.000,0.000,1.0000,25.000,41.053,10.131,274.63
5346.00,5.000,12.580,2.450,2.450,0.000,0.000,1.0000,25.000,41.071,10.130,274.22
5351.00,5.000,12.577,2.447,2.447,0.000,0.000,1.0000,25.000,41.090,10.130,273.80
5356.00,5.000,12.573,2.444,2.444,0.000,0.000,1.0000,25.000,41.108,10.130,273.39
5361.00,5.000,12.570,2.441,2.441,0.000,0.000,1.0000,25.000,41.126,10.129,272.98
5366.00,5.000,12.567,2.438,2.438,0.000,0.000,1.0000,25.000,41.144,10.129,272.56
5371.00,5.000,12.564,2.435,2.435,0.000,0.000,1.0000,25.000,41.162,10.129,272.15
5376.00,5.000,12.560,2.432,2.432,0.000,0.000,1.0000,25.000,41.180,10.128,271.74
5381.00,5.000,12.557,2.429,2.429,0.000,0.000,1.0000,25.000,41.198,10.128,271.33
5386.00,5.000,12.554,2.426,2.426,0.000,0.000,1.0000,25.000,41.216,10.128,270.92
5391.00,5.000,12.551,2.423,2.423,0.000,0.000,1.0000,25.000,41.234,10.128,270.51
5396.00,5.000,12.547,2.420,2.420,0.000,0.000,1.0000,25.000,41.252,10.127,270.10
5401.00,5.000,12.544,2.417,2.417,0.000,0.000,1.0000,25.000,41.270,10.127,269.69
5406.00,5.000,12.541,2.414,2.414,0.000,0.000,1.0000,25.000,41.288,10.127,269.28
5411.00,5.000,12.538,2.411,2.411,0.000,0.000,1.0000,25.000,41.306,10.126,268.87
5416.00,5.000,12.535,2.408,2.408,0.000,0.000,1.0000,25.000,41.324,10.126,268.47
5421.00,5.000,12.531,2.405,2.405,0.000,0.000,1.0000,25.000,41.342,10.126,268.06
5426.00,5.000,12.528,2.403,2.403,0.000,0.000,1.0000,25.000,41.360,10.126,267.65
5431.00,5.000,12.525,2.400,2.400,0.000,0.000,1.0000,25.000,41.377,10.125,267.25
5436.00,5.000,12.522,2.397,2.397,0.000,0.000,1.0000,25.000,41.395,10.125,266.84
5441.00,5.000,12.519,2.394,2.394,0.000,0.000,1.0000,25.000,41.413,10.125,266.44
5446.00,5.000,12.515,2.391,2.391,0.000,0.000,1.0000,25.000,41.431,10.125,266.03
5451.00,5.000,12.512,2.388,2.388,0.000,0.000,1.0000,25.000,41.449,10.124,265.63
5456.00,5.000,12.509,2.385,2.385,0.000,0.000,1.0000,25.000,41.466,10.124,265.23
5461.00,5.000,12.506,2.382,2.382,0.000,0.000,1.0000,25.000,41.484,10.124,264.82
5466.00,5.000,12.503,2.379,2.379,0.000,0.000,1.0000,25.000,41.502,10.123,264.42
5471.00,5.000,12.500,2.376,2.376,0.000,0.000,1.0000,25.000,41.520,10.123,264.02
5476.00,5.000,12.496,2.374,2.374,0.000,0.000,1.0000,25.000,41.537,10.123,263.62
5481.00,5.000,12.493,2.371,2.371,0.000,0.000,1.0000,25.000,41.555,10.123,263.22
5486.00,5.000,12.490,2.368,2.368,0.000,0.000,1.0000,25.000,41.573,10.122,262.82
5491.00,5.000,12.487,2.365,2.365,0.000,0.000,1.0000,25.000,41.590,10.122,262.42
5496.00,5.000,12.484,2.362,2.362,0.000,0.000,1.0000,25.000,41.608,10.122,262.02
5501.00,5.000,12.481,2.359,2.359,0.000,0.000,1.0000,25.000,41.626,10.122,261.62
5506.00,5.000,12.478,2.356,2.356,0.000,0.000,1.0000,25.000,41.643,10.121,261.22
5511.00,5.000,12.475,2.353,2.353,0.000,0.000,1.0000,25.000,41.661,10.121,260.83
5516.00,5.000,12.471,2.351,2.351,0.000,0.000,1.0000,25.000,41.679,10.121,260.43
5521.00,5.000,12.468,2.348,2.348,0.000,0.000,1.0000,25.000,41.696,10.120,260.03
5526.00,5.000,12.465,2.345,2.345,0.000,0.000,1.0000,25.000,41.714,10.120,259.64
5531.00,5.000,12.462,2.342,2.342,0.000,0.000,1.0000,25.000,41.731,10.120,259.24
5536.00,5.000,12.459,2.339,2.339,0.000,0.000,1.0000,25.000,41.749,10.120,258.85
5541.00,5.000,12.456,2.336,2.336,0.000,0.000,1.0000,25.000,41.766,10.119,258.45
5546.00,5.000,12.453,2.334,2.334,0.000,0.000,1.0000,25.000,41.784,10.119,258.06
5551.00,5.000,12.450,2.331,2.331,0.000,0.000,1.0000,25.000,41.801,10.119,257.67
5556.00,5.000,12.447,2.328,2.328,0.000,0.000,1.0000,25.000,41.819,10.119,257.27
5561.00,5.000,12.444,2.325,2.325,0.000,0.000,1.0000,25.000,41.836,10.118,256.88
5566.00,5.000,12.440,2.322,2.322,0.000,0.000,1.0000,25.000,41.853,10.118,256.49
5571.00,5.000,12.437,2.320,2.320,0.000,0.000,1.0000,25.000,41.871,10.118,256.10
5576.00,5.000,12.434,2.317,2.317,0.000,0.000,1.0000,25.000,41.888,10.118,255.71
5581.00,5.000,12.431,2.314,2.314,0.000,0.000,1.0000,25.000,41.906,10.117,255.32
5586.00,5.000,12.428,2.311,2.311,0.000,0.000,1.0000,25.000,41.923,10.117,254.93
5591.00,5.000,12.425,2.308,2.308,0.000,0.000,1.0000,25.000,41.940,10.117,254.54
5596.00,5.000,12.422,2.306,2.306,0.000,0.000,1.0000,25.000,41.958,10.117,254.15
5601.00,5.000,12.419,2.303,2.303,0.000,0.000,1.0000,25.000,41.975,10.116,253.76
5606.00,5.000,12.416,2.300,2.300,0.000,0.000,1.0000,25.000,41.992,10.116,253.38
5611.00,5.000,12.413,2.297,2.297,0.000,0.000,1.0000,25.000,42.009,10.116,252.99
5616.00,5.000,12.410,2.294,2.294,0.000,0.000,1.0000,25.000,42.027,10.116,252.60
5621.00,5.000,12.407,2.292,2.292,0.000,0.000,1.0000,25.000,42.044,10.115,252.22
5626.00,5.000,12.404,2.289,2.289,0.000,0.000,1.0000,25.000,42.061,10.115,251.83
5631.00,5.000,12.401,2.286,2.286,0.000,0.000,1.0000,25.000,42.078,10.115,251.45
5636.00,5.000,12.398,2.283,2.283,0.000,0.000,1.0000,25.000,42.096,10.115,251.06
5641.00,5.000,12.395,2.281,2.281,0.000,0.000,1.0000,25.000,42.113,10.114,250.68
5646.00,5.000,12.392,2.278,2.278,0.000,0.000,1.0000,25.000,42.130,10.114,250.29
5651.00,5.000,12.389,2.275,2.275,0.000,0.000,1.0000,25.000,42.147,10.114,249.91
5656.00,5.000,12.386,2.272,2.272,0.000,0.000,1.0000,25.000,42.164,10.114,249.53
5661.00,5.000,12.383,2.269,2.269,0.000,0.000,1.0000,25.000,42.181,10.113,249.15
5666.00,5.000,12.380,2.267,2.267,0.000,0.000,1.0000,25.000,42.198,10.113,248.77
5671.00,5.000,12.377,2.264,2.264,0.000,0.000,1.0000,25.000,42.215,10.113,248.39
5676.00,5.000,12.374,2.261,2.261,0.000,0.000,1.0000,25.000,42.232,10.113,248.01
5681.00,5.000,12.371,2.259,2.259,0.000,0.000,1.0000,25.000,42.249,10.112,247.63
5686.00,5.000,12.368,2.256,2.256,0.000,0.000,1.0000,25.000,42.266,10.112,247.25
5691.00,5.000,12.365,2.253,2.253,0.000,0.000,1.0000,25.000,42.283,10.112,246.87
5696.00,5.000,12.362,2.250,2.250,0.000,0.000,1.0000,25.000,42.300,10.112,246.49
5701.00,5.000,12.359,2.248,2.248,0.000,0.000,1.0000,25.000,42.317,10.111,246.11
5706.00,5.000,12.356,2.245,2.245,0.000,0.000,1.0000,25.000,42.334,10.111,245.74
5711.00,5.000,12.353,2.242,2.242,0.000,0.000,1.0000,25.000,42.351,10.111,245.36
5716.00,5.000,12.350,2.239,2.239,0.000,0.000,1.0000,25.000,42.368,10.111,244.98
5721.00,5.000,12.347,2.237,2.237,0.000,0.000,1.0000,25.000,42.385,10.110,244.61
5726.00,5.000,12.344,2.234,2.234,0.000,0.000,1.0000,25.000,42.402,10.110,244.23
5731.00,5.000,12.341,2.231,2.231,0.000,0.000,1.0000,25.000,42.419,10.110,243.86
5736.00,5.000,12.338,2.229,2.229,0.000,0.000,1.0000,25.000,42.436,10.110,243.49
5741.00,5.000,12.335,2.226,2.226,0.000,0.000,1.0000,25.000,42.452,10.109,243.11
5746.00,5.000,12.332,2.223,2.223,0.000,0.000,1.0000,25.000,42.469,10.109,242.74
5751.00,5.000,12.329,2.221,2.221,0.000,0.000,1.0000,25.000,42.486,10.109,242.37
5756.00,5.000,12.327,2.218,2.218,0.000,0.000,1.0000,25.000,42.503,10.109,242.00
5761.00,5.000,12.324,2.215,2.215,0.000,0.000,1.0000,25.000,42.520,10.108,241.62
5766.00,5.000,12.321,2.213,2.213,0.000,0.000,1.0000,25.000,42.536,10.108,241.25
5771.00,5.000,12.318,2.210,2.210,0.000,0.000,1.0000,25.000,42.553,10.108,240.88
5776.00,5.000,12.315,2.207,2.207,0.000,0.000,1.0000,25.000,42.570,10.108,240.51
5781.00,5.000,12.312,2.205,2.205,0.000,0.000,1.0000,25.000,42.586,10.108,240.14
5786.00,5.000,12.309,2.202,2.202,0.000,0.000,1.0000,25.000,42.603,10.107,239.78
5791.00,5.000,12.306,2.199,2.199,0.000,0.000,1.0000,25.000,42.620,10.107,239.41
5796.00,5.000,12.303,2.197,2.197,0.000,0.000,1.0000,25.000,42.636,10.107,239.04
5801.00,5.000,12.300,2.194,2.194,0.000,0.000,1.0000,25.000,42.653,10.107,238.67
5806.00,5.000,12.298,2.191,2.191,0.000,0.000,1.0000,25.000,42.670,10.106,238.31
5811.00,5.000,12.295,2.189,2.189,0.000,0.000,1.0000,25.000,42.686,10.106,237.94
5816.00,5.000,12.292,2.186,2.186,0.000,0.000,1.0000,25.000,42.703,10.106,237.57
5821.00,5.000,12.289,2.183,2.183,0.000,0.000,1.0000,25.000,42.719,10.106,237.21
5826.00,5.000,12.286,2.181,2.181,0.000,0.000,1.0000,25.000,42.736,10.105,236.84
5831.00,5.000,12.283,2.178,2.178,0.000,0.000,1.0000,25.000,42.752,10.105,236.48
5836.00,5.000,12.280,2.175,2.175,0.000,0.000,1.0000,25.000,42.769,10.105,236.12
5841.00,5.000,12.278,2.173,2.173,0.000,0.000,1.0000,25.000,42.785,10.105,235.75
5846.00,5.000,12.275,2.170,2.170,0.000,0.000,1.0000,25.000,42.802,10.105,235.39
5851.00,5.000,12.272,2.168,2.168,0.000,0.000,1.0000,25.000,42.818,10.104,235.03
5856.00,5.000,12.269,2.165,2.165,0.000,0.000,1.0000,25.000,42.835,10.104,234.67
5861.00,5.000,12.266,2.162,2.162,0.000,0.000,1.0000,25.000,42.851,10.104,234.31
5866.00,5.000,12.263,2.160,2.160,0.000,0.000,1.0000,25.000,42.868,10.104,233.95
5871.00,5.000,12.260,2.157,2.157,0.000,0.000,1.0000,25.000,42.884,10.103,233.59
5876.00,5.000,12.258,2.154,2.154,0.000,0.000,1.0000,25.000,42.900,10.103,233.23
5881.00,5.000,12.255,2.152,2.152,0.000,0.000,1.0000,25.000,42.917,10.103,232.87
5886.00,5.000,12.252,2.149,2.149,0.000,0.000,1.0000,25.000,42.933,10.103,232.51
5891.00,5.000,12.249,2.147,2.147,0.000,0.000,1.0000,25.000,42.949,10.103,232.15
5896.00,5.000,12.246,2.144,2.144,0.000,0.000,1.0000,25.000,42.966,10.102,231.79
5901.00,5.000,12.244,2.141,2.141,0.000,0.000,1.0000,25.000,42.982,10.102,231.44
5906.00,5.000,12.241,2.139,2.139,0.000,0.000,1.0000,25.000,42.998,10.102,231.08
5911.00,5.000,12.238,2.136,2.136,0.000,0.000,1.0000,25.000,43.015,10.102,230.72
5916.00,5.000,12.235,2.134,2.134,0.000,0.000,1.0000,25.000,43.031,10.101,230.37
5921.00,5.000,12.232,2.131,2.131,0.000,0.000,1.0000,25.000,43.047,10.101,230.01
5926.00,5.000,12.230,2.129,2.129,0.000,0.000,1.0000,25.000,43.063,10.101,229.66
5931.00,5.000,12.227,2.126,2.126,0.000,0.000,1.0000,25.000,43.079,10.101,229.30
5936.00,5.000,12.224,2.123,2.123,0.000,0.000,1.0000,25.000,43.096,10.101,228.95
5941.00,5.000,12.221,2.121,2.121,0.000,0.000,1.0000,25.000,43.112,10.100,228.60
5946.00,5.000,12.219,2.118,2.118,0.000,0.000,1.0000,25.000,43.128,10.100,228.25
5951.00,5.000,12.216,2.116,2.116,0.000,0.000,1.0000,25.000,43.144,10.100,227.89
5956.00,5.000,12.213,2.113,2.113,0.000,0.000,1.0000,25.000,43.160,10.100,227.54
5961.00,5.000,12.210,2.111,2.111,0.000,0.000,1.0000,25.000,43.176,10.100,227.19
5966.00,5.000,12.207,2.108,2.108,0.000,0.000,1.0000,25.000,43.192,10.099,226.84
5971.00,5.000,12.205,2.106,2.106,0.000,0.000,1.0000,25.000,43.208,10.099,226.49
5976.00,5.000,12.202,2.103,2.103,0.000,0.000,1.0000,25.000,43.224,10.099,226.14
5981.00,5.000,12.199,2.101,2.101,0.000,0.000,1.0000,25.000,43.240,10.099,225.79
5986.00,5.000,12.196,2.098,2.098,0.000,0.000,1.0000,25.000,43.256,10.098,225.44
5991.00,5.000,12.194,2.095,2.095,0.000,0.000,1.0000,25.000,43.272,10.098,225.10
5996.00,5.000,12.191,2.093,2.093,0.000,0.000,1.0000,25.000,43.288,10.098,224.75
6001.00,5.000,12.188,2.090,2.090,0.000,0.000,1.0000,25.000,43.304,10.098,224.40
6006.00,5.000,12.186,2.088,2.088,0.000,0.000,1.0000,25.000,43.320,10.098,224.06
6011.00,5.000,12.183,2.085,2.085,0.000,0.000,1.0000,25.000,43.336,10.097,223.71
6016.00,5.000,12.180,2.083,2.083,0.000,0.000,1.0000,25.000,43.352,10.097,223.36
6021.00,5.000,12.177,2.080,2.080,0.000,0.000,1.0000,25.000,43.368,10.097,223.02
6026.00,5.000,12.175,2.078,2.078,0.000,0.000,1.0000,25.000,43.384,10.097,222.68
6031.00,5.000,12.172,2.075,2.075,0.000,0.000,1.0000,25.000,43.400,10.097,222.33
6036.00,5.000,12.169,2.073,2.073,0.000,0.000,1.0000,25.000,43.415,10.096,221.99
6041.00,5.000,12.167,2.070,2.070,0.000,0.000,1.0000,25.000,43.431,10.096,221.65
6046.00,5.000,12.164,2.068,2.068,0.000,0.000,1.0000,25.000,43.447,10.096,221.30
6051.00,5.000,12.161,2.065,2.065,0.000,0.000,1.0000,25.000,43.463,10.096,220.96
6056.00,5.000,12.159,2.063,2.063,0.000,0.000,1.0000,25.000,43.479,10.096,220.62
6061.00,5.000,12.156,2.060,2.060,0.000,0.000,1.0000,25.000,43.494,10.095,220.28
6066.00,5.000,12.153,2.058,2.058,0.000,0.000,1.0000,25.000,43.510,10.095,219.94
6071.00,5.000,12.150,2.055,2.055,0.000,0.000,1.0000,25.000,43.526,10.095,219.60
6076.00,5.000,12.148,2.053,2.053,0.000,0.000,1.0000,25.000,43.541,10.095,219.26
6081.00,5.000,12.145,2.051,2.051,0.000,0.000,1.0000,25.000,43.557,10.095,218.92
6086.00,5.000,12.142,2.048,2.048,0.000,0.000,1.0000,25.000,43.573,10.094,218.58
6091.00,5.000,12.140,2.046,2.046,0.000,0.000,1.0000,25.000,43.588,10.094,218.24
6096.00,5.000,12.137,2.043,2.043,0.000,0.000,1.0000,25.000,43.604,10.094,217.91
6101.00,5.000,12.135,2.041,2.041,0.000,0.000,1.0000,25.000,43.620,10.094,217.57
6106.00,5.000,12.132,2.038,2.038,0.000,0.000,1.0000,25.000,43.635,10.094,217.23
6111.00,5.000,12.129,2.036,2.036,0.000,0.000,1.0000,25.000,43.651,10.093,216.90
6116.00,5.000,12.127,2.033,2.033,0.000,0.000,1.0000,25.000,43.666,10.093,216.56
6121.00,5.000,12.124,2.031,2.031,0.000,0.000,1.0000,25.000,43.682,10.093,216.23
6126.00,5.000,12.121,2.028,2.028,0.000,0.000,1.0000,25.000,43.698,10.093,215.89
6131.00,5.000,12.119,2.026,2.026,0.000,0.000,1.0000,25.000,43.713,10.093,215.56
6136.00,5.000,12.116,2.024,2.024,0.000,0.000,1.0000,25.000,43.729,10.092,215.22
6141.00,5.000,12.113,2.021,2.021,0.000,0.000,1.0000,25.000,43.744,10.092,214.89
6146.00,5.000,12.111,2.019,2.019,0.000,0.000,1.0000,25.000,43.759,10.092,214.56
6151.00,5.000,12.108,2.016,2.016,0.000,0.000,1.0000,25.000,43.775,10.092,214.23
6156.00,5.000,12.106,2.014,2.014,0.000,0.000,1.0000,25.000,43.790,10.092,213.89
6161.00,5.000,12.103,2.011,2.011,0.000,0.000,1.0000,25.000,43.806,10.091,213.56
6166.00,5.000,12.100,2.009,2.009,0.000,0.000,1.0000,25.000,43.821,10.091,213.23
6171.00,5.000,12.098,2.007,2.007,0.000,0.000,1.0000,25.000,43.837,10.091,212.90
6176.00,5.000,12.095,2.004,2.004,0.000,0.000,1.0000,25.000,43.852,10.091,212.57
6181.00,5.000,12.093,2.002,2.002,0.000,0.000,1.0000,25.000,43.867,10.091,212.24
6186.00,5.000,12.090,1.999,1.999,0.000,0.000,1.0000,25.000,43.883,10.091,211.92
6191.00,5.000,12.087,1.997,1.997,0.000,0.000,1.0000,25.000,43.898,10.090,211.59
6196.00,5.000,12.085,1.995,1.995,0.000,0.000,1.0000,25.000,43.913,10.090,211.26
6201.00,5.000,12.082,1.992,1.992,0.000,0.000,1.0000,25.000,43.928,10.090,210.93
6206.00,5.000,12.080,1.990,1.990,0.000,0.000,1.0000,25.000,43.944,10.090,210.61
6211.00,5.000,12.077,1.987,1.987,0.000,0.000,1.0000,25.000,43.959,10.090,210.28
6216.00,5.000,12.075,1.985,1.985,0.000,0.000,1.0000,25.000,43.974,10.089,209.95
6221.00,5.000,12.072,1.983,1.983,0.000,0.000,1.0000,25.000,43.989,10.089,209.63
6226.00,5.000,12.069,1.980,1.980,0.000,0.000,1.0000,25.000,44.005,10.089,209.30
6231.00,5.000,12.067,1.978,1.978,0.000,0.000,1.0000,25.000,44.020,10.089,208.98
6236.00,5.000,12.064,1.976,1.976,0.000,0.000,1.0000,25.000,44.035,10.089,208.66
6241.00,5.000,12.062,1.973,1.973,0.000,0.000,1.0000,25.000,44.050,10.088,208.33
6246.00,5.000,12.059,1.971,1.971,0.000,0.000,1.0000,25.000,44.065,10.088,208.01
6251.00,5.000,12.057,1.969,1.969,0.000,0.000,1.0000,25.000,44.080,10.088,207.69
6256.00,5.000,12.054,1.966,1.966,0.000,0.000,1.0000,25.000,44.095,10.088,207.36
6261.00,5.000,12.052,1.964,1.964,0.000,0.000,1.0000,25.000,44.110,10.088,207.04
6266.00,5.000,12.049,1.961,1.961,0.000,0.000,1.0000,25.000,44.125,10.088,206.72
6271.00,5.000,12.046,1.959,1.959,0.000,0.000,1.0000,25.000,44.140,10.087,206.40
6276.00,5.000,12.044,1.957,1.957,0.000,0.000,1.0000,25.000,44.155,10.087,206.08
6281.00,5.000,12.041,1.954,1.954,0.000,0.000,1.0000,25.000,44.170,10.087,205.76
6286.00,5.000,12.039,1.952,1.952,0.000,0.000,1.0000,25.000,44.185,10.087,205.44
6291.00,5.000,12.036,1.950,1.950,0.000,0.000,1.0000,25.000,44.200,10.087,205.12
6296.00,5.000,12.034,1.947,1.947,0.000,0.000,1.0000,25.000,44.215,10.087,204.81
6301.00,5.000,12.031,1.945,1.945,0.000,0.000,1.0000,25.000,44.230,10.086,204.49
6306.00,5.000,12.029,1.943,1.943,0.000,0.000,1.0000,25.000,44.245,10.086,204.17
6311.00,5.000,12.026,1.940,1.940,0.000,0.000,1.0000,25.000,44.260,10.086,203.86
6316.00,5.000,12.024,1.938,1.938,0.000,0.000,1.0000,25.000,44.275,10.086,203.54
6321.00,5.000,12.021,1.936,1.936,0.000,0.000,1.0000,25.000,44.290,10.086,203.22
6326.00,5.000,12.019,1.933,1.933,0.000,0.000,1.0000,25.000,44.305,10.085,202.91
6331.00,5.000,12.016,1.931,1.931,0.000,0.000,1.0000,25.000,44.320,10.085,202.59
6336.00,5.000,12.014,1.929,1.929,0.000,0.000,1.0000,25.000,44.334,10.085,202.28
6341.00,5.000,12.011,1.927,1.927,0.000,0.000,1.0000,25.000,44.349,10.085,201.97
6346.00,5.000,12.009,1.924,1.924,0.000,0.000,1.0000,25.000,44.364,10.085,201.65
6351.00,5.000,12.007,1.922,1.922,0.000,0.000,1.0000,25.000,44.379,10.085,201.34
6356.00,5.000,12.004,1.920,1.920,0.000,0.000,1.0000,25.000,44.393,10.084,201.03
6361.00,5.000,12.002,1.917,1.917,0.000,0.000,1.0000,25.000,44.408,10.084,200.71
6366.00,5.000,11.999,1.915,1.915,0.000,0.000,1.0000,25.000,44.423,10.084,200.40
6371.00,5.000,11.997,1.913,1.913,0.000,0.000,1.0000,25.000,44.438,10.084,200.09
6376.00,5.000,11.994,1.910,1.910,0.000,0.000,1.0000,25.000,44.452,10.084,199.78
6381.00,5.000,11.992,1.908,1.908,0.000,0.000,1.0000,25.000,44.467,10.084,199.47
6386.00,5.000,11.989,1.906,1.906,0.000,0.000,1.0000,25.000,44.482,10.083,199.16
6391.00,5.000,11.987,1.904,1.904,0.000,0.000,1.0000,25.000,44.496,10.083,198.85
6396.00,5.000,11.984,1.901,1.901,0.000,0.000,1.0000,25.000,44.511,10.083,198.54
6401.00,5.000,11.982,1.899,1.899,0.000,0.000,1.0000,25.000,44.525,10.083,198.24
6406.00,5.000,11.980,1.897,1.897,0.000,0.000,1.0000,25.000,44.540,10.083,197.93
6411.00,5.000,11.977,1.895,1.895,0.000,0.000,1.0000,25.000,44.555,10.083,197.62
6416.00,5.000,11.975,1.892,1.892,0.000,0.000,1.0000,25.000,44.569,10.082,197.31
6421.00,5.000,11.972,1.890,1.890,0.000,0.000,1.0000,25.000,44.584,10.082,197.01
6426.00,5.000,11.970,1.888,1.888,0.000,0.000,1.0000,25.000,44.598,10.082,196.70
6431.00,5.000,11.967,1.886,1.886,0.000,0.000,1.0000,25.000,44.613,10.082,196.40
6436.00,5.000,11.965,1.883,1.883,0.000,0.000,1.0000,25.000,44.627,10.082,196.09
6441.00,5.000,11.963,1.881,1.881,0.000,0.000,1.0000,25.000,44.642,10.082,195.79
6446.00,5.000,11.960,1.879,1.879,0.000,0.000,1.0000,25.000,44.656,10.081,195.48
6451.00,5.000,11.958,1.877,1.877,0.000,0.000,1.0000,25.000,44.670,10.081,195.18
6456.00,5.000,11.955,1.874,1.874,0.000,0.000,1.0000,25.000,44.685,10.081,194.88
6461.00,5.000,11.953,1.872,1.872,0.000,0.000,1.0000,25.000,44.699,10.081,194.57
6466.00,5.000,11.951,1.870,1.870,0.000,0.000,1.0000,25.000,44.714,10.081,194.27
6471.00,5.000,11.948,1.868,1.868,0.000,0.000,1.0000,25.000,44.728,10.081,193.97
6476.00,5.000,11.946,1.865,1.865,0.000,0.000,1.0000,25.000,44.742,10.080,193.67
6481.00,5.000,11.943,1.863,1.863,0.000,0.000,1.0000,25.000,44.757,10.080,193.37
6486.00,5.000,11.941,1.861,1.861,0.000,0.000,1.0000,25.000,44.771,10.080,193.07
6491.00,5.000,11.939,1.859,1.859,0.000,0.000,1.0000,25.000,44.785,10.080,192.77
6496.00,5.000,11.936,1.857,1.857,0.000,0.000,1.0000,25.000,44.799,10.080,192.47
6501.00,5.000,11.934,1.854,1.854,0.000,0.000,1.0000,25.000,44.814,10.080,192.17
6506.00,5.000,11.932,1.852,1.852,0.000,0.000,1.0000,25.000,44.828,10.079,191.87
6511.00,5.000,11.929,1.850,1.850,0.000,0.000,1.0000,25.000,44.842,10.079,191.57
6516.00,5.000,11.927,1.848,1.848,0.000,0.000,1.0000,25.000,44.856,10.079,191.28
6521.00,5.000,11.925,1.846,1.846,0.000,0.000,1.0000,25.000,44.871,10.079,190.98
6526.00,5.000,11.922,1.843,1.843,0.000,0.000,1.0000,25.000,44.885,10.079,190.68
6531.00,5.000,11.920,1.841,1.841,0.000,0.000,1.0000,25.000,44.899,10.079,190.39
6536.00,5.000,11.918,1.839,1.839,0.000,0.000,1.0000,25.000,44.913,10.079,190.09
6541.00,5.000,11.915,1.837,1.837,0.000,0.000,1.0000,25.000,44.927,10.078,189.79
6546.00,5.000,11.913,1.835,1.835,0.000,0.000,1.0000,25.000,44.941,10.078,189.50
6551.00,5.000,11.911,1.832,1.832,0.000,0.000,1.0000,25.000,44.955,10.078,189.20
6556.00,5.000,11.908,1.830,1.830,0.000,0.000,1.0000,25.000,44.969,10.078,188.91
6561.00,5.000,11.906,1.828,1.828,0.000,0.000,1.0000,25.000,44.983,10.078,188.62
6566.00,5.000,11.904,1.826,1.826,0.000,0.000,1.0000,25.000,44.997,10.078,188.32
6571.00,5.000,11.901,1.824,1.824,0.000,0.000,1.0000,25.000,45.011,10.077,188.03
6576.00,5.000,11.899,1.822,1.822,0.000,0.000,1.0000,25.000,45.025,10.077,187.74
6581.00,5.000,11.897,1.819,1.819,0.000,0.000,1.0000,25.000,45.039,10.077,187.45
6586.00,5.000,11.894,1.817,1.817,0.000,0.000,1.0000,25.000,45.053,10.077,187.16
6591.00,5.000,11.892,1.815,1.815,0.000,0.000,1.0000,25.000,45.067,10.077,186.87
6596.00,5.000,11.890,1.813,1.813,0.000,0.000,1.0000,25.000,45.081,10.077,186.58
6601.00,5.000,11.887,1.811,1.811,0.000,0.000,1.0000,25.000,45.095,10.077,186.29
6606.00,5.000,11.885,1.809,1.809,0.000,0.000,1.0000,25.000,45.109,10.076,186.00
6611.00,5.000,11.883,1.807,1.807,0.000,0.000,1.0000,25.000,45.123,10.076,185.71
6616.00,5.000,11.880,1.804,1.804,0.000,0.000,1.0000,25.000,45.137,10.076,185.42
6621.00,5.000,11.878,1.802,1.802,0.000,0.000,1.0000,25.000,45.151,10.076,185.13
6626.00,5.000,11.876,1.800,1.800,0.000,0.000,1.0000,25.000,45.165,10.076,184.84
6631.00,5.000,11.874,1.798,1.798,0.000,0.000,1.0000,25.000,45.178,10.076,184.56
6636.00,5.000,11.871,1.796,1.796,0.000,0.000,1.0000,25.000,45.192,10.075,184.27
6641.00,5.000,11.869,1.794,1.794,0.000,0.000,1.0000,25.000,45.206,10.075,183.98
6646.00,5.000,11.867,1.792,1.792,0.000,0.000,1.0000,25.000,45.220,10.075,183.70
6651.00,5.000,11.865,1.789,1.789,0.000,0.000,1.0000,25.000,45.233,10.075,183.41
6656.00,5.000,11.862,1.787,1.787,0.000,0.000,1.0000,25.000,45.247,10.075,183.13
6661.00,5.000,11.860,1.785,1.785,0.000,0.000,1.0000,25.000,45.261,10.075,182.84
6666.00,5.000,11.858,1.783,1.783,0.000,0.000,1.0000,25.000,45.275,10.075,182.56
6671.00,5.000,11.856,1.781,1.781,0.000,0.000,1.0000,25.000,45.288,10.074,182.27
6676.00,5.000,11.853,1.779,1.779,0.000,0.000,1.0000,25.000,45.302,10.074,181.99
6681.00,5.000,11.851,1.777,1.777,0.000,0.000,1.0000,25.000,45.316,10.074,181.71
6686.00,5.000,11.849,1.775,1.775,0.000,0.000,1.0000,25.000,45.329,10.074,181.42
6691.00,5.000,11.847,1.773,1.773,0.000,0.000,1.0000,25.000,45.343,10.074,181.14
6696.00,5.000,11.844,1.771,1.771,0.000,0.000,1.0000,25.000,45.356,10.074,180.86
6701.00,5.000,11.842,1.768,1.768,0.000,0.000,1.0000,25.000,45.370,10.074,180.58
6706.00,5.000,11.840,1.766,1.766,0.000,0.000,1.0000,25.000,45.383,10.073,180.30
6711.00,5.000,11.838,1.764,1.764,0.000,0.000,1.0000,25.000,45.397,10.073,180.02
6716.00,5.000,11.835,1.762,1.762,0.000,0.000,1.0000,25.000,45.411,10.073,179.74
6721.00,5.000,11.833,1.760,1.760,0.000,0.000,1.0000,25.000,45.424,10.073,179.46
6726.00,5.000,11.831,1.758,1.758,0.000,0.000,1.0000,25.000,45.437,10.073,179.18
6731.00,5.000,11.829,1.756,1.756,0.000,0.000,1.0000,25.000,45.451,10.073,178.90
6736.00,5.000,11.826,1.754,1.754,0.000,0.000,1.0000,25.000,45.464,10.073,178.62
6741.00,5.000,11.824,1.752,1.752,0.000,0.000,1.0000,25.000,45.478,10.072,178.35
6746.00,5.000,11.822,1.750,1.750,0.000,0.000,1.0000,25.000,45.491,10.072,178.07
6751.00,5.000,11.820,1.748,1.748,0.000,0.000,1.0000,25.000,45.505,10.072,177.79
6756.00,5.000,11.818,1.746,1.746,0.000,0.000,1.0000,25.000,45.518,10.072,177.52
6761.00,5.000,11.815,1.744,1.744,0.000,0.000,1.0000,25.000,45.531,10.072,177.24
6766.00,5.000,11.813,1.741,1.741,0.000,0.000,1.0000,25.000,45.545,10.072,176.97
6771.00,5.000,11.811,1.739,1.739,0.000,0.000,1.0000,25.000,45.558,10.072,176.69
6776.00,5.000,11.809,1.737,1.737,0.000,0.000,1.0000,25.000,45.571,10.072,176.42
6781.00,5.000,11.807,1.735,1.735,0.000,0.000,1.0000,25.000,45.585,10.071,176.14
6786.00,5.000,11.805,1.733,1.733,0.000,0.000,1.0000,25.000,45.598,10.071,175.87
6791.00,5.000,11.802,1.731,1.731,0.000,0.000,1.0000,25.000,45.611,10.071,175.60
6796.00,5.000,11.800,1.729,1.729,0.000,0.000,1.0000,25.000,45.625,10.071,175.32
6801.00,5.000,11.798,1.727,1.727,0.000,0.000,1.0000,25.000,45.638,10.071,175.05
6806.00,5.000,11.796,1.725,1.725,0.000,0.000,1.0000,25.000,45.651,10.071,174.78
6811.00,5.000,11.794,1.723,1.723,0.000,0.000,1.0000,25.000,45.664,10.071,174.51
6816.00,5.000,11.792,1.721,1.721,0.000,0.000,1.0000,25.000,45.677,10.070,174.24
6821.00,5.000,11.789,1.719,1.719,0.000,0.000,1.0000,25.000,45.690,10.070,173.96
6826.00,5.000,11.787,1.717,1.717,0.000,0.000,1.0000,25.000,45.704,10.070,173.69
6831.00,5.000,11.785,1.715,1.715,0.000,0.000,1.0000,25.000,45.717,10.070,173.42
6836.00,5.000,11.783,1.713,1.713,0.000,0.000,1.0000,25.000,45.730,10.070,173.15
6841.00,5.000,11.781,1.711,1.711,0.000,0.000,1.0000,25.000,45.743,10.070,172.89
6846.00,5.000,11.779,1.709,1.709,0.000,0.000,1.0000,25.000,45.756,10.070,172.62
6851.00,5.000,11.776,1.707,1.707,0.000,0.000,1.0000,25.000,45.769,10.070,172.35
6856.00,5.000,11.774,1.705,1.705,0.000,0.000,1.0000,25.000,45.782,10.069,172.08
6861.00,5.000,11.772,1.703,1.703,0.000,0.000,1.0000,25.000,45.795,10.069,171.81
6866.00,5.000,11.770,1.701,1.701,0.000,0.000,1.0000,25.000,45.808,10.069,171.55
6871.00,5.000,11.768,1.699,1.699,0.000,0.000,1.0000,25.000,45.821,10.069,171.28
6876.00,5.000,11.766,1.697,1.697,0.000,0.000,1.0000,25.000,45.834,10.069,171.01
6881.00,5.000,11.764,1.695,1.695,0.000,0.000,1.0000,25.000,45.847,10.069,170.75
6886.00,5.000,11.762,1.693,1.693,0.000,0.000,1.0000,25.000,45.860,10.069,170.48
6891.00,5.000,11.759,1.691,1.691,0.000,0.000,1.0000,25.000,45.873,10.068,170.22
6896.00,5.000,11.757,1.689,1.689,0.000,0.000,1.0000,25.000,45.886,10.068,169.95
6901.00,5.000,11.755,1.687,1.687,0.000,0.000,1.0000,25.000,45.899,10.068,169.69
6906.00,5.000,11.753,1.685,1.685,0.000,0.000,1.0000,25.000,45.912,10.068,169.43
6911.00,5.000,11.751,1.683,1.683,0.000,0.000,1.0000,25.000,45.925,10.068,169.16
6916.00,5.000,11.749,1.681,1.681,0.000,0.000,1.0000,25.000,45.937,10.068,168.90
6921.00,5.000,11.747,1.679,1.679,0.000,0.000,1.0000,25.000,45.950,10.068,168.64
6926.00,5.000,11.745,1.677,1.677,0.000,0.000,1.0000,25.000,45.963,10.068,168.38
6931.00,5.000,11.743,1.675,1.675,0.000,0.000,1.0000,25.000,45.976,10.067,168.12
6936.00,5.000,11.741,1.673,1.673,0.000,0.000,1.0000,25.000,45.989,10.067,167.85
6941.00,5.000,11.739,1.671,1.671,0.000,0.000,1.0000,25.000,46.001,10.067,167.59
6946.00,5.000,11.736,1.669,1.669,0.000,0.000,1.0000,25.000,46.014,10.067,167.33
6951.00,5.000,11.734,1.667,1.667,0.000,0.000,1.0000,25.000,46.027,10.067,167.07
6956.00,5.000,11.732,1.665,1.665,0.000,0.000,1.0000,25.000,46.039,10.067,166.81
6961.00,5.000,11.730,1.663,1.663,0.000,0.000,1.0000,25.000,46.052,10.067,166.56
6966.00,5.000,11.728,1.662,1.662,0.000,0.000,1.0000,25.000,46.065,10.067,166.30
6971.00,5.000,11.726,1.660,1.660,0.000,0.000,1.0000,25.000,46.077,10.066,166.04
6976.00,5.000,11.724,1.658,1.658,0.000,0.000,1.0000,25.000,46.090,10.066,165.78
6981.00,5.000,11.722,1.656,1.656,0.000,0.000,1.0000,25.000,46.103,10.066,165.52
6986.00,5.000,11.720,1.654,1.654,0.000,0.000,1.0000,25.000,46.115,10.066,165.27
6991.00,5.000,11.718,1.652,1.652,0.000,0.000,1.0000,25.000,46.128,10.066,165.01
6996.00,5.000,11.716,1.650,1.650,0.000,0.000,1.0000,25.000,46.140,10.066,164.75
7001.00,5.000,11.714,1.648,1.648,0.000,0.000,1.0000,25.000,46.153,10.066,164.50
7006.00,5.000,11.712,1.646,1.646,0.000,0.000,1.0000,25.000,46.166,10.066,164.24
7011.00,5.000,11.710,1.644,1.644,0.000,0.000,1.0000,25.000,46.178,10.065,163.99
7016.00,5.000,11.708,1.642,1.642,0.000,0.000,1.0000,25.000,46.191,10.065,163.73
7021.00,5.000,11.706,1.640,1.640,0.000,0.000,1.0000,25.000,46.203,10.065,163.48
7026.00,5.000,11.704,1.638,1.638,0.000,0.000,1.0000,25.000,46.215,10.065,163.23
7031.00,5.000,11.702,1.636,1.636,0.000,0.000,1.0000,25.000,46.228,10.065,162.97
7036.00,5.000,11.699,1.635,1.635,0.000,0.000,1.0000,25.000,46.240,10.065,162.72
7041.00,5.000,11.697,1.633,1.633,0.000,0.000,1.0000,25.000,46.253,10.065,162.47
7046.00,5.000,11.695,1.631,1.631,0.000,0.000,1.0000,25.000,46.265,10.065,162.21
7051.00,5.000,11.693,1.629,1.629,0.000,0.000,1.0000,25.000,46.278,10.065,161.96
7056.00,5.000,11.691,1.627,1.627,0.000,0.000,1.0000,25.000,46.290,10.064,161.71
7061.00,5.000,11.689,1.625,1.625,0.000,0.000,1.0000,25.000,46.302,10.064,161.46
7066.00,5.000,11.687,1.623,1.623,0.000,0.000,1.0000,25.000,46.315,10.064,161.21
7071.00,5.000,11.685,1.621,1.621,0.000,0.000,1.0000,25.000,46.327,10.064,160.96
7076.00,5.000,11.683,1.619,1.619,0.000,0.000,1.0000,25.000,46.339,10.064,160.71
7081.00,5.000,11.681,1.618,1.618,0.000,0.000,1.0000,25.000,46.351,10.064,160.46
7086.00,5.000,11.679,1.616,1.616,0.000,0.000,1.0000,25.000,46.364,10.064,160.21
7091.00,5.000,11.677,1.614,1.614,0.000,0.000,1.0000,25.000,46.376,10.064,159.96
7096.00,5.000,11.675,1.612,1.612,0.000,0.000,1.0000,25.000,46.388,10.063,159.72
7101.00,5.000,11.673,1.610,1.610,0.000,0.000,1.0000,25.000,46.400,10.063,159.47
7106.00,5.000,11.671,1.608,1.608,0.000,0.000,1.0000,25.000,46.413,10.063,159.22
7111.00,5.000,11.669,1.606,1.606,0.000,0.000,1.0000,25.000,46.425,10.063,158.97
7116.00,5.000,11.667,1.604,1.604,0.000,0.000,1.0000,25.000,46.437,10.063,158.73
7121.00,5.000,11.665,1.603,1.603,0.000,0.000,1.0000,25.000,46.449,10.063,158.48
7126.00,5.000,11.664,1.601,1.601,0.000,0.000,1.0000,25.000,46.461,10.063,158.24
7131.00,5.000,11.662,1.599,1.599,0.000,0.000,1.0000,25.000,46.473,10.063,157.99
7136.00,5.000,11.660,1.597,1.597,0.000,0.000,1.0000,25.000,46.485,10.063,157.74
7141.00,5.000,11.658,1.595,1.595,0.000,0.000,1.0000,25.000,46.497,10.062,157.50
7146.00,5.000,11.656,1.593,1.593,0.000,0.000,1.0000,25.000,46.510,10.062,157.26
7151.00,5.000,11.654,1.591,1.591,0.000,0.000,1.0000,25.000,46.522,10.062,157.01
7156.00,5.000,11.652,1.590,1.590,0.000,0.000,1.0000,25.000,46.534,10.062,156.77
7161.00,5.000,11.650,1.588,1.588,0.000,0.000,1.0000,25.000,46.546,10.062,156.53
7166.00,5.000,11.648,1.586,1.586,0.000,0.000,1.0000,25.000,46.558,10.062,156.28
7171.00,5.000,11.646,1.584,1.584,0.000,0.000,1.0000,25.000,46.570,10.062,156.04
7176.00,5.000,11.644,1.582,1.582,0.000,0.000,1.0000,25.000,46.581,10.062,155.80
7181.00,5.000,11.642,1.580,1.580,0.000,0.000,1.0000,25.000,46.593,10.062,155.56
7186.00,5.000,11.640,1.579,1.579,0.000,0.000,1.0000,25.000,46.605,10.061,155.32
7191.00,5.000,11.638,1.577,1.577,0.000,0.000,1.0000,25.000,46.617,10.061,155.08
7196.00,5.000,11.636,1.575,1.575,0.000,0.000,1.0000,25.000,46.629,10.061,154.84
7201.00,5.000,11.634,1.573,1.573,0.000,0.000,1.0000,25.000,46.641,10.061,154.60
7206.00,5.000,11.632,1.571,1.571,0.000,0.000,1.0000,25.000,46.653,10.061,154.36
7211.00,5.000,11.630,1.569,1.569,0.000,0.000,1.0000,25.000,46.665,10.061,154.12
7216.00,5.000,11.628,1.568,1.568,0.000,0.000,1.0000,25.000,46.677,10.061,153.88
7221.00,5.000,11.627,1.566,1.566,0.000,0.000,1.0000,25.000,46.688,10.061,153.64
7226.00,5.000,11.625,1.564,1.564,0.000,0.000,1.0000,25.000,46.700,10.061,153.40
7231.00,5.000,11.623,1.562,1.562,0.000,0.000,1.0000,25.000,46.712,10.061,153.17
7236.00,5.000,11.621,1.560,1.560,0.000,0.000,1.0000,25.000,46.724,10.060,152.93
7241.00,5.000,11.619,1.559,1.559,0.000,0.000,1.0000,25.000,46.735,10.060,152.69
7246.00,5.000,11.617,1.557,1.557,0.000,0.000,1.0000,25.000,46.747,10.060,152.45
7251.00,5.000,11.615,1.555,1.555,0.000,0.000,1.0000,25.000,46.759,10.060,152.22
7256.00,5.000,11.613,1.553,1.553,0.000,0.000,1.0000,25.000,46.770,10.060,151.98
7261.00,5.000,11.611,1.551,1.551,0.000,0.000,1.0000,25.000,46.782,10.060,151.75
7266.00,5.000,11.609,1.550,1.550,0.000,0.000,1.0000,25.000,46.794,10.060,151.51
7271.00,5.000,11.607,1.548,1.548,0.000,0.000,1.0000,25.000,46.805,10.060,151.28
7276.00,5.000,11.606,1.546,1.546,0.000,0.000,1.0000,25.000,46.817,10.060,151.04
7281.00,5.000,11.604,1.544,1.544,0.000,0.000,1.0000,25.000,46.829,10.059,150.81
7286.00,5.000,11.602,1.542,1.542,0.000,0.000,1.0000,25.000,46.840,10.059,150.58
7291.00,5.000,11.600,1.541,1.541,0.000,0.000,1.0000,25.000,46.852,10.059,150.34
7296.00,5.000,11.598,1.539,1.539,0.000,0.000,1.0000,25.000,46.863,10.059,150.11
7301.00,5.000,11.596,1.537,1.537,0.000,0.000,1.0000,25.000,46.875,10.059,149.88
7306.00,5.000,11.594,1.535,1.535,0.000,0.000,1.0000,25.000,46.886,10.059,149.65
7311.00,5.000,11.592,1.534,1.534,0.000,0.000,1.0000,25.000,46.898,10.059,149.42
7316.00,5.000,11.591,1.532,1.532,0.000,0.000,1.0000,25.000,46.909,10.059,149.18
7321.00,5.000,11.589,1.530,1.530,0.000,0.000,1.0000,25.000,46.921,10.059,148.95
7326.00,5.000,11.587,1.528,1.528,0.000,0.000,1.0000,25.000,46.932,10.059,148.72
7331.00,5.000,11.585,1.527,1.527,0.000,0.000,1.0000,25.000,46.944,10.058,148.49
7336.00,5.000,11.583,1.525,1.525,0.000,0.000,1.0000,25.000,46.955,10.058,148.26
7341.00,5.000,11.581,1.523,1.523,0.000,0.000,1.0000,25.000,46.966,10.058,148.03
7346.00,5.000,11.579,1.521,1.521,0.000,0.000,1.0000,25.000,46.978,10.058,147.81
7351.00,5.000,11.578,1.520,1.520,0.000,0.000,1.0000,25.000,46.989,10.058,147.58
7356.00,5.000,11.576,1.518,1.518,0.000,0.000,1.0000,25.000,47.001,10.058,147.35
7361.00,5.000,11.574,1.516,1.516,0.000,0.000,1.0000,25.000,47.012,10.058,147.12
7366.00,5.000,11.572,1.514,1.514,0.000,0.000,1.0000,25.000,47.023,10.058,146.89
7371.00,5.000,11.570,1.513,1.513,0.000,0.000,1.0000,25.000,47.034,10.058,146.67
7376.00,5.000,11.568,1.511,1.511,0.000,0.000,1.0000,25.000,47.046,10.058,146.44
7381.00,5.000,11.567,1.509,1.509,0.000,0.000,1.0000,25.000,47.057,10.057,146.21
7386.00,5.000,11.565,1.507,1.507,0.000,0.000,1.0000,25.000,47.068,10.057,145.99
7391.00,5.000,11.563,1.506,1.506,0.000,0.000,1.0000,25.000,47.079,10.057,145.76
7396.00,5.000,11.561,1.504,1.504,0.000,0.000,1.0000,25.000,47.091,10.057,145.54
7401.00,5.000,11.559,1.502,1.502,0.000,0.000,1.0000,25.000,47.102,10.057,145.31
7406.00,5.000,11.557,1.500,1.500,0.000,0.000,1.0000,25.000,47.113,10.057,145.09
7411.00,5.000,11.556,1.499,1.499,0.000,0.000,1.0000,25.000,47.124,10.057,144.86
7416.00,5.000,11.554,1.497,1.497,0.000,0.000,1.0000,25.000,47.135,10.057,144.64
7421.00,5.000,11.552,1.495,1.495,0.000,0.000,1.0000,25.000,47.146,10.057,144.42
7426.00,5.000,11.550,1.494,1.494,0.000,0.000,1.0000,25.000,47.158,10.057,144.19
7431.00,5.000,11.548,1.492,1.492,0.000,0.000,1.0000,25.000,47.169,10.057,143.97
7436.00,5.000,11.547,1.490,1.490,0.000,0.000,1.0000,25.000,47.180,10.056,143.75
7441.00,5.000,11.545,1.488,1.488,0.000,0.000,1.0000,25.000,47.191,10.056,143.53
7446.00,5.000,11.543,1.487,1.487,0.000,0.000,1.0000,25.000,47.202,10.056,143.31
7451.00,5.000,11.541,1.485,1.485,0.000,0.000,1.0000,25.000,47.213,10.056,143.08
7456.00,5.000,11.539,1.483,1.483,0.000,0.000,1.0000,25.000,47.224,10.056,142.86
7461.00,5.000,11.538,1.482,1.482,0.000,0.000,1.0000,25.000,47.235,10.056,142.64
7466.00,5.000,11.536,1.480,1.480,0.000,0.000,1.0000,25.000,47.246,10.056,142.42
7471.00,5.000,11.534,1.478,1.478,0.000,0.000,1.0000,25.000,47.257,10.056,142.20
7476.00,5.000,11.532,1.477,1.477,0.000,0.000,1.0000,25.000,47.268,10.056,141.98
7481.00,5.000,11.531,1.475,1.475,0.000,0.000,1.0000,25.000,47.279,10.056,141.76
7486.00,5.000,11.529,1.473,1.473,0.000,0.000,1.0000,25.000,47.289,10.056,141.55
7491.00,5.000,11.527,1.472,1.472,0.000,0.000,1.0000,25.000,47.300,10.055,141.33
7496.00,5.000,11.525,1.470,1.470,0.000,0.000,1.0000,25.000,47.311,10.055,141.11
7501.00,5.000,11.523,1.468,1.468,0.000,0.000,1.0000,25.000,47.322,10.055,140.89
7506.00,5.000,11.522,1.467,1.467,0.000,0.000,1.0000,25.000,47.333,10.055,140.68
7511.00,5.000,11.520,1.465,1.465,0.000,0.000,1.0000,25.000,47.344,10.055,140.46
7516.00,5.000,11.518,1.463,1.463,0.000,0.000,1.0000,25.000,47.355,10.055,140.24
7521.00,5.000,11.516,1.462,1.462,0.000,0.000,1.0000,25.000,47.365,10.055,140.03
7526.00,5.000,11.515,1.460,1.460,0.000,0.000,1.0000,25.000,47.376,10.055,139.81
7531.00,5.000,11.513,1.458,1.458,0.000,0.000,1.0000,25.000,47.387,10.055,139.59
7536.00,5.000,11.511,1.457,1.457,0.000,0.000,1.0000,25.000,47.398,10.055,139.38
7541.00,5.000,11.509,1.455,1.455,0.000,0.000,1.0000,25.000,47.408,10.055,139.16
7546.00,5.000,11.508,1.453,1.453,0.000,0.000,1.0000,25.000,47.419,10.054,138.95
7551.00,5.000,11.506,1.452,1.452,0.000,0.000,1.0000,25.000,47.430,10.054,138.74
7556.00,5.000,11.504,1.450,1.450,0.000,0.000,1.0000,25.000,47.440,10.054,138.52
7561.00,5.000,11.502,1.448,1.448,0.000,0.000,1.0000,25.000,47.451,10.054,138.31
7566.00,5.000,11.501,1.447,1.447,0.000,0.000,1.0000,25.000,47.462,10.054,138.10
7571.00,5.000,11.499,1.445,1.445,0.000,0.000,1.0000,25.000,47.472,10.054,137.88
7576.00,5.000,11.497,1.443,1.443,0.000,0.000,1.0000,25.000,47.483,10.054,137.67
7581.00,5.000,11.495,1.442,1.442,0.000,0.000,1.0000,25.000,47.493,10.054,137.46
7586.00,5.000,11.494,1.440,1.440,0.000,0.000,1.0000,25.000,47.504,10.054,137.25
7591.00,5.000,11.492,1.438,1.438,0.000,0.000,1.0000,25.000,47.515,10.054,137.04
7596.00,5.000,11.490,1.437,1.437,0.000,0.000,1.0000,25.000,47.525,10.054,136.82
7601.00,5.000,11.489,1.435,1.435,0.000,0.000,1.0000,25.000,47.536,10.053,136.61
7606.00,5.000,11.487,1.434,1.434,0.000,0.000,1.0000,25.000,47.546,10.053,136.40
7611.00,5.000,11.485,1.432,1.432,0.000,0.000,1.0000,25.000,47.557,10.053,136.19
7616.00,5.000,11.483,1.430,1.430,0.000,0.000,1.0000,25.000,47.567,10.053,135.98
7621.00,5.000,11.482,1.429,1.429,0.000,0.000,1.0000,25.000,47.578,10.053,135.78
7626.00,5.000,11.480,1.427,1.427,0.000,0.000,1.0000,25.000,47.588,10.053,135.57
7631.00,5.000,11.478,1.425,1.425,0.000,0.000,1.0000,25.000,47.598,10.053,135.36
7636.00,5.000,11.477,1.424,1.424,0.000,0.000,1.0000,25.000,47.609,10.053,135.15
7641.00,5.000,11.475,1.422,1.422,0.000,0.000,1.0000,25.000,47.619,10.053,134.94
7646.00,5.000,11.473,1.421,1.421,0.000,0.000,1.0000,25.000,47.629,10.053,134.73
7651.00,5.000,11.472,1.419,1.419,0.000,0.000,1.0000,25.000,47.640,10.053,134.53
7656.00,5.000,11.470,1.417,1.417,0.000,0.000,1.0000,25.000,47.650,10.053,134.32
7661.00,5.000,11.468,1.416,1.416,0.000,0.000,1.0000,25.000,47.660,10.052,134.11
7666.00,5.000,11.467,1.414,1.414,0.000,0.000,1.0000,25.000,47.671,10.052,133.91
7671.00,5.000,11.465,1.413,1.413,0.000,0.000,1.0000,25.000,47.681,10.052,133.70
7676.00,5.000,11.463,1.411,1.411,0.000,0.000,1.0000,25.000,47.691,10.052,133.50
7681.00,5.000,11.461,1.409,1.409,0.000,0.000,1.0000,25.000,47.702,10.052,133.29
7686.00,5.000,11.460,1.408,1.408,0.000,0.000,1.0000,25.000,47.712,10.052,133.09
7691.00,5.000,11.458,1.406,1.406,0.000,0.000,1.0000,25.000,47.722,10.052,132.88
7696.00,5.000,11.456,1.405,1.405,0.000,0.000,1.0000,25.000,47.732,10.052,132.68
7701.00,5.000,11.455,1.403,1.403,0.000,0.000,1.0000,25.000,47.742,10.052,132.47
7706.00,5.000,11.453,1.401,1.401,0.000,0.000,1.0000,25.000,47.753,10.052,132.27
7711.00,5.000,11.451,1.400,1.400,0.000,0.000,1.0000,25.000,47.763,10.052,132.07
7716.00,5.000,11.450,1.398,1.398,0.000,0.000,1.0000,25.000,47.773,10.052,131.86
7721.00,5.000,11.448,1.397,1.397,0.000,0.000,1.0000,25.000,47.783,10.051,131.66
7726.00,5.000,11.447,1.395,1.395,0.000,0.000,1.0000,25.000,47.793,10.051,131.46
7731.00,5.000,11.445,1.394,1.394,0.000,0.000,1.0000,25.000,47.803,10.051,131.26
7736.00,5.000,11.443,1.392,1.392,0.000,0.000,1.0000,25.000,47.813,10.051,131.06
7741.00,5.000,11.442,1.390,1.390,0.000,0.000,1.0000,25.000,47.823,10.051,130.86
7746.00,5.000,11.440,1.389,1.389,0.000,0.000,1.0000,25.000,47.833,10.051,130.66
7751.00,5.000,11.438,1.387,1.387,0.000,0.000,1.0000,25.000,47.843,10.051,130.45
7756.00,5.000,11.437,1.386,1.386,0.000,0.000,1.0000,25.000,47.853,10.051,130.25
7761.00,5.000,11.435,1.384,1.384,0.000,0.000,1.0000,25.000,47.863,10.051,130.05
7766.00,5.000,11.433,1.383,1.383,0.000,0.000,1.0000,25.000,47.873,10.051,129.86
7771.00,5.000,11.432,1.381,1.381,0.000,0.000,1.0000,25.000,47.883,10.051,129.66
7776.00,5.000,11.430,1.379,1.379,0.000,0.000,1.0000,25.000,47.893,10.051,129.46
7781.00,5.000,11.428,1.378,1.378,0.000,0.000,1.0000,25.000,47.903,10.051,129.26
7786.00,5.000,11.427,1.376,1.376,0.000,0.000,1.0000,25.000,47.913,10.050,129.06
7791.00,5.000,11.425,1.375,1.375,0.000,0.000,1.0000,25.000,47.923,10.050,128.86
7796.00,5.000,11.424,1.373,1.373,0.000,0.000,1.0000,25.000,47.933,10.050,128.67
7801.00,5.000,11.422,1.372,1.372,0.000,0.000,1.0000,25.000,47.942,10.050,128.47
7806.00,5.000,11.420,1.370,1.370,0.000,0.000,1.0000,25.000,47.952,10.050,128.27
7811.00,5.000,11.419,1.369,1.369,0.000,0.000,1.0000,25.000,47.962,10.050,128.08
7816.00,5.000,11.417,1.367,1.367,0.000,0.000,1.0000,25.000,47.972,10.050,127.88
7821.00,5.000,11.416,1.366,1.366,0.000,0.000,1.0000,25.000,47.982,10.050,127.68
7826.00,5.000,11.414,1.364,1.364,0.000,0.000,1.0000,25.000,47.991,10.050,127.49
7831.00,5.000,11.412,1.363,1.363,0.000,0.000,1.0000,25.000,48.001,10.050,127.29
7836.00,5.000,11.411,1.361,1.361,0.000,0.000,1.0000,25.000,48.011,10.050,127.10
7841.00,5.000,11.409,1.359,1.359,0.000,0.000,1.0000,25.000,48.021,10.050,126.90
7846.00,5.000,11.408,1.358,1.358,0.000,0.000,1.0000,25.000,48.030,10.050,126.71
7851.00,5.000,11.406,1.356,1.356,0.000,0.000,1.0000,25.000,48.040,10.049,126.51
7856.00,5.000,11.404,1.355,1.355,0.000,0.000,1.0000,25.000,48.050,10.049,126.32
7861.00,5.000,11.403,1.353,1.353,0.000,0.000,1.0000,25.000,48.059,10.049,126.13
7866.00,5.000,11.401,1.352,1.352,0.000,0.000,1.0000,25.000,48.069,10.049,125.93
7871.00,5.000,11.400,1.350,1.350,0.000,0.000,1.0000,25.000,48.079,10.049,125.74
7876.00,5.000,11.398,1.349,1.349,0.000,0.000,1.0000,25.000,48.088,10.049,125.55
7881.00,5.000,11.396,1.347,1.347,0.000,0.000,1.0000,25.000,48.098,10.049,125.36
7886.00,5.000,11.395,1.346,1.346,0.000,0.000,1.0000,25.000,48.107,10.049,125.17
7891.00,5.000,11.393,1.344,1.344,0.000,0.000,1.0000,25.000,48.117,10.049,124.97
7896.00,5.000,11.392,1.343,1.343,0.000,0.000,1.0000,25.000,48.126,10.049,124.78
7901.00,5.000,11.390,1.341,1.341,0.000,0.000,1.0000,25.000,48.136,10.049,124.59
7906.00,5.000,11.389,1.340,1.340,0.000,0.000,1.0000,25.000,48.145,10.049,124.40
7911.00,5.000,11.387,1.338,1.338,0.000,0.000,1.0000,25.000,48.155,10.049,124.21
7916.00,5.000,11.385,1.337,1.337,0.000,0.000,1.0000,25.000,48.164,10.049,124.02
7921.00,5.000,11.384,1.335,1.335,0.000,0.000,1.0000,25.000,48.174,10.048,123.83
7926.00,5.000,11.382,1.334,1.334,0.000,0.000,1.0000,25.000,48.183,10.048,123.64
7931.00,5.000,11.381,1.332,1.332,0.000,0.000,1.0000,25.000,48.193,10.048,123.46
7936.00,5.000,11.379,1.331,1.331,0.000,0.000,1.0000,25.000,48.202,10.048,123.27
7941.00,5.000,11.378,1.329,1.329,0.000,0.000,1.0000,25.000,48.211,10.048,123.08
7946.00,5.000,11.376,1.328,1.328,0.000,0.000,1.0000,25.000,48.221,10.048,122.89
7951.00,5.000,11.375,1.326,1.326,0.000,0.000,1.0000,25.000,48.230,10.048,122.70
7956.00,5.000,11.373,1.325,1.325,0.000,0.000,1.0000,25.000,48.239,10.048,122.52
7961.00,5.000,11.371,1.324,1.324,0.000,0.000,1.0000,25.000,48.249,10.048,122.33
7966.00,5.000,11.370,1.322,1.322,0.000,0.000,1.0000,25.000,48.258,10.048,122.14
7971.00,5.000,11.368,1.321,1.321,0.000,0.000,1.0000,25.000,48.267,10.048,121.96
7976.00,5.000,11.367,1.319,1.319,0.000,0.000,1.0000,25.000,48.277,10.048,121.77
7981.00,5.000,11.365,1.318,1.318,0.000,0.000,1.0000,25.000,48.286,10.048,121.58
7986.00,5.000,11.364,1.316,1.316,0.000,0.000,1.0000,25.000,48.295,10.048,121.40
7991.00,5.000,11.362,1.315,1.315,0.000,0.000,1.0000,25.000,48.304,10.048,121.21
7996.00,5.000,11.361,1.313,1.313,0.000,0.000,1.0000,25.000,48.313,10.047,121.03
8001.00,5.000,11.359,1.312,1.312,0.000,0.000,1.0000,25.000,48.323,10.047,120.84
8006.00,5.000,11.358,1.310,1.310,0.000,0.000,1.0000,25.000,48.332,10.047,120.66
8011.00,5.000,11.356,1.309,1.309,0.000,0.000,1.0000,25.000,48.341,10.047,120.48
8016.00,5.000,11.355,1.307,1.307,0.000,0.000,1.0000,25.000,48.350,10.047,120.29
8021.00,5.000,11.353,1.306,1.306,0.000,0.000,1.0000,25.000,48.359,10.047,120.11
8026.00,5.000,11.352,1.305,1.305,0.000,0.000,1.0000,25.000,48.368,10.047,119.93
8031.00,5.000,11.350,1.303,1.303,0.000,0.000,1.0000,25.000,48.377,10.047,119.74
8036.00,5.000,11.349,1.302,1.302,0.000,0.000,1.0000,25.000,48.386,10.047,119.56
8041.00,5.000,11.347,1.300,1.300,0.000,0.000,1.0000,25.000,48.395,10.047,119.38
8046.00,5.000,11.346,1.299,1.299,0.000,0.000,1.0000,25.000,48.404,10.047,119.20
8051.00,5.000,11.344,1.297,1.297,0.000,0.000,1.0000,25.000,48.413,10.047,119.02
8056.00,5.000,11.343,1.296,1.296,0.000,0.000,1.0000,25.000,48.422,10.047,118.83
8061.00,5.000,11.341,1.295,1.295,0.000,0.000,1.0000,25.000,48.431,10.047,118.65
8066.00,5.000,11.340,1.293,1.293,0.000,0.000,1.0000,25.000,48.440,10.047,118.47
8071.00,5.000,11.338,1.292,1.292,0.000,0.000,1.0000,25.000,48.449,10.046,118.29
8076.00,5.000,11.337,1.290,1.290,0.000,0.000,1.0000,25.000,48.458,10.046,118.11
8081.00,5.000,11.335,1.289,1.289,0.000,0.000,1.0000,25.000,48.467,10.046,117.93
8086.00,5.000,11.334,1.287,1.287,0.000,0.000,1.0000,25.000,48.476,10.046,117.75
8091.00,5.000,11.332,1.286,1.286,0.000,0.000,1.0000,25.000,48.485,10.046,117.57
8096.00,5.000,11.331,1.285,1.285,0.000,0.000,1.0000,25.000,48.494,10.046,117.40
8101.00,5.000,11.329,1.283,1.283,0.000,0.000,1.0000,25.000,48.503,10.046,117.22
8106.00,5.000,11.328,1.282,1.282,0.000,0.000,1.0000,25.000,48.512,10.046,117.04
8111.00,5.000,11.326,1.280,1.280,0.000,0.000,1.0000,25.000,48.520,10.046,116.86
8116.00,5.000,11.325,1.279,1.279,0.000,0.000,1.0000,25.000,48.529,10.046,116.68
8121.00,5.000,11.323,1.277,1.277,0.000,0.000,1.0000,25.000,48.538,10.046,116.51
8126.00,5.000,11.322,1.276,1.276,0.000,0.000,1.0000,25.000,48.547,10.046,116.33
8131.00,5.000,11.320,1.275,1.275,0.000,0.000,1.0000,25.000,48.555,10.046,116.15
8136.00,5.000,11.319,1.273,1.273,0.000,0.000,1.0000,25.000,48.564,10.046,115.98
8141.00,5.000,11.317,1.272,1.272,0.000,0.000,1.0000,25.000,48.573,10.046,115.80
8146.00,5.000,11.316,1.270,1.270,0.000,0.000,1.0000,25.000,48.582,10.046,115.62
8151.00,5.000,11.315,1.269,1.269,0.000,0.000,1.0000,25.000,48.590,10.045,115.45
8156.00,5.000,11.313,1.268,1.268,0.000,0.000,1.0000,25.000,48.599,10.045,115.27
8161.00,5.000,11.312,1.266,1.266,0.000,0.000,1.0000,25.000,48.608,10.045,115.10
8166.00,5.000,11.310,1.265,1.265,0.000,0.000,1.0000,25.000,48.616,10.045,114.92
8171.00,5.000,11.309,1.263,1.263,0.000,0.000,1.0000,25.000,48.625,10.045,114.75
8176.00,5.000,11.307,1.262,1.262,0.000,0.000,1.0000,25.000,48.633,10.045,114.58
8181.00,5.000,11.306,1.261,1.261,0.000,0.000,1.0000,25.000,48.642,10.045,114.40
8186.00,5.000,11.304,1.259,1.259,0.000,0.000,1.0000,25.000,48.651,10.045,114.23
8191.00,5.000,11.303,1.258,1.258,0.000,0.000,1.0000,25.000,48.659,10.045,114.06
8196.00,5.000,11.302,1.257,1.257,0.000,0.000,1.0000,25.000,48.668,10.045,113.88
8201.00,5.000,11.300,1.255,1.255,0.000,0.000,1.0000,25.000,48.676,10.045,113.71
8206.00,5.000,11.299,1.254,1.254,0.000,0.000,1.0000,25.000,48.685,10.045,113.54
8211.00,5.000,11.297,1.252,1.252,0.000,0.000,1.0000,25.000,48.693,10.045,113.37
8216.00,5.000,11.296,1.251,1.251,0.000,0.000,1.0000,25.000,48.702,10.045,113.19
8221.00,5.000,11.294,1.250,1.250,0.000,0.000,1.0000,25.000,48.710,10.045,113.02
8226.00,5.000,11.293,1.248,1.248,0.000,0.000,1.0000,25.000,48.719,10.045,112.85
8231.00,5.000,11.291,1.247,1.247,0.000,0.000,1.0000,25.000,48.727,10.045,112.68
8236.00,5.000,11.290,1.246,1.246,0.000,0.000,1.0000,25.000,48.735,10.044,112.51
8241.00,5.000,11.289,1.244,1.244,0.000,0.000,1.0000,25.000,48.744,10.044,112.34
8246.00,5.000,11.287,1.243,1.243,0.000,0.000,1.0000,25.000,48.752,10.044,112.17
8251.00,5.000,11.286,1.242,1.242,0.000,0.000,1.0000,25.000,48.761,10.044,112.00
8256.00,5.000,11.284,1.240,1.240,0.000,0.000,1.0000,25.000,48.769,10.044,111.83
8261.00,5.000,11.283,1.239,1.239,0.000,0.000,1.0000,25.000,48.777,10.044,111.66
8266.00,5.000,11.282,1.237,1.237,0.000,0.000,1.0000,25.000,48.786,10.044,111.49
8271.00,5.000,11.280,1.236,1.236,0.000,0.000,1.0000,25.000,48.794,10.044,111.32
8276.00,5.000,11.279,1.235,1.235,0.000,0.000,1.0000,25.000,48.802,10.044,111.16
8281.00,5.000,11.277,1.233,1.233,0.000,0.000,1.0000,25.000,48.810,10.044,110.99
8286.00,5.000,11.276,1.232,1.232,0.000,0.000,1.0000,25.000,48.819,10.044,110.82
8291.00,5.000,11.275,1.231,1.231,0.000,0.000,1.0000,25.000,48.827,10.044,110.65
8296.00,5.000,11.273,1.229,1.229,0.000,0.000,1.0000,25.000,48.835,10.044,110.49
8301.00,5.000,11.272,1.228,1.228,0.000,0.000,1.0000,25.000,48.843,10.044,110.32
8306.00,5.000,11.270,1.227,1.227,0.000,0.000,1.0000,25.000,48.851,10.044,110.15
8311.00,5.000,11.269,1.225,1.225,0.000,0.000,1.0000,25.000,48.860,10.044,109.99
8316.00,5.000,11.268,1.224,1.224,0.000,0.000,1.0000,25.000,48.868,10.044,109.82
8321.00,5.000,11.266,1.223,1.223,0.000,0.000,1.0000,25.000,48.876,10.044,109.65
8326.00,5.000,11.265,1.221,1.221,0.000,0.000,1.0000,25.000,48.884,10.043,109.49
8331.00,5.000,11.263,1.220,1.220,0.000,0.000,1.0000,25.000,48.892,10.043,109.32
8336.00,5.000,11.262,1.219,1.219,0.000,0.000,1.0000,25.000,48.900,10.043,109.16
8341.00,5.000,11.261,1.217,1.217,0.000,0.000,1.0000,25.000,48.908,10.043,108.99
8346.00,5.000,11.259,1.216,1.216,0.000,0.000,1.0000,25.000,48.916,10.043,108.83
8351.00,5.000,11.258,1.215,1.215,0.000,0.000,1.0000,25.000,48.924,10.043,108.66
8356.00,5.000,11.257,1.213,1.213,0.000,0.000,1.0000,25.000,48.932,10.043,108.50
8361.00,5.000,11.255,1.212,1.212,0.000,0.000,1.0000,25.000,48.940,10.043,108.34
8366.00,5.000,11.254,1.211,1.211,0.000,0.000,1.0000,25.000,48.948,10.043,108.17
8371.00,5.000,11.252,1.210,1.210,0.000,0.000,1.0000,25.000,48.956,10.043,108.01
8376.00,5.000,11.251,1.208,1.208,0.000,0.000,1.0000,25.000,48.964,10.043,107.85
8381.00,5.000,11.250,1.207,1.207,0.000,0.000,1.0000,25.000,48.972,10.043,107.69
8386.00,5.000,11.248,1.206,1.206,0.000,0.000,1.0000,25.000,48.980,10.043,107.52
8391.00,5.000,11.247,1.204,1.204,0.000,0.000,1.0000,25.000,48.988,10.043,107.36
8396.00,5.000,11.246,1.203,1.203,0.000,0.000,1.0000,25.000,48.996,10.043,107.20
8401.00,5.000,11.244,1.202,1.202,0.000,0.000,1.0000,25.000,49.004,10.043,107.04
8406.00,5.000,11.243,1.200,1.200,0.000,0.000,1.0000,25.000,49.012,10.043,106.88
8411.00,5.000,11.242,1.199,1.199,0.000,0.000,1.0000,25.000,49.019,10.043,106.72
8416.00,5.000,11.240,1.198,1.198,0.000,0.000,1.0000,25.000,49.027,10.042,106.56
8421.00,5.000,11.239,1.196,1.196,0.000,0.000,1.0000,25.000,49.035,10.042,106.40
8426.00,5.000,11.238,1.195,1.195,0.000,0.000,1.0000,25.000,49.043,10.042,106.24
8431.00,5.000,11.236,1.194,1.194,0.000,0.000,1.0000,25.000,49.051,10.042,106.08
8436.00,5.000,11.235,1.193,1.193,0.000,0.000,1.0000,25.000,49.058,10.042,105.92
8441.00,5.000,11.234,1.191,1.191,0.000,0.000,1.0000,25.000,49.066,10.042,105.76
8446.00,5.000,11.232,1.190,1.190,0.000,0.000,1.0000,25.000,49.074,10.042,105.60
8451.00,5.000,11.231,1.189,1.189,0.000,0.000,1.0000,25.000,49.082,10.042,105.44
8456.00,5.000,11.230,1.187,1.187,0.000,0.000,1.0000,25.000,49.089,10.042,105.28
8461.00,5.000,11.228,1.186,1.186,0.000,0.000,1.0000,25.000,49.097,10.042,105.12
8466.00,5.000,11.227,1.185,1.185,0.000,0.000,1.0000,25.000,49.105,10.042,104.96
8471.00,5.000,11.226,1.184,1.184,0.000,0.000,1.0000,25.000,49.112,10.042,104.81
8476.00,5.000,11.224,1.182,1.182,0.000,0.000,1.0000,25.000,49.120,10.042,104.65
8481.00,5.000,11.223,1.181,1.181,0.000,0.000,1.0000,25.000,49.127,10.042,104.49
8486.00,5.000,11.222,1.180,1.180,0.000,0.000,1.0000,25.000,49.135,10.042,104.34
8491.00,5.000,11.220,1.179,1.179,0.000,0.000,1.0000,25.000,49.143,10.042,104.18
8496.00,5.000,11.219,1.177,1.177,0.000,0.000,1.0000,25.000,49.150,10.042,104.02
8501.00,5.000,11.218,1.176,1.176,0.000,0.000,1.0000,25.000,49.158,10.042,103.87
8506.00,5.000,11.216,1.175,1.175,0.000,0.000,1.0000,25.000,49.165,10.042,103.71
8511.00,5.000,11.215,1.173,1.173,0.000,0.000,1.0000,25.000,49.173,10.042,103.55
8516.00,5.000,11.214,1.172,1.172,0.000,0.000,1.0000,25.000,49.180,10.041,103.40
8521.00,5.000,11.212,1.171,1.171,0.000,0.000,1.0000,25.000,49.188,10.041,103.24
8526.00,5.000,11.211,1.170,1.170,0.000,0.000,1.0000,25.000,49.195,10.041,103.09
8531.00,5.000,11.210,1.168,1.168,0.000,0.000,1.0000,25.000,49.203,10.041,102.93
8536.00,5.000,11.209,1.167,1.167,0.000,0.000,1.0000,25.000,49.210,10.041,102.78
8541.00,5.000,11.207,1.166,1.166,0.000,0.000,1.0000,25.000,49.218,10.041,102.63
8546.00,5.000,11.206,1.165,1.165,0.000,0.000,1.0000,25.000,49.225,10.041,102.47
8551.00,5.000,11.205,1.163,1.163,0.000,0.000,1.0000,25.000,49.232,10.041,102.32
8556.00,5.000,11.203,1.162,1.162,0.000,0.000,1.0000,25.000,49.240,10.041,102.17
8561.00,5.000,11.202,1.161,1.161,0.000,0.000,1.0000,25.000,49.247,10.041,102.01
8566.00,5.000,11.201,1.160,1.160,0.000,0.000,1.0000,25.000,49.254,10.041,101.86
8571.00,5.000,11.199,1.158,1.158,0.000,0.000,1.0000,25.000,49.262,10.041,101.71
8576.00,5.000,11.198,1.157,1.157,0.000,0.000,1.0000,25.000,49.269,10.041,101.56
8581.00,5.000,11.197,1.156,1.156,0.000,0.000,1.0000,25.000,49.276,10.041,101.40
8586.00,5.000,11.196,1.155,1.155,0.000,0.000,1.0000,25.000,49.284,10.041,101.25
8591.00,5.000,11.194,1.154,1.154,0.000,0.000,1.0000,25.000,49.291,10.041,101.10
8596.00,5.000,11.193,1.152,1.152,0.000,0.000,1.0000,25.000,49.298,10.041,100.95
8601.00,5.000,11.192,1.151,1.151,0.000,0.000,1.0000,25.000,49.305,10.041,100.80
8606.00,5.000,11.191,1.150,1.150,0.000,0.000,1.0000,25.000,49.313,10.041,100.65
8611.00,5.000,11.189,1.149,1.149,0.000,0.000,1.0000,25.000,49.320,10.041,100.50
8616.00,5.000,11.188,1.147,1.147,0.000,0.000,1.0000,25.000,49.327,10.041,100.35
8621.00,5.000,11.187,1.146,1.146,0.000,0.000,1.0000,25.000,49.334,10.041,100.20
8626.00,5.000,11.185,1.145,1.145,0.000,0.000,1.0000,25.000,49.341,10.040,100.05
8631.00,5.000,11.184,1.144,1.144,0.000,0.000,1.0000,25.000,49.348,10.040,99.90
8636.00,5.000,11.183,1.143,1.143,0.000,0.000,1.0000,25.000,49.356,10.040,99.75
8641.00,5.000,11.182,1.141,1.141,0.000,0.000,1.0000,25.000,49.363,10.040,99.60
8646.00,5.000,11.180,1.140,1.140,0.000,0.000,1.0000,25.000,49.370,10.040,99.45
8651.00,5.000,11.179,1.139,1.139,0.000,0.000,1.0000,25.000,49.377,10.040,99.30
8656.00,5.000,11.178,1.138,1.138,0.000,0.000,1.0000,25.000,49.384,10.040,99.16
8661.00,5.000,11.177,1.136,1.136,0.000,0.000,1.0000,25.000,49.391,10.040,99.01
8666.00,5.000,11.175,1.135,1.135,0.000,0.000,1.0000,25.000,49.398,10.040,98.86
8671.00,5.000,11.174,1.134,1.134,0.000,0.000,1.0000,25.000,49.405,10.040,98.71
8676.00,5.000,11.173,1.133,1.133,0.000,0.000,1.0000,25.000,49.412,10.040,98.57
8681.00,5.000,11.172,1.132,1.132,0.000,0.000,1.0000,25.000,49.419,10.040,98.42
8686.00,5.000,11.170,1.130,1.130,0.000,0.000,1.0000,25.000,49.426,10.040,98.27
8691.00,5.000,11.169,1.129,1.129,0.000,0.000,1.0000,25.000,49.433,10.040,98.13
8696.00,5.000,11.168,1.128,1.128,0.000,0.000,1.0000,25.000,49.440,10.040,97.98
8701.00,5.000,11.167,1.127,1.127,0.000,0.000,1.0000,25.000,49.447,10.040,97.83
8706.00,5.000,11.165,1.126,1.126,0.000,0.000,1.0000,25.000,49.454,10.040,97.69
8711.00,5.000,11.164,1.124,1.124,0.000,0.000,1.0000,25.000,49.460,10.040,97.54
8716.00,5.000,11.163,1.123,1.123,0.000,0.000,1.0000,25.000,49.467,10.040,97.40
8721.00,5.000,11.162,1.122,1.122,0.000,0.000,1.0000,25.000,49.474,10.040,97.25
8726.00,5.000,11.161,1.121,1.121,0.000,0.000,1.0000,25.000,49.481,10.040,97.11
8731.00,5.000,11.159,1.120,1.120,0.000,0.000,1.0000,25.000,49.488,10.040,96.96
8736.00,5.000,11.158,1.119,1.119,0.000,0.000,1.0000,25.000,49.495,10.040,96.82
8741.00,5.000,11.157,1.117,1.117,0.000,0.000,1.0000,25.000,49.501,10.039,96.67
8746.00,5.000,11.156,1.116,1.116,0.000,0.000,1.0000,25.000,49.508,10.039,96.53
8751.00,5.000,11.154,1.115,1.115,0.000,0.000,1.0000,25.000,49.515,10.039,96.39
8756.00,5.000,11.153,1.114,1.114,0.000,0.000,1.0000,25.000,49.522,10.039,96.24
8761.00,5.000,11.152,1.113,1.113,0.000,0.000,1.0000,25.000,49.528,10.039,96.10
8766.00,5.000,11.151,1.111,1.111,0.000,0.000,1.0000,25.000,49.535,10.039,95.96
8771.00,5.000,11.150,1.110,1.110,0.000,0.000,1.0000,25.000,49.542,10.039,95.82
8776.00,5.000,11.148,1.109,1.109,0.000,0.000,1.0000,25.000,49.549,10.039,95.67
8781.00,5.000,11.147,1.108,1.108,0.000,0.000,1.0000,25.000,49.555,10.039,95.53
8786.00,5.000,11.146,1.107,1.107,0.000,0.000,1.0000,25.000,49.562,10.039,95.39
8791.00,5.000,11.145,1.106,1.106,0.000,0.000,1.0000,25.000,49.568,10.039,95.25
8796.00,5.000,11.143,1.104,1.104,0.000,0.000,1.0000,25.000,49.575,10.039,95.11
8801.00,5.000,11.142,1.103,1.103,0.000,0.000,1.0000,25.000,49.582,10.039,94.97
8806.00,5.000,11.141,1.102,1.102,0.000,0.000,1.0000,25.000,49.588,10.039,94.82
8811.00,5.000,11.140,1.101,1.101,0.000,0.000,1.0000,25.000,49.595,10.039,94.68
8816.00,5.000,11.139,1.100,1.100,0.000,0.000,1.0000,25.000,49.601,10.039,94.54
8821.00,5.000,11.137,1.099,1.099,0.000,0.000,1.0000,25.000,49.608,10.039,94.40
8826.00,5.000,11.136,1.097,1.097,0.000,0.000,1.0000,25.000,49.614,10.039,94.26
8831.00,5.000,11.135,1.096,1.096,0.000,0.000,1.0000,25.000,49.621,10.039,94.12
8836.00,5.000,11.134,1.095,1.095,0.000,0.000,1.0000,25.000,49.627,10.039,93.98
8841.00,5.000,11.133,1.094,1.094,0.000,0.000,1.0000,25.000,49.634,10.039,93.85
8846.00,5.000,11.132,1.093,1.093,0.000,0.000,1.0000,25.000,49.640,10.039,93.71
8851.00,5.000,11.130,1.092,1.092,0.000,0.000,1.0000,25.000,49.647,10.039,93.57
8856.00,5.000,11.129,1.091,1.091,0.000,0.000,1.0000,25.000,49.653,10.039,93.43
8861.00,5.000,11.128,1.089,1.089,0.000,0.000,1.0000,25.000,49.660,10.039,93.29
8866.00,5.000,11.127,1.088,1.088,0.000,0.000,1.0000,25.000,49.666,10.039,93.15
8871.00,5.000,11.126,1.087,1.087,0.000,0.000,1.0000,25.000,49.672,10.038,93.01
8876.00,5.000,11.124,1.086,1.086,0.000,0.000,1.0000,25.000,49.679,10.038,92.88
8881.00,5.000,11.123,1.085,1.085,0.000,0.000,1.0000,25.000,49.685,10.038,92.74
8886.00,5.000,11.122,1.084,1.084,0.000,0.000,1.0000,25.000,49.692,10.038,92.60
8891.00,5.000,11.121,1.083,1.083,0.000,0.000,1.0000,25.000,49.698,10.038,92.47
8896.00,5.000,11.120,1.081,1.081,0.000,0.000,1.0000,25.000,49.704,10.038,92.33
8901.00,5.000,11.119,1.080,1.080,0.000,0.000,1.0000,25.000,49.710,10.038,92.19
8906.00,5.000,11.117,1.079,1.079,0.000,0.000,1.0000,25.000,49.717,10.038,92.06
8911.00,5.000,11.116,1.078,1.078,0.000,0.000,1.0000,25.000,49.723,10.038,91.92
8916.00,5.000,11.115,1.077,1.077,0.000,0.000,1.0000,25.000,49.729,10.038,91.79
8921.00,5.000,11.114,1.076,1.076,0.000,0.000,1.0000,25.000,49.735,10.038,91.65
8926.00,5.000,11.113,1.075,1.075,0.000,0.000,1.0000,25.000,49.742,10.038,91.51
8931.00,5.000,11.112,1.074,1.074,0.000,0.000,1.0000,25.000,49.748,10.038,91.38
8936.00,5.000,11.110,1.073,1.073,0.000,0.000,1.0000,25.000,49.754,10.038,91.24
8941.00,5.000,11.109,1.071,1.071,0.000,0.000,1.0000,25.000,49.760,10.038,91.11
8946.00,5.000,11.108,1.070,1.070,0.000,0.000,1.0000,25.000,49.766,10.038,90.98
8951.00,5.000,11.107,1.069,1.069,0.000,0.000,1.0000,25.000,49.773,10.038,90.84
8956.00,5.000,11.106,1.068,1.068,0.000,0.000,1.0000,25.000,49.779,10.038,90.71
8961.00,5.000,11.105,1.067,1.067,0.000,0.000,1.0000,25.000,49.785,10.038,90.57
8966.00,5.000,11.104,1.066,1.066,0.000,0.000,1.0000,25.000,49.791,10.038,90.44
8971.00,5.000,11.102,1.065,1.065,0.000,0.000,1.0000,25.000,49.797,10.038,90.31
8976.00,5.000,11.101,1.064,1.064,0.000,0.000,1.0000,25.000,49.803,10.038,90.17
8981.00,5.000,11.100,1.062,1.062,0.000,0.000,1.0000,25.000,49.809,10.038,90.04
8986.00,5.000,11.099,1.061,1.061,0.000,0.000,1.0000,25.000,49.815,10.038,89.91
8991.00,5.000,11.098,1.060,1.060,0.000,0.000,1.0000,25.000,49.821,10.038,89.78
8996.00,5.000,11.097,1.059,1.059,0.000,0.000,1.0000,25.000,49.827,10.038,89.64
9001.00,5.000,11.096,1.058,1.058,0.000,0.000,1.0000,25.000,49.833,10.038,89.51
9006.00,5.000,11.094,1.057,1.057,0.000,0.000,1.0000,25.000,49.839,10.037,89.38
9011.00,5.000,11.093,1.056,1.056,0.000,0.000,1.0000,25.000,49.845,10.037,89.25
9016.00,5.000,11.092,1.055,1.055,0.000,0.000,1.0000,25.000,49.851,10.037,89.12
9021.00,5.000,11.091,1.054,1.054,0.000,0.000,1.0000,25.000,49.857,10.037,88.99
9026.00,5.000,11.090,1.053,1.053,0.000,0.000,1.0000,25.000,49.863,10.037,88.86
9031.00,5.000,11.089,1.052,1.052,0.000,0.000,1.0000,25.000,49.869,10.037,88.73
9036.00,5.000,11.088,1.050,1.050,0.000,0.000,1.0000,25.000,49.875,10.037,88.60
9041.00,5.000,11.087,1.049,1.049,0.000,0.000,1.0000,25.000,49.880,10.037,88.47
9046.00,5.000,11.086,1.048,1.048,0.000,0.000,1.0000,25.000,49.886,10.037,88.34
9051.00,5.000,11.084,1.047,1.047,0.000,0.000,1.0000,25.000,49.892,10.037,88.21
9056.00,5.000,11.083,1.046,1.046,0.000,0.000,1.0000,25.000,49.898,10.037,88.08
9061.00,5.000,11.082,1.045,1.045,0.000,0.000,1.0000,25.000,49.904,10.037,87.95
9066.00,5.000,11.081,1.044,1.044,0.000,0.000,1.0000,25.000,49.909,10.037,87.82
9071.00,5.000,11.080,1.043,1.043,0.000,0.000,1.0000,25.000,49.915,10.037,87.69
9076.00,5.000,11.079,1.042,1.042,0.000,0.000,1.0000,25.000,49.921,10.037,87.56
9081.00,5.000,11.078,1.041,1.041,0.000,0.000,1.0000,25.000,49.927,10.037,87.43
9086.00,5.000,11.077,1.040,1.040,0.000,0.000,1.0000,25.000,49.932,10.037,87.30
9091.00,5.000,11.076,1.039,1.039,0.000,0.000,1.0000,25.000,49.938,10.037,87.18
9096.00,5.000,11.074,1.038,1.038,0.000,0.000,1.0000,25.000,49.944,10.037,87.05
9101.00,5.000,11.073,1.036,1.036,0.000,0.000,1.0000,25.000,49.950,10.037,86.92
9106.00,5.000,11.072,1.035,1.035,0.000,0.000,1.0000,25.000,49.955,10.037,86.79
9111.00,5.000,11.071,1.034,1.034,0.000,0.000,1.0000,25.000,49.961,10.037,86.67
9116.00,5.000,11.070,1.033,1.033,0.000,0.000,1.0000,25.000,49.966,10.037,86.54
9121.00,5.000,11.069,1.032,1.032,0.000,0.000,1.0000,25.000,49.972,10.037,86.41
9126.00,5.000,11.068,1.031,1.031,0.000,0.000,1.0000,25.000,49.978,10.037,86.29
9131.00,5.000,11.067,1.030,1.030,0.000,0.000,1.0000,25.000,49.983,10.037,86.16
9136.00,5.000,11.066,1.029,1.029,0.000,0.000,1.0000,25.000,49.989,10.037,86.03
9141.00,5.000,11.065,1.028,1.028,0.000,0.000,1.0000,25.000,49.994,10.037,85.91
9146.00,5.000,11.063,1.027,1.027,0.000,0.000,1.0000,25.000,50.000,10.037,85.78
9151.00,5.000,11.062,1.026,1.026,0.000,0.000,1.0000,25.000,50.006,10.037,85.66
9156.00,5.000,11.061,1.025,1.025,0.000,0.000,1.0000,25.000,50.011,10.037,85.53
9161.00,5.000,11.060,1.024,1.024,0.000,0.000,1.0000,25.000,50.017,10.037,85.41
9166.00,5.000,11.059,1.023,1.023,0.000,0.000,1.0000,25.000,50.022,10.036,85.28
9171.00,5.000,11.058,1.022,1.022,0.000,0.000,1.0000,25.000,50.028,10.036,85.16
9176.00,5.000,11.057,1.021,1.021,0.000,0.000,1.0000,25.000,50.033,10.036,85.03
9181.00,5.000,11.056,1.020,1.020,0.000,0.000,1.0000,25.000,50.038,10.036,84.91
9186.00,5.000,11.055,1.019,1.019,0.000,0.000,1.0000,25.000,50.044,10.036,84.79
9191.00,5.000,11.054,1.017,1.017,0.000,0.000,1.0000,25.000,50.049,10.036,84.66
9196.00,5.000,11.053,1.016,1.016,0.000,0.000,1.0000,25.000,50.055,10.036,84.54
9201.00,5.000,11.052,1.015,1.015,0.000,0.000,1.0000,25.000,50.060,10.036,84.42
9206.00,5.000,11.051,1.014,1.014,0.000,0.000,1.0000,25.000,50.065,10.036,84.29
9211.00,5.000,11.050,1.013,1.013,0.000,0.000,1.0000,25.000,50.071,10.036,84.17
9216.00,5.000,11.048,1.012,1.012,0.000,0.000,1.0000,25.000,50.076,10.036,84.05
9221.00,5.000,11.047,1.011,1.011,0.000,0.000,1.0000,25.000,50.081,10.036,83.92
9226.00,5.000,11.046,1.010,1.010,0.000,0.000,1.0000,25.000,50.087,10.036,83.80
9231.00,5.000,11.045,1.009,1.009,0.000,0.000,1.0000,25.000,50.092,10.036,83.68
9236.00,5.000,11.044,1.008,1.008,0.000,0.000,1.0000,25.000,50.097,10.036,83.56
9241.00,5.000,11.043,1.007,1.007,0.000,0.000,1.0000,25.000,50.103,10.036,83.44
9246.00,5.000,11.042,1.006,1.006,0.000,0.000,1.0000,25.000,50.108,10.036,83.32
9251.00,5.000,11.041,1.005,1.005,0.000,0.000,1.0000,25.000,50.113,10.036,83.19
9256.00,5.000,11.040,1.004,1.004,0.000,0.000,1.0000,25.000,50.118,10.036,83.07
9261.00,5.000,11.039,1.003,1.003,0.000,0.000,1.0000,25.000,50.123,10.036,82.95
9266.00,5.000,11.038,1.002,1.002,0.000,0.000,1.0000,25.000,50.129,10.036,82.83
9271.00,5.000,11.037,1.001,1.001,0.000,0.000,1.0000,25.000,50.134,10.036,82.71
9276.00,5.000,11.036,1.000,1.000,0.000,0.000,1.0000,25.000,50.139,10.036,82.59
9281.00,5.000,11.035,0.999,0.999,0.000,0.000,1.0000,25.000,50.144,10.036,82.47
9286.00,5.000,11.034,0.998,0.998,0.000,0.000,1.0000,25.000,50.149,10.036,82.35
9291.00,5.000,11.033,0.997,0.997,0.000,0.000,1.0000,25.000,50.154,10.036,82.23
9296.00,5.000,11.032,0.996,0.996,0.000,0.000,1.0000,25.000,50.159,10.036,82.11
9301.00,5.000,11.031,0.995,0.995,0.000,0.000,1.0000,25.000,50.165,10.036,81.99
9306.00,5.000,11.030,0.994,0.994,0.000,0.000,1.0000,25.000,50.170,10.036,81.87
9311.00,5.000,11.029,0.993,0.993,0.000,0.000,1.0000,25.000,50.175,10.036,81.76
9316.00,5.000,11.028,0.992,0.992,0.000,0.000,1.0000,25.000,50.180,10.036,81.64
9321.00,5.000,11.026,0.991,0.991,0.000,0.000,1.0000,25.000,50.185,10.036,81.52
9326.00,5.000,11.025,0.990,0.990,0.000,0.000,1.0000,25.000,50.190,10.036,81.40
9331.00,5.000,11.024,0.989,0.989,0.000,0.000,1.0000,25.000,50.195,10.036,81.28
9336.00,5.000,11.023,0.988,0.988,0.000,0.000,1.0000,25.000,50.200,10.036,81.16
9341.00,5.000,11.022,0.987,0.987,0.000,0.000,1.0000,25.000,50.205,10.035,81.05
9346.00,5.000,11.021,0.986,0.986,0.000,0.000,1.0000,25.000,50.210,10.035,80.93
9351.00,5.000,11.020,0.985,0.985,0.000,0.000,1.0000,25.000,50.215,10.035,80.81
9356.00,5.000,11.019,0.984,0.984,0.000,0.000,1.0000,25.000,50.220,10.035,80.70
9361.00,5.000,11.018,0.983,0.983,0.000,0.000,1.0000,25.000,50.224,10.035,80.58
9366.00,5.000,11.017,0.982,0.982,0.000,0.000,1.0000,25.000,50.229,10.035,80.46
9371.00,5.000,11.016,0.981,0.981,0.000,0.000,1.0000,25.000,50.234,10.035,80.35
9376.00,5.000,11.015,0.980,0.980,0.000,0.000,1.0000,25.000,50.239,10.035,80.23
9381.00,5.000,11.014,0.979,0.979,0.000,0.000,1.0000,25.000,50.244,10.035,80.11
9386.00,5.000,11.013,0.978,0.978,0.000,0.000,1.0000,25.000,50.249,10.035,80.00
9391.00,5.000,11.012,0.977,0.977,0.000,0.000,1.0000,25.000,50.254,10.035,79.88
9396.00,5.000,11.011,0.976,0.976,0.000,0.000,1.0000,25.000,50.258,10.035,79.77
9401.00,5.000,11.010,0.975,0.975,0.000,0.000,1.0000,25.000,50.263,10.035,79.65
9406.00,5.000,11.009,0.974,0.974,0.000,0.000,1.0000,25.000,50.268,10.035,79.54
9411.00,5.000,11.008,0.973,0.973,0.000,0.000,1.0000,25.000,50.273,10.035,79.42
9416.00,5.000,11.007,0.972,0.972,0.000,0.000,1.0000,25.000,50.278,10.035,79.31
9421.00,5.000,11.006,0.971,0.971,0.000,0.000,1.0000,25.000,50.282,10.035,79.19
9426.00,5.000,11.005,0.970,0.970,0.000,0.000,1.0000,25.000,50.287,10.035,79.08
9431.00,5.000,11.004,0.969,0.969,0.000,0.000,1.0000,25.000,50.292,10.035,78.96
9436.00,5.000,11.003,0.968,0.968,0.000,0.000,1.0000,25.000,50.296,10.035,78.85
9441.00,5.000,11.002,0.967,0.967,0.000,0.000,1.0000,25.000,50.301,10.035,78.74
9446.00,5.000,11.001,0.966,0.966,0.000,0.000,1.0000,25.000,50.306,10.035,78.62
9451.00,5.000,11.000,0.965,0.965,0.000,0.000,1.0000,25.000,50.310,10.035,78.51
9456.00,5.000,10.999,0.964,0.964,0.000,0.000,1.0000,25.000,50.315,10.035,78.40
9461.00,5.000,10.998,0.963,0.963,0.000,0.000,1.0000,25.000,50.320,10.035,78.28
9466.00,5.000,10.997,0.962,0.962,0.000,0.000,1.0000,25.000,50.324,10.035,78.17
9471.00,5.000,10.996,0.961,0.961,0.000,0.000,1.0000,25.000,50.329,10.035,78.06
9476.00,5.000,10.995,0.960,0.960,0.000,0.000,1.0000,25.000,50.333,10.035,77.95
9481.00,5.000,10.994,0.959,0.959,0.000,0.000,1.0000,25.000,50.338,10.035,77.83
9486.00,5.000,10.993,0.959,0.959,0.000,0.000,1.0000,25.000,50.343,10.035,77.72
9491.00,5.000,10.992,0.958,0.958,0.000,0.000,1.0000,25.000,50.347,10.035,77.61
9496.00,5.000,10.991,0.957,0.957,0.000,0.000,1.0000,25.000,50.352,10.035,77.50
9501.00,5.000,10.990,0.956,0.956,0.000,0.000,1.0000,25.000,50.356,10.035,77.39
9506.00,5.000,10.989,0.955,0.955,0.000,0.000,1.0000,25.000,50.361,10.035,77.28
9511.00,5.000,10.988,0.954,0.954,0.000,0.000,1.0000,25.000,50.365,10.035,77.17
9516.00,5.000,10.987,0.953,0.953,0.000,0.000,1.0000,25.000,50.370,10.035,77.05
9521.00,5.000,10.986,0.952,0.952,0.000,0.000,1.0000,25.000,50.374,10.035,76.94
9526.00,5.000,10.985,0.951,0.951,0.000,0.000,1.0000,25.000,50.378,10.035,76.83
9531.00,5.000,10.985,0.950,0.950,0.000,0.000,1.0000,25.000,50.383,10.035,76.72
9536.00,5.000,10.984,0.949,0.949,0.000,0.000,1.0000,25.000,50.387,10.035,76.61
9541.00,5.000,10.983,0.948,0.948,0.000,0.000,1.0000,25.000,50.392,10.035,76.50
9546.00,5.000,10.982,0.947,0.947,0.000,0.000,1.0000,25.000,50.396,10.034,76.39
9551.00,5.000,10.981,0.946,0.946,0.000,0.000,1.0000,25.000,50.400,10.034,76.28
9556.00,5.000,10.980,0.945,0.945,0.000,0.000,1.0000,25.000,50.405,10.034,76.17
9561.00,5.000,10.979,0.944,0.944,0.000,0.000,1.0000,25.000,50.409,10.034,76.07
9566.00,5.000,10.978,0.943,0.943,0.000,0.000,1.0000,25.000,50.413,10.034,75.96
9571.00,5.000,10.977,0.942,0.942,0.000,0.000,1.0000,25.000,50.418,10.034,75.85
9576.00,5.000,10.976,0.941,0.941,0.000,0.000,1.0000,25.000,50.422,10.034,75.74
9581.00,5.000,10.975,0.941,0.941,0.000,0.000,1.0000,25.000,50.426,10.034,75.63
9586.00,5.000,10.974,0.940,0.940,0.000,0.000,1.0000,25.000,50.431,10.034,75.52
9591.00,5.000,10.973,0.939,0.939,0.000,0.000,1.0000,25.000,50.435,10.034,75.41
9596.00,5.000,10.972,0.938,0.938,0.000,0.000,1.0000,25.000,50.439,10.034,75.31
9601.00,5.000,10.971,0.937,0.937,0.000,0.000,1.0000,25.000,50.443,10.034,75.20
9606.00,5.000,10.970,0.936,0.936,0.000,0.000,1.0000,25.000,50.448,10.034,75.09
9611.00,5.000,10.969,0.935,0.935,0.000,0.000,1.0000,25.000,50.452,10.034,74.98
9616.00,5.000,10.968,0.934,0.934,0.000,0.000,1.0000,25.000,50.456,10.034,74.88
9621.00,5.000,10.967,0.933,0.933,0.000,0.000,1.0000,25.000,50.460,10.034,74.77
9626.00,5.000,10.966,0.932,0.932,0.000,0.000,1.0000,25.000,50.464,10.034,74.66
9631.00,5.000,10.965,0.931,0.931,0.000,0.000,1.0000,25.000,50.468,10.034,74.56
9636.00,5.000,10.964,0.930,0.930,0.000,0.000,1.0000,25.000,50.473,10.034,74.45
9641.00,5.000,10.964,0.929,0.929,0.000,0.000,1.0000,25.000,50.477,10.034,74.34
9646.00,5.000,10.963,0.929,0.929,0.000,0.000,1.0000,25.000,50.481,10.034,74.24
9651.00,5.000,10.962,0.928,0.928,0.000,0.000,1.0000,25.000,50.485,10.034,74.13
9656.00,5.000,10.961,0.927,0.927,0.000,0.000,1.0000,25.000,50.489,10.034,74.03
9661.00,5.000,10.960,0.926,0.926,0.000,0.000,1.0000,25.000,50.493,10.034,73.92
9666.00,5.000,10.959,0.925,0.925,0.000,0.000,1.0000,25.000,50.497,10.034,73.82
9671.00,5.000,10.958,0.924,0.924,0.000,0.000,1.0000,25.000,50.501,10.034,73.71
9676.00,5.000,10.957,0.923,0.923,0.000,0.000,1.0000,25.000,50.505,10.034,73.61
9681.00,5.000,10.956,0.922,0.922,0.000,0.000,1.0000,25.000,50.509,10.034,73.50
9686.00,5.000,10.955,0.921,0.921,0.000,0.000,1.0000,25.000,50.513,10.034,73.40
9691.00,5.000,10.954,0.920,0.920,0.000,0.000,1.0000,25.000,50.517,10.034,73.29
9696.00,5.000,10.953,0.919,0.919,0.000,0.000,1.0000,25.000,50.521,10.034,73.19
9701.00,5.000,10.952,0.919,0.919,0.000,0.000,1.0000,25.000,50.525,10.034,73.08
9706.00,5.000,10.951,0.918,0.918,0.000,0.000,1.0000,25.000,50.529,10.034,72.98
9711.00,5.000,10.951,0.917,0.917,0.000,0.000,1.0000,25.000,50.533,10.034,72.88
9716.00,5.000,10.950,0.916,0.916,0.000,0.000,1.0000,25.000,50.537,10.034,72.77
9721.00,5.000,10.949,0.915,0.915,0.000,0.000,1.0000,25.000,50.541,10.034,72.67
9726.00,5.000,10.948,0.914,0.914,0.000,0.000,1.0000,25.000,50.545,10.034,72.56
9731.00,5.000,10.947,0.913,0.913,0.000,0.000,1.0000,25.000,50.548,10.034,72.46
9736.00,5.000,10.946,0.912,0.912,0.000,0.000,1.0000,25.000,50.552,10.034,72.36
9741.00,5.000,10.945,0.911,0.911,0.000,0.000,1.0000,25.000,50.556,10.034,72.26
9746.00,5.000,10.944,0.910,0.910,0.000,0.000,1.0000,25.000,50.560,10.034,72.15
9751.00,5.000,10.943,0.910,0.910,0.000,0.000,1.0000,25.000,50.564,10.034,72.05
9756.00,5.000,10.942,0.909,0.909,0.000,0.000,1.0000,25.000,50.568,10.034,71.95
9761.00,5.000,10.941,0.908,0.908,0.000,0.000,1.0000,25.000,50.571,10.034,71.85
9766.00,5.000,10.941,0.907,0.907,0.000,0.000,1.0000,25.000,50.575,10.034,71.75
9771.00,5.000,10.940,0.906,0.906,0.000,0.000,1.0000,25.000,50.579,10.034,71.64
9776.00,5.000,10.939,0.905,0.905,0.000,0.000,1.0000,25.000,50.583,10.034,71.54
9781.00,5.000,10.938,0.904,0.904,0.000,0.000,1.0000,25.000,50.586,10.034,71.44
9786.00,5.000,10.937,0.903,0.903,0.000,0.000,1.0000,25.000,50.590,10.034,71.34
9791.00,5.000,10.936,0.902,0.902,0.000,0.000,1.0000,25.000,50.594,10.034,71.24
9796.00,5.000,10.935,0.902,0.902,0.000,0.000,1.0000,25.000,50.597,10.034,71.14
9801.00,5.000,10.934,0.901,0.901,0.000,0.000,1.0000,25.000,50.601,10.033,71.04
9806.00,5.000,10.933,0.900,0.900,0.000,0.000,1.0000,25.000,50.605,10.033,70.94
9811.00,5.000,10.932,0.899,0.899,0.000,0.000,1.0000,25.000,50.608,10.033,70.84
9816.00,5.000,10.932,0.898,0.898,0.000,0.000,1.0000,25.000,50.612,10.033,70.74
9821.00,5.000,10.931,0.897,0.897,0.000,0.000,1.0000,25.000,50.616,10.033,70.64
9826.00,5.000,10.930,0.896,0.896,0.000,0.000,1.0000,25.000,50.619,10.033,70.54
9831.00,5.000,10.929,0.895,0.895,0.000,0.000,1.0000,25.000,50.623,10.033,70.44
9836.00,5.000,10.928,0.895,0.895,0.000,0.000,1.0000,25.000,50.627,10.033,70.34
9841.00,5.000,10.927,0.894,0.894,0.000,0.000,1.0000,25.000,50.630,10.033,70.24
9846.00,5.000,10.926,0.893,0.893,0.000,0.000,1.0000,25.000,50.634,10.033,70.14
9851.00,5.000,10.925,0.892,0.892,0.000,0.000,1.0000,25.000,50.637,10.033,70.04
9856.00,5.000,10.924,0.891,0.891,0.000,0.000,1.0000,25.000,50.641,10.033,69.94
9861.00,5.000,10.924,0.890,0.890,0.000,0.000,1.0000,25.000,50.644,10.033,69.84
9866.00,5.000,10.923,0.889,0.889,0.000,0.000,1.0000,25.000,50.648,10.033,69.74
9871.00,5.000,10.922,0.889,0.889,0.000,0.000,1.0000,25.000,50.651,10.033,69.65
9876.00,5.000,10.921,0.888,0.888,0.000,0.000,1.0000,25.000,50.655,10.033,69.55
9881.00,5.000,10.920,0.887,0.887,0.000,0.000,1.0000,25.000,50.658,10.033,69.45
9886.00,5.000,10.919,0.886,0.886,0.000,0.000,1.0000,25.000,50.662,10.033,69.35
9891.00,5.000,10.918,0.885,0.885,0.000,0.000,1.0000,25.000,50.665,10.033,69.25
9896.00,5.000,10.917,0.884,0.884,0.000,0.000,1.0000,25.000,50.669,10.033,69.16
9901.00,5.000,10.917,0.883,0.883,0.000,0.000,1.0000,25.000,50.672,10.033,69.06
9906.00,5.000,10.916,0.883,0.883,0.000,0.000,1.0000,25.000,50.675,10.033,68.96
9911.00,5.000,10.915,0.882,0.882,0.000,0.000,1.0000,25.000,50.679,10.033,68.86
9916.00,5.000,10.914,0.881,0.881,0.000,0.000,1.0000,25.000,50.682,10.033,68.77
9921.00,5.000,10.913,0.880,0.880,0.000,0.000,1.0000,25.000,50.685,10.033,68.67
9926.00,5.000,10.912,0.879,0.879,0.000,0.000,1.0000,25.000,50.689,10.033,68.58
9931.00,5.000,10.911,0.878,0.878,0.000,0.000,1.0000,25.000,50.692,10.033,68.48
9936.00,5.000,10.911,0.877,0.877,0.000,0.000,1.0000,25.000,50.695,10.033,68.38
9941.00,5.000,10.910,0.877,0.877,0.000,0.000,1.0000,25.000,50.699,10.033,68.29
9946.00,5.000,10.909,0.876,0.876,0.000,0.000,1.0000,25.000,50.702,10.033,68.19
9951.00,5.000,10.908,0.875,0.875,0.000,0.000,1.0000,25.000,50.705,10.033,68.09
9956.00,5.000,10.907,0.874,0.874,0.000,0.000,1.0000,25.000,50.709,10.033,68.00
9961.00,5.000,10.906,0.873,0.873,0.000,0.000,1.0000,25.000,50.712,10.033,67.90
9966.00,5.000,10.905,0.872,0.872,0.000,0.000,1.0000,25.000,50.715,10.033,67.81
9971.00,5.000,10.905,0.872,0.872,0.000,0.000,1.0000,25.000,50.718,10.033,67.71
9976.00,5.000,10.904,0.871,0.871,0.000,0.000,1.0000,25.000,50.722,10.033,67.62
9981.00,5.000,10.903,0.870,0.870,0.000,0.000,1.0000,25.000,50.725,10.033,67.52
9986.00,5.000,10.902,0.869,0.869,0.000,0.000,1.0000,25.000,50.728,10.033,67.43
9991.00,5.000,10.901,0.868,0.868,0.000,0.000,1.0000,25.000,50.731,10.033,67.34
9996.00,5.000,10.900,0.867,0.867,0.000,0.000,1.0000,25.000,50.734,10.033,67.24
10001.00,5.000,10.899,0.867,0.867,0.000,0.000,1.0000,25.000,50.737,10.033,67.15
10006.00,5.000,10.899,0.866,0.866,0.000,0.000,1.0000,25.000,50.741,10.033,67.05
10011.00,5.000,10.898,0.865,0.865,0.000,0.000,1.0000,25.000,50.744,10.033,66.96
10016.00,5.000,10.897,0.864,0.864,0.000,0.000,1.0000,25.000,50.747,10.033,66.87
10021.00,5.000,10.896,0.863,0.863,0.000,0.000,1.0000,25.000,50.750,10.033,66.77
10026.00,5.000,10.895,0.862,0.862,0.000,0.000,1.0000,25.000,50.753,10.033,66.68
10031.00,5.000,10.894,0.862,0.862,0.000,0.000,1.0000,25.000,50.756,10.033,66.59
10036.00,5.000,10.894,0.861,0.861,0.000,0.000,1.0000,25.000,50.759,10.033,66.49
10041.00,5.000,10.893,0.860,0.860,0.000,0.000,1.0000,25.000,50.762,10.033,66.40
10046.00,5.000,10.892,0.859,0.859,0.000,0.000,1.0000,25.000,50.765,10.033,66.31
10051.00,5.000,10.891,0.858,0.858,0.000,0.000,1.0000,25.000,50.768,10.033,66.21
10056.00,5.000,10.890,0.858,0.858,0.000,0.000,1.0000,25.000,50.771,10.033,66.12
10061.00,5.000,10.889,0.857,0.857,0.000,0.000,1.0000,25.000,50.774,10.033,66.03
10066.00,5.000,10.889,0.856,0.856,0.000,0.000,1.0000,25.000,50.777,10.033,65.94
10071.00,5.000,10.888,0.855,0.855,0.000,0.000,1.0000,25.000,50.780,10.033,65.85
10076.00,5.000,10.887,0.854,0.854,0.000,0.000,1.0000,25.000,50.783,10.033,65.75
10081.00,5.000,10.886,0.853,0.853,0.000,0.000,1.0000,25.000,50.786,10.033,65.66
10086.00,5.000,10.885,0.853,0.853,0.000,0.000,1.0000,25.000,50.789,10.033,65.57
10091.00,5.000,10.884,0.852,0.852,0.000,0.000,1.0000,25.000,50.792,10.033,65.48
10096.00,5.000,10.884,0.851,0.851,0.000,0.000,1.0000,25.000,50.795,10.033,65.39
10101.00,5.000,10.883,0.850,0.850,0.000,0.000,1.0000,25.000,50.798,10.033,65.30
10106.00,5.000,10.882,0.849,0.849,0.000,0.000,1.0000,25.000,50.801,10.033,65.21
10111.00,5.000,10.881,0.849,0.849,0.000,0.000,1.0000,25.000,50.804,10.033,65.12
10116.00,5.000,10.880,0.848,0.848,0.000,0.000,1.0000,25.000,50.806,10.033,65.03
10121.00,5.000,10.880,0.847,0.847,0.000,0.000,1.0000,25.000,50.809,10.033,64.94
10126.00,5.000,10.879,0.846,0.846,0.000,0.000,1.0000,25.000,50.812,10.033,64.85
10131.00,5.000,10.878,0.845,0.845,0.000,0.000,1.0000,25.000,50.815,10.032,64.76
10136.00,5.000,10.877,0.845,0.845,0.000,0.000,1.0000,25.000,50.818,10.032,64.67
10141.00,5.000,10.876,0.844,0.844,0.000,0.000,1.0000,25.000,50.821,10.032,64.58
10146.00,5.000,10.875,0.843,0.843,0.000,0.000,1.0000,25.000,50.823,10.032,64.49
10151.00,5.000,10.875,0.842,0.842,0.000,0.000,1.0000,25.000,50.826,10.032,64.40
10156.00,5.000,10.874,0.841,0.841,0.000,0.000,1.0000,25.000,50.829,10.032,64.31
10161.00,5.000,10.873,0.841,0.841,0.000,0.000,1.0000,25.000,50.832,10.032,64.22
10166.00,5.000,10.872,0.840,0.840,0.000,0.000,1.0000,25.000,50.834,10.032,64.13
10171.00,5.000,10.871,0.839,0.839,0.000,0.000,1.0000,25.000,50.837,10.032,64.04
10176.00,5.000,10.871,0.838,0.838,0.000,0.000,1.0000,25.000,50.840,10.032,63.95
10181.00,5.000,10.870,0.837,0.837,0.000,0.000,1.0000,25.000,50.843,10.032,63.86
10186.00,5.000,10.869,0.837,0.837,0.000,0.000,1.0000,25.000,50.845,10.032,63.77
10191.00,5.000,10.868,0.836,0.836,0.000,0.000,1.0000,25.000,50.848,10.032,63.69
10196.00,5.000,10.867,0.835,0.835,0.000,0.000,1.0000,25.000,50.851,10.032,63.60
10201.00,5.000,10.867,0.834,0.834,0.000,0.000,1.0000,25.000,50.853,10.032,63.51
10206.00,5.000,10.866,0.833,0.833,0.000,0.000,1.0000,25.000,50.856,10.032,63.42
10211.00,5.000,10.865,0.833,0.833,0.000,0.000,1.0000,25.000,50.858,10.032,63.34
10216.00,5.000,10.864,0.832,0.832,0.000,0.000,1.0000,25.000,50.861,10.032,63.25
10221.00,5.000,10.863,0.831,0.831,0.000,0.000,1.0000,25.000,50.864,10.032,63.16
10226.00,5.000,10.863,0.830,0.830,0.000,0.000,1.0000,25.000,50.866,10.032,63.07
10231.00,5.000,10.862,0.830,0.830,0.000,0.000,1.0000,25.000,50.869,10.032,62.99
10236.00,5.000,10.861,0.829,0.829,0.000,0.000,1.0000,25.000,50.871,10.032,62.90
10241.00,5.000,10.860,0.828,0.828,0.000,0.000,1.0000,25.000,50.874,10.032,62.81
10246.00,5.000,10.859,0.827,0.827,0.000,0.000,1.0000,25.000,50.877,10.032,62.73
10251.00,5.000,10.859,0.826,0.826,0.000,0.000,1.0000,25.000,50.879,10.032,62.64
10256.00,5.000,10.858,0.826,0.826,0.000,0.000,1.0000,25.000,50.882,10.032,62.55
10261.00,5.000,10.857,0.825,0.825,0.000,0.000,1.0000,25.000,50.884,10.032,62.47
10266.00,5.000,10.856,0.824,0.824,0.000,0.000,1.0000,25.000,50.887,10.032,62.38
10271.00,5.000,10.856,0.823,0.823,0.000,0.000,1.0000,25.000,50.889,10.032,62.29
10276.00,5.000,10.855,0.823,0.823,0.000,0.000,1.0000,25.000,50.892,10.032,62.21
10281.00,5.000,10.854,0.822,0.822,0.000,0.000,1.0000,25.000,50.894,10.032,62.12
10286.00,5.000,10.853,0.821,0.821,0.000,0.000,1.0000,25.000,50.896,10.032,62.04
10291.00,5.000,10.852,0.820,0.820,0.000,0.000,1.0000,25.000,50.899,10.032,61.95
10296.00,5.000,10.852,0.820,0.820,0.000,0.000,1.0000,25.000,50.901,10.032,61.87
10301.00,5.000,10.851,0.819,0.819,0.000,0.000,1.0000,25.000,50.904,10.032,61.78
10306.00,5.000,10.850,0.818,0.818,0.000,0.000,1.0000,25.000,50.906,10.032,61.70
10311.00,5.000,10.849,0.817,0.817,0.000,0.000,1.0000,25.000,50.908,10.032,61.61
10316.00,5.000,10.849,0.817,0.817,0.000,0.000,1.0000,25.000,50.911,10.032,61.53
10321.00,5.000,10.848,0.816,0.816,0.000,0.000,1.0000,25.000,50.913,10.032,61.44
10326.00,5.000,10.847,0.815,0.815,0.000,0.000,1.0000,25.000,50.916,10.032,61.36
10331.00,5.000,10.846,0.814,0.814,0.000,0.000,1.0000,25.000,50.918,10.032,61.27
10336.00,5.000,10.845,0.813,0.813,0.000,0.000,1.0000,25.000,50.920,10.032,61.19
10341.00,5.000,10.845,0.813,0.813,0.000,0.000,1.0000,25.000,50.923,10.032,61.11
10346.00,5.000,10.844,0.812,0.812,0.000,0.000,1.0000,25.000,50.925,10.032,61.02
10351.00,5.000,10.843,0.811,0.811,0.000,0.000,1.0000,25.000,50.927,10.032,60.94
10356.00,5.000,10.842,0.810,0.810,0.000,0.000,1.0000,25.000,50.929,10.032,60.86
10361.00,5.000,10.842,0.810,0.810,0.000,0.000,1.0000,25.000,50.932,10.032,60.77
10366.00,5.000,10.841,0.809,0.809,0.000,0.000,1.0000,25.000,50.934,10.032,60.69
10371.00,5.000,10.840,0.808,0.808,0.000,0.000,1.0000,25.000,50.936,10.032,60.61
10376.00,5.000,10.839,0.807,0.807,0.000,0.000,1.0000,25.000,50.938,10.032,60.52
10381.00,5.000,10.839,0.807,0.807,0.000,0.000,1.0000,25.000,50.941,10.032,60.44
10386.00,5.000,10.838,0.806,0.806,0.000,0.000,1.0000,25.000,50.943,10.032,60.36
10391.00,5.000,10.837,0.805,0.805,0.000,0.000,1.0000,25.000,50.945,10.032,60.28
10396.00,5.000,10.836,0.804,0.804,0.000,0.000,1.0000,25.000,50.947,10.032,60.19
10401.00,5.000,10.836,0.804,0.804,0.000,0.000,1.0000,25.000,50.949,10.032,60.11
10406.00,5.000,10.835,0.803,0.803,0.000,0.000,1.0000,25.000,50.952,10.032,60.03
10411.00,5.000,10.834,0.802,0.802,0.000,0.000,1.0000,25.000,50.954,10.032,59.95
10416.00,5.000,10.833,0.801,0.801,0.000,0.000,1.0000,25.000,50.956,10.032,59.87
10421.00,5.000,10.833,0.801,0.801,0.000,0.000,1.0000,25.000,50.958,10.032,59.78
10426.00,5.000,10.832,0.800,0.800,0.000,0.000,1.0000,25.000,50.960,10.032,59.70
10431.00,5.000,10.831,0.799,0.799,0.000,0.000,1.0000,25.000,50.962,10.032,59.62
10436.00,5.000,10.830,0.799,0.799,0.000,0.000,1.0000,25.000,50.964,10.032,59.54
10441.00,5.000,10.830,0.798,0.798,0.000,0.000,1.0000,25.000,50.966,10.032,59.46
10446.00,5.000,10.829,0.797,0.797,0.000,0.000,1.0000,25.000,50.969,10.032,59.38
10451.00,5.000,10.828,0.796,0.796,0.000,0.000,1.0000,25.000,50.971,10.032,59.30
10456.00,5.000,10.827,0.796,0.796,0.000,0.000,1.0000,25.000,50.973,10.032,59.22
10461.00,5.000,10.827,0.795,0.795,0.000,0.000,1.0000,25.000,50.975,10.032,59.14
10466.00,5.000,10.826,0.794,0.794,0.000,0.000,1.0000,25.000,50.977,10.032,59.05
10471.00,5.000,10.825,0.793,0.793,0.000,0.000,1.0000,25.000,50.979,10.032,58.97
10476.00,5.000,10.824,0.793,0.793,0.000,0.000,1.0000,25.000,50.981,10.032,58.89
10481.00,5.000,10.824,0.792,0.792,0.000,0.000,1.0000,25.000,50.983,10.032,58.81
10486.00,5.000,10.823,0.791,0.791,0.000,0.000,1.0000,25.000,50.985,10.032,58.73
10491.00,5.000,10.822,0.791,0.791,0.000,0.000,1.0000,25.000,50.987,10.032,58.65
10496.00,5.000,10.822,0.790,0.790,0.000,0.000,1.0000,25.000,50.989,10.032,58.57
10501.00,5.000,10.821,0.789,0.789,0.000,0.000,1.0000,25.000,50.991,10.032,58.50
10506.00,5.000,10.820,0.788,0.788,0.000,0.000,1.0000,25.000,50.993,10.032,58.42
10511.00,5.000,10.819,0.788,0.788,0.000,0.000,1.0000,25.000,50.994,10.032,58.34
10516.00,5.000,10.819,0.787,0.787,0.000,0.000,1.0000,25.000,50.996,10.032,58.26
10521.00,5.000,10.818,0.786,0.786,0.000,0.000,1.0000,25.000,50.998,10.032,58.18
10526.00,5.000,10.817,0.785,0.785,0.000,0.000,1.0000,25.000,51.000,10.032,58.10
10531.00,5.000,10.816,0.785,0.785,0.000,0.000,1.0000,25.000,51.002,10.032,58.02
10536.00,5.000,10.816,0.784,0.784,0.000,0.000,1.0000,25.000,51.004,10.032,57.94
10541.00,5.000,10.815,0.783,0.783,0.000,0.000,1.0000,25.000,51.006,10.032,57.86
10546.00,5.000,10.814,0.783,0.783,0.000,0.000,1.0000,25.000,51.008,10.032,57.79
10551.00,5.000,10.814,0.782,0.782,0.000,0.000,1.0000,25.000,51.009,10.032,57.71
10556.00,5.000,10.813,0.781,0.781,0.000,0.000,1.0000,25.000,51.011,10.032,57.63
10561.00,5.000,10.812,0.780,0.780,0.000,0.000,1.0000,25.000,51.013,10.032,57.55
10566.00,5.000,10.811,0.780,0.780,0.000,0.000,1.0000,25.000,51.015,10.032,57.47
10571.00,5.000,10.811,0.779,0.779,0.000,0.000,1.0000,25.000,51.017,10.032,57.40
10576.00,5.000,10.810,0.778,0.778,0.000,0.000,1.0000,25.000,51.019,10.032,57.32
10581.00,5.000,10.809,0.778,0.778,0.000,0.000,1.0000,25.000,51.020,10.032,57.24
10586.00,5.000,10.809,0.777,0.777,0.000,0.000,1.0000,25.000,51.022,10.032,57.16
10591.00,5.000,10.808,0.776,0.776,0.000,0.000,1.0000,25.000,51.024,10.032,57.09
10596.00,5.000,10.807,0.775,0.775,0.000,0.000,1.0000,25.000,51.026,10.032,57.01
10601.00,5.000,10.806,0.775,0.775,0.000,0.000,1.0000,25.000,51.027,10.032,56.93
10606.00,5.000,10.806,0.774,0.774,0.000,0.000,1.0000,25.000,51.029,10.032,56.86
10611.00,5.000,10.805,0.773,0.773,0.000,0.000,1.0000,25.000,51.031,10.032,56.78
10616.00,5.000,10.804,0.773,0.773,0.000,0.000,1.0000,25.000,51.032,10.032,56.70
10621.00,5.000,10.804,0.772,0.772,0.000,0.000,1.0000,25.000,51.034,10.032,56.63
10626.00,5.000,10.803,0.771,0.771,0.000,0.000,1.0000,25.000,51.036,10.032,56.55
10631.00,5.000,10.802,0.771,0.771,0.000,0.000,1.0000,25.000,51.037,10.032,56.47
10636.00,5.000,10.801,0.770,0.770,0.000,0.000,1.0000,25.000,51.039,10.032,56.40
10641.00,5.000,10.801,0.769,0.769,0.000,0.000,1.0000,25.000,51.041,10.032,56.32
10646.00,5.000,10.800,0.768,0.768,0.000,0.000,1.0000,25.000,51.042,10.032,56.25
10651.00,5.000,10.799,0.768,0.768,0.000,0.000,1.0000,25.000,51.044,10.032,56.17
10656.00,5.000,10.799,0.767,0.767,0.000,0.000,1.0000,25.000,51.046,10.032,56.10
10661.00,5.000,10.798,0.766,0.766,0.000,0.000,1.0000,25.000,51.047,10.031,56.02
10666.00,5.000,10.797,0.766,0.766,0.000,0.000,1.0000,25.000,51.049,10.031,55.95
10671.00,5.000,10.797,0.765,0.765,0.000,0.000,1.0000,25.000,51.050,10.031,55.87
10676.00,5.000,10.796,0.764,0.764,0.000,0.000,1.0000,25.000,51.052,10.031,55.80
10681.00,5.000,10.795,0.764,0.764,0.000,0.000,1.0000,25.000,51.054,10.031,55.72
10686.00,5.000,10.794,0.763,0.763,0.000,0.000,1.0000,25.000,51.055,10.031,55.65
10691.00,5.000,10.794,0.762,0.762,0.000,0.000,1.0000,25.000,51.057,10.031,55.57
10696.00,5.000,10.793,0.762,0.762,0.000,0.000,1.0000,25.000,51.058,10.031,55.50
10701.00,5.000,10.792,0.761,0.761,0.000,0.000,1.0000,25.000,51.060,10.031,55.42
10706.00,5.000,10.792,0.760,0.760,0.000,0.000,1.0000,25.000,51.061,10.031,55.35
10711.00,5.000,10.791,0.760,0.760,0.000,0.000,1.0000,25.000,51.063,10.031,55.27
10716.00,5.000,10.790,0.759,0.759,0.000,0.000,1.0000,25.000,51.064,10.031,55.20
10721.00,5.000,10.790,0.758,0.758,0.000,0.000,1.0000,25.000,51.066,10.031,55.13
10726.00,5.000,10.789,0.757,0.757,0.000,0.000,1.0000,25.000,51.067,10.031,55.05
10731.00,5.000,10.788,0.757,0.757,0.000,0.000,1.0000,25.000,51.069,10.031,54.98
10736.00,5.000,10.788,0.756,0.756,0.000,0.000,1.0000,25.000,51.070,10.031,54.91
10741.00,5.000,10.787,0.755,0.755,0.000,0.000,1.0000,25.000,51.072,10.031,54.83
10746.00,5.000,10.786,0.755,0.755,0.000,0.000,1.0000,25.000,51.073,10.031,54.76
10751.00,5.000,10.785,0.754,0.754,0.000,0.000,1.0000,25.000,51.074,10.031,54.69
10756.00,5.000,10.785,0.753,0.753,0.000,0.000,1.0000,25.000,51.076,10.031,54.61
10761.00,5.000,10.784,0.753,0.753,0.000,0.000,1.0000,25.000,51.077,10.031,54.54
10766.00,5.000,10.783,0.752,0.752,0.000,0.000,1.0000,25.000,51.079,10.031,54.47
10771.00,5.000,10.783,0.751,0.751,0.000,0.000,1.0000,25.000,51.080,10.031,54.40
10776.00,5.000,10.782,0.751,0.751,0.000,0.000,1.0000,25.000,51.081,10.031,54.32
10781.00,5.000,10.781,0.750,0.750,0.000,0.000,1.0000,25.000,51.083,10.031,54.25
10786.00,5.000,10.781,0.749,0.749,0.000,0.000,1.0000,25.000,51.084,10.031,54.18
10791.00,5.000,10.780,0.749,0.749,0.000,0.000,1.0000,25.000,51.085,10.031,54.11
10796.00,5.000,10.779,0.748,0.748,0.000,0.000,1.0000,25.000,51.087,10.031,54.03
10801.00,5.000,10.779,0.747,0.747,0.000,0.000,1.0000,25.000,51.088,10.031,53.96
10806.00,5.000,10.778,0.747,0.747,0.000,0.000,1.0000,25.000,51.089,10.031,53.89
10811.00,5.000,10.777,0.746,0.746,0.000,0.000,1.0000,25.000,51.091,10.031,53.82
10816.00,5.000,10.777,0.745,0.745,0.000,0.000,1.0000,25.000,51.092,10.031,53.75
10821.00,5.000,10.776,0.745,0.745,0.000,0.000,1.0000,25.000,51.093,10.031,53.68
10826.00,5.000,10.775,0.744,0.744,0.000,0.000,1.0000,25.000,51.094,10.031,53.60
10831.00,5.000,10.775,0.743,0.743,0.000,0.000,1.0000,25.000,51.096,10.031,53.53
10836.00,5.000,10.774,0.743,0.743,0.000,0.000,1.0000,25.000,51.097,10.031,53.46
10841.00,5.000,10.773,0.742,0.742,0.000,0.000,1.0000,25.000,51.098,10.031,53.39
10846.00,5.000,10.773,0.741,0.741,0.000,0.000,1.0000,25.000,51.099,10.031,53.32
10851.00,5.000,10.772,0.741,0.741,0.000,0.000,1.0000,25.000,51.101,10.031,53.25
10856.00,5.000,10.771,0.740,0.740,0.000,0.000,1.0000,25.000,51.102,10.031,53.18
10861.00,5.000,10.771,0.739,0.739,0.000,0.000,1.0000,25.000,51.103,10.031,53.11
10866.00,5.000,10.770,0.739,0.739,0.000,0.000,1.0000,25.000,51.104,10.031,53.04
10871.00,5.000,10.769,0.738,0.738,0.000,0.000,1.0000,25.000,51.105,10.031,52.97
10876.00,5.000,10.769,0.738,0.738,0.000,0.000,1.0000,25.000,51.107,10.031,52.90
10881.00,5.000,10.768,0.737,0.737,0.000,0.000,1.0000,25.000,51.108,10.031,52.83
10886.00,5.000,10.767,0.736,0.736,0.000,0.000,1.0000,25.000,51.109,10.031,52.76
10891.00,5.000,10.767,0.736,0.736,0.000,0.000,1.0000,25.000,51.110,10.031,52.69
10896.00,5.000,10.766,0.735,0.735,0.000,0.000,1.0000,25.000,51.111,10.031,52.62
10901.00,5.000,10.765,0.734,0.734,0.000,0.000,1.0000,25.000,51.112,10.031,52.55
10906.00,5.000,10.765,0.734,0.734,0.000,0.000,1.0000,25.000,51.114,10.031,52.48
10911.00,5.000,10.764,0.733,0.733,0.000,0.000,1.0000,25.000,51.115,10.031,52.41
10916.00,5.000,10.764,0.732,0.732,0.000,0.000,1.0000,25.000,51.116,10.031,52.34
10921.00,5.000,10.763,0.732,0.732,0.000,0.000,1.0000,25.000,51.117,10.031,52.27
10926.00,5.000,10.762,0.731,0.731,0.000,0.000,1.0000,25.000,51.118,10.031,52.20
10931.00,5.000,10.762,0.730,0.730,0.000,0.000,1.0000,25.000,51.119,10.031,52.14
10936.00,5.000,10.761,0.730,0.730,0.000,0.000,1.0000,25.000,51.120,10.031,52.07
10941.00,5.000,10.760,0.729,0.729,0.000,0.000,1.0000,25.000,51.121,10.031,52.00
10946.00,5.000,10.760,0.728,0.728,0.000,0.000,1.0000,25.000,51.122,10.031,51.93
10951.00,5.000,10.759,0.728,0.728,0.000,0.000,1.0000,25.000,51.123,10.031,51.86
10956.00,5.000,10.758,0.727,0.727,0.000,0.000,1.0000,25.000,51.124,10.031,51.79
10961.00,5.000,10.758,0.727,0.727,0.000,0.000,1.0000,25.000,51.125,10.031,51.73
10966.00,5.000,10.757,0.726,0.726,0.000,0.000,1.0000,25.000,51.126,10.031,51.66
10971.00,5.000,10.756,0.725,0.725,0.000,0.000,1.0000,25.000,51.127,10.031,51.59
10976.00,5.000,10.756,0.725,0.725,0.000,0.000,1.0000,25.000,51.128,10.031,51.52
10981.00,5.000,10.755,0.724,0.724,0.000,0.000,1.0000,25.000,51.129,10.031,51.45
10986.00,5.000,10.755,0.723,0.723,0.000,0.000,1.0000,25.000,51.130,10.031,51.39
10991.00,5.000,10.754,0.723,0.723,0.000,0.000,1.0000,25.000,51.131,10.031,51.32
10996.00,5.000,10.753,0.722,0.722,0.000,0.000,1.0000,25.000,51.132,10.031,51.25
11001.00,5.000,10.753,0.721,0.721,0.000,0.000,1.0000,25.000,51.133,10.031,51.18
11006.00,5.000,10.752,0.721,0.721,0.000,0.000,1.0000,25.000,51.134,10.031,51.12
11011.00,5.000,10.751,0.720,0.720,0.000,0.000,1.0000,25.000,51.135,10.031,51.05
11016.00,5.000,10.751,0.720,0.720,0.000,0.000,1.0000,25.000,51.136,10.031,50.98
11021.00,5.000,10.750,0.719,0.719,0.000,0.000,1.0000,25.000,51.137,10.031,50.92
11026.00,5.000,10.749,0.718,0.718,0.000,0.000,1.0000,25.000,51.138,10.031,50.85
11031.00,5.000,10.749,0.718,0.718,0.000,0.000,1.0000,25.000,51.139,10.031,50.78
11036.00,5.000,10.748,0.717,0.717,0.000,0.000,1.0000,25.000,51.139,10.031,50.72
11041.00,5.000,10.748,0.716,0.716,0.000,0.000,1.0000,25.000,51.140,10.031,50.65
11046.00,5.000,10.747,0.716,0.716,0.000,0.000,1.0000,25.000,51.141,10.031,50.58
11051.00,5.000,10.746,0.715,0.715,0.000,0.000,1.0000,25.000,51.142,10.031,50.52
11056.00,5.000,10.746,0.715,0.715,0.000,0.000,1.0000,25.000,51.143,10.031,50.45
11061.00,5.000,10.745,0.714,0.714,0.000,0.000,1.0000,25.000,51.144,10.031,50.39
11066.00,5.000,10.744,0.713,0.713,0.000,0.000,1.0000,25.000,51.145,10.031,50.32
11071.00,5.000,10.744,0.713,0.713,0.000,0.000,1.0000,25.000,51.145,10.031,50.26
11076.00,5.000,10.743,0.712,0.712,0.000,0.000,1.0000,25.000,51.146,10.031,50.19
11081.00,5.000,10.743,0.711,0.711,0.000,0.000,1.0000,25.000,51.147,10.031,50.12
11086.00,5.000,10.742,0.711,0.711,0.000,0.000,1.0000,25.000,51.148,10.031,50.06
11091.00,5.000,10.741,0.710,0.710,0.000,0.000,1.0000,25.000,51.149,10.031,49.99
11096.00,5.000,10.741,0.710,0.710,0.000,0.000,1.0000,25.000,51.149,10.031,49.93
11101.00,5.000,10.740,0.709,0.709,0.000,0.000,1.0000,25.000,51.150,10.031,49.86
11106.00,5.000,10.739,0.708,0.708,0.000,0.000,1.0000,25.000,51.151,10.031,49.80
11111.00,5.000,10.739,0.708,0.708,0.000,0.000,1.0000,25.000,51.152,10.031,49.73
11116.00,5.000,10.738,0.707,0.707,0.000,0.000,1.0000,25.000,51.152,10.031,49.67
11121.00,5.000,10.738,0.707,0.707,0.000,0.000,1.0000,25.000,51.153,10.031,49.61
11126.00,5.000,10.737,0.706,0.706,0.000,0.000,1.0000,25.000,51.154,10.031,49.54
11131.00,5.000,10.736,0.705,0.705,0.000,0.000,1.0000,25.000,51.155,10.031,49.48
11136.00,5.000,10.736,0.705,0.705,0.000,0.000,1.0000,25.000,51.155,10.031,49.41
11141.00,5.000,10.735,0.704,0.704,0.000,0.000,1.0000,25.000,51.156,10.031,49.35
11146.00,5.000,10.735,0.704,0.704,0.000,0.000,1.0000,25.000,51.157,10.031,49.28
11151.00,5.000,10.734,0.703,0.703,0.000,0.000,1.0000,25.000,51.158,10.031,49.22
11156.00,5.000,10.733,0.702,0.702,0.000,0.000,1.0000,25.000,51.158,10.031,49.16
11161.00,5.000,10.733,0.702,0.702,0.000,0.000,1.0000,25.000,51.159,10.031,49.09
11166.00,5.000,10.732,0.701,0.701,0.000,0.000,1.0000,25.000,51.160,10.031,49.03
11171.00,5.000,10.732,0.701,0.701,0.000,0.000,1.0000,25.000,51.160,10.031,48.97
11176.00,5.000,10.731,0.700,0.700,0.000,0.000,1.0000,25.000,51.161,10.031,48.90
11181.00,5.000,10.730,0.699,0.699,0.000,0.000,1.0000,25.000,51.162,10.031,48.84
11186.00,5.000,10.730,0.699,0.699,0.000,0.000,1.0000,25.000,51.162,10.031,48.78
11191.00,5.000,10.729,0.698,0.698,0.000,0.000,1.0000,25.000,51.163,10.031,48.71
11196.00,5.000,10.729,0.698,0.698,0.000,0.000,1.0000,25.000,51.163,10.031,48.65
11201.00,5.000,10.728,0.697,0.697,0.000,0.000,1.0000,25.000,51.164,10.031,48.59
11206.00,5.000,10.727,0.696,0.696,0.000,0.000,1.0000,25.000,51.165,10.031,48.52
11211.00,5.000,10.727,0.696,0.696,0.000,0.000,1.0000,25.000,51.165,10.031,48.46
11216.00,5.000,10.726,0.695,0.695,0.000,0.000,1.0000,25.000,51.166,10.031,48.40
11221.00,5.000,10.726,0.695,0.695,0.000,0.000,1.0000,25.000,51.166,10.031,48.34
11226.00,5.000,10.725,0.694,0.694,0.000,0.000,1.0000,25.000,51.167,10.031,48.28
11231.00,5.000,10.724,0.693,0.693,0.000,0.000,1.0000,25.000,51.168,10.031,48.21
11236.00,5.000,10.724,0.693,0.693,0.000,0.000,1.0000,25.000,51.168,10.031,48.15
11241.00,5.000,10.723,0.692,0.692,0.000,0.000,1.0000,25.000,51.169,10.031,48.09
11246.00,5.000,10.723,0.692,0.692,0.000,0.000,1.0000,25.000,51.169,10.031,48.03
11251.00,5.000,10.722,0.691,0.691,0.000,0.000,1.0000,25.000,51.170,10.031,47.97
11256.00,5.000,10.721,0.690,0.690,0.000,0.000,1.0000,25.000,51.170,10.031,47.90
11261.00,5.000,10.721,0.690,0.690,0.000,0.000,1.0000,25.000,51.171,10.031,47.84
11266.00,5.000,10.720,0.689,0.689,0.000,0.000,1.0000,25.000,51.171,10.031,47.78
11271.00,5.000,10.720,0.689,0.689,0.000,0.000,1.0000,25.000,51.172,10.031,47.72
11276.00,5.000,10.719,0.688,0.688,0.000,0.000,1.0000,25.000,51.172,10.031,47.66
11281.00,5.000,10.718,0.687,0.687,0.000,0.000,1.0000,25.000,51.173,10.031,47.60
11286.00,5.000,10.718,0.687,0.687,0.000,0.000,1.0000,25.000,51.173,10.031,47.54
11291.00,5.000,10.717,0.686,0.686,0.000,0.000,1.0000,25.000,51.174,10.031,47.47
11296.00,5.000,10.717,0.686,0.686,0.000,0.000,1.0000,25.000,51.174,10.031,47.41
11301.00,5.000,10.716,0.685,0.685,0.000,0.000,1.0000,25.000,51.175,10.031,47.35
11306.00,5.000,10.716,0.685,0.685,0.000,0.000,1.0000,25.000,51.175,10.031,47.29
11311.00,5.000,10.715,0.684,0.684,0.000,0.000,1.0000,25.000,51.176,10.031,47.23
11316.00,5.000,10.714,0.683,0.683,0.000,0.000,1.0000,25.000,51.176,10.031,47.17
11321.00,5.000,10.714,0.683,0.683,0.000,0.000,1.0000,25.000,51.177,10.031,47.11
11326.00,5.000,10.713,0.682,0.682,0.000,0.000,1.0000,25.000,51.177,10.031,47.05
11331.00,5.000,10.713,0.682,0.682,0.000,0.000,1.0000,25.000,51.177,10.031,46.99
11336.00,5.000,10.712,0.681,0.681,0.000,0.000,1.0000,25.000,51.178,10.031,46.93
11341.00,5.000,10.711,0.680,0.680,0.000,0.000,1.0000,25.000,51.178,10.031,46.87
11346.00,5.000,10.711,0.680,0.680,0.000,0.000,1.0000,25.000,51.179,10.031,46.81
11351.00,5.000,10.710,0.679,0.679,0.000,0.000,1.0000,25.000,51.179,10.031,46.75
11356.00,5.000,10.710,0.679,0.679,0.000,0.000,1.0000,25.000,51.180,10.031,46.69
11361.00,5.000,10.709,0.678,0.678,0.000,0.000,1.0000,25.000,51.180,10.031,46.63
11366.00,5.000,10.709,0.678,0.678,0.000,0.000,1.0000,25.000,51.180,10.031,46.57
11371.00,5.000,10.708,0.677,0.677,0.000,0.000,1.0000,25.000,51.181,10.031,46.51
11376.00,5.000,10.707,0.676,0.676,0.000,0.000,1.0000,25.000,51.181,10.031,46.45
11381.00,5.000,10.707,0.676,0.676,0.000,0.000,1.0000,25.000,51.181,10.031,46.40
11386.00,5.000,10.706,0.675,0.675,0.000,0.000,1.0000,25.000,51.182,10.031,46.34
11391.00,5.000,10.706,0.675,0.675,0.000,0.000,1.0000,25.000,51.182,10.031,46.28
11396.00,5.000,10.705,0.674,0.674,0.000,0.000,1.0000,25.000,51.182,10.031,46.22
11401.00,5.000,10.705,0.674,0.674,0.000,0.000,1.0000,25.000,51.183,10.031,46.16
11406.00,5.000,10.704,0.673,0.673,0.000,0.000,1.0000,25.000,51.183,10.031,46.10
11411.00,5.000,10.703,0.672,0.672,0.000,0.000,1.0000,25.000,51.183,10.031,46.04
11416.00,5.000,10.703,0.672,0.672,0.000,0.000,1.0000,25.000,51.184,10.031,45.98
11421.00,5.000,10.702,0.671,0.671,0.000,0.000,1.0000,25.000,51.184,10.031,45.93
11426.00,5.000,10.702,0.671,0.671,0.000,0.000,1.0000,25.000,51.184,10.031,45.87
11431.00,5.000,10.701,0.670,0.670,0.000,0.000,1.0000,25.000,51.185,10.031,45.81
11436.00,5.000,10.701,0.670,0.670,0.000,0.000,1.0000,25.000,51.185,10.031,45.75
11441.00,5.000,10.700,0.669,0.669,0.000,0.000,1.0000,25.000,51.185,10.031,45.69
11446.00,5.000,10.700,0.669,0.669,0.000,0.000,1.0000,25.000,51.186,10.031,45.64
11451.00,5.000,10.699,0.668,0.668,0.000,0.000,1.0000,25.000,51.186,10.031,45.58
11456.00,5.000,10.698,0.667,0.667,0.000,0.000,1.0000,25.000,51.186,10.031,45.52
11461.00,5.000,10.698,0.667,0.667,0.000,0.000,1.0000,25.000,51.186,10.031,45.46
11466.00,5.000,10.697,0.666,0.666,0.000,0.000,1.0000,25.000,51.187,10.031,45.41
11471.00,5.000,10.697,0.666,0.666,0.000,0.000,1.0000,25.000,51.187,10.031,45.35
11476.00,5.000,10.696,0.665,0.665,0.000,0.000,1.0000,25.000,51.187,10.031,45.29
11481.00,5.000,10.696,0.665,0.665,0.000,0.000,1.0000,25.000,51.187,10.031,45.23
11486.00,5.000,10.695,0.664,0.664,0.000,0.000,1.0000,25.000,51.188,10.031,45.18
11491.00,5.000,10.695,0.664,0.664,0.000,0.000,1.0000,25.000,51.188,10.031,45.12
11496.00,5.000,10.694,0.663,0.663,0.000,0.000,1.0000,25.000,51.188,10.031,45.06
11501.00,5.000,10.693,0.662,0.662,0.000,0.000,1.0000,25.000,51.188,10.031,45.01
11506.00,5.000,10.693,0.662,0.662,0.000,0.000,1.0000,25.000,51.188,10.031,44.95
11511.00,5.000,10.692,0.661,0.661,0.000,0.000,1.0000,25.000,51.189,10.031,44.89
11516.00,5.000,10.692,0.661,0.661,0.000,0.000,1.0000,25.000,51.189,10.031,44.84
11521.00,5.000,10.691,0.660,0.660,0.000,0.000,1.0000,25.000,51.189,10.031,44.78
11526.00,5.000,10.691,0.660,0.660,0.000,0.000,1.0000,25.000,51.189,10.031,44.72
11531.00,5.000,10.690,0.659,0.659,0.000,0.000,1.0000,25.000,51.189,10.031,44.67
11536.00,5.000,10.690,0.659,0.659,0.000,0.000,1.0000,25.000,51.190,10.031,44.61
11541.00,5.000,10.689,0.658,0.658,0.000,0.000,1.0000,25.000,51.190,10.031,44.56
11546.00,5.000,10.688,0.658,0.658,0.000,0.000,1.0000,25.000,51.190,10.031,44.50
11551.00,5.000,10.688,0.657,0.657,0.000,0.000,1.0000,25.000,51.190,10.031,44.44
11556.00,5.000,10.687,0.656,0.656,0.000,0.000,1.0000,25.000,51.190,10.031,44.39
11561.00,5.000,10.687,0.656,0.656,0.000,0.000,1.0000,25.000,51.190,10.031,44.33
11566.00,5.000,10.686,0.655,0.655,0.000,0.000,1.0000,25.000,51.191,10.031,44.28
11571.00,5.000,10.686,0.655,0.655,0.000,0.000,1.0000,25.000,51.191,10.031,44.22
11576.00,5.000,10.685,0.654,0.654,0.000,0.000,1.0000,25.000,51.191,10.031,44.17
11581.00,5.000,10.685,0.654,0.654,0.000,0.000,1.0000,25.000,51.191,10.031,44.11
11586.00,5.000,10.684,0.653,0.653,0.000,0.000,1.0000,25.000,51.191,10.031,44.06
11591.00,5.000,10.684,0.653,0.653,0.000,0.000,1.0000,25.000,51.191,10.031,44.00
11596.00,5.000,10.683,0.652,0.652,0.000,0.000,1.0000,25.000,51.191,10.031,43.95
11601.00,5.000,10.683,0.652,0.652,0.000,0.000,1.0000,25.000,51.192,10.031,43.89
11606.00,5.000,10.682,0.651,0.651,0.000,0.000,1.0000,25.000,51.192,10.031,43.84
11611.00,5.000,10.681,0.651,0.651,0.000,0.000,1.0000,25.000,51.192,10.031,43.78
11616.00,5.000,10.681,0.650,0.650,0.000,0.000,1.0000,25.000,51.192,10.031,43.73
11621.00,5.000,10.680,0.649,0.649,0.000,0.000,1.0000,25.000,51.192,10.031,43.67
11626.00,5.000,10.680,0.649,0.649,0.000,0.000,1.0000,25.000,51.192,10.031,43.62
11631.00,5.000,10.679,0.648,0.648,0.000,0.000,1.0000,25.000,51.192,10.031,43.56
11636.00,5.000,10.679,0.648,0.648,0.000,0.000,1.0000,25.000,51.192,10.031,43.51
11641.00,5.000,10.678,0.647,0.647,0.000,0.000,1.0000,25.000,51.192,10.031,43.46
11646.00,5.000,10.678,0.647,0.647,0.000,0.000,1.0000,25.000,51.192,10.031,43.40
11651.00,5.000,10.677,0.646,0.646,0.000,0.000,1.0000,25.000,51.192,10.031,43.35
11656.00,5.000,10.677,0.646,0.646,0.000,0.000,1.0000,25.000,51.193,10.031,43.29
11661.00,5.000,10.676,0.645,0.645,0.000,0.000,1.0000,25.000,51.193,10.031,43.24
11666.00,5.000,10.676,0.645,0.645,0.000,0.000,1.0000,25.000,51.193,10.031,43.19
11671.00,5.000,10.675,0.644,0.644,0.000,0.000,1.0000,25.000,51.193,10.031,43.13
11676.00,5.000,10.675,0.644,0.644,0.000,0.000,1.0000,25.000,51.193,10.031,43.08
11681.00,5.000,10.674,0.643,0.643,0.000,0.000,1.0000,25.000,51.193,10.031,43.03
11686.00,5.000,10.673,0.643,0.643,0.000,0.000,1.0000,25.000,51.193,10.031,42.97
11691.00,5.000,10.673,0.642,0.642,0.000,0.000,1.0000,25.000,51.193,10.031,42.92
11696.00,5.000,10.672,0.642,0.642,0.000,0.000,1.0000,25.000,51.193,10.031,42.87
11701.00,5.000,10.672,0.641,0.641,0.000,0.000,1.0000,25.000,51.193,10.031,42.81
11706.00,5.000,10.671,0.640,0.640,0.000,0.000,1.0000,25.000,51.193,10.031,42.76
11711.00,5.000,10.671,0.640,0.640,0.000,0.000,1.0000,25.000,51.193,10.031,42.71
11716.00,5.000,10.670,0.639,0.639,0.000,0.000,1.0000,25.000,51.193,10.031,42.66
11721.00,5.000,10.670,0.639,0.639,0.000,0.000,1.0000,25.000,51.193,10.031,42.60
11726.00,5.000,10.669,0.638,0.638,0.000,0.000,1.0000,25.000,51.193,10.031,42.55
11731.00,5.000,10.669,0.638,0.638,0.000,0.000,1.0000,25.000,51.193,10.031,42.50
11736.00,5.000,10.668,0.637,0.637,0.000,0.000,1.0000,25.000,51.193,10.031,42.45
11741.00,5.000,10.668,0.637,0.637,0.000,0.000,1.0000,25.000,51.193,10.031,42.39
11746.00,5.000,10.667,0.636,0.636,0.000,0.000,1.0000,25.000,51.193,10.031,42.34
11751.00,5.000,10.667,0.636,0.636,0.000,0.000,1.0000,25.000,51.193,10.031,42.29
11756.00,5.000,10.666,0.635,0.635,0.000,0.000,1.0000,25.000,51.193,10.031,42.24
11761.00,5.000,10.666,0.635,0.635,0.000,0.000,1.0000,25.000,51.193,10.031,42.19
11766.00,5.000,10.665,0.634,0.634,0.000,0.000,1.0000,25.000,51.193,10.031,42.13
11771.00,5.000,10.665,0.634,0.634,0.000,0.000,1.0000,25.000,51.193,10.031,42.08
11776.00,5.000,10.664,0.633,0.633,0.000,0.000,1.0000,25.000,51.193,10.031,42.03
11781.00,5.000,10.664,0.633,0.633,0.000,0.000,1.0000,25.000,51.193,10.031,41.98
11786.00,5.000,10.663,0.632,0.632,0.000,0.000,1.0000,25.000,51.193,10.031,41.93
11791.00,5.000,10.663,0.632,0.632,0.000,0.000,1.0000,25.000,51.193,10.031,41.88
11796.00,5.000,10.662,0.631,0.631,0.000,0.000,1.0000,25.000,51.193,10.031,41.82
11801.00,5.000,10.662,0.631,0.631,0.000,0.000,1.0000,25.000,51.193,10.031,41.77
11806.00,5.000,10.661,0.630,0.630,0.000,0.000,1.0000,25.000,51.193,10.031,41.72
11811.00,5.000,10.661,0.630,0.630,0.000,0.000,1.0000,25.000,51.193,10.031,41.67
11816.00,5.000,10.660,0.629,0.629,0.000,0.000,1.0000,25.000,51.193,10.031,41.62
11821.00,5.000,10.660,0.629,0.629,0.000,0.000,1.0000,25.000,51.193,10.031,41.57
11826.00,5.000,10.659,0.628,0.628,0.000,0.000,1.0000,25.000,51.193,10.031,41.52
11831.00,5.000,10.659,0.628,0.628,0.000,0.000,1.0000,25.000,51.193,10.031,41.47
11836.00,5.000,10.658,0.627,0.627,0.000,0.000,1.0000,25.000,51.193,10.031,41.42
11841.00,5.000,10.658,0.627,0.627,0.000,0.000,1.0000,25.000,51.193,10.031,41.37
11846.00,5.000,10.657,0.626,0.626,0.000,0.000,1.0000,25.000,51.193,10.031,41.32
11851.00,5.000,10.657,0.626,0.626,0.000,0.000,1.0000,25.000,51.193,10.031,41.27
11856.00,5.000,10.656,0.625,0.625,0.000,0.000,1.0000,25.000,51.193,10.031,41.22
11861.00,5.000,10.656,0.625,0.625,0.000,0.000,1.0000,25.000,51.193,10.031,41.17
11866.00,5.000,10.655,0.624,0.624,0.000,0.000,1.0000,25.000,51.193,10.031,41.12
11871.00,5.000,10.655,0.624,0.624,0.000,0.000,1.0000,25.000,51.193,10.031,41.07
11876.00,5.000,10.654,0.623,0.623,0.000,0.000,1.0000,25.000,51.193,10.031,41.02
11881.00,5.000,10.654,0.623,0.623,0.000,0.000,1.0000,25.000,51.193,10.031,40.97
11886.00,5.000,10.653,0.622,0.622,0.000,0.000,1.0000,25.000,51.193,10.031,40.92
11891.00,5.000,10.653,0.622,0.622,0.000,0.000,1.0000,25.000,51.193,10.031,40.87
11896.00,5.000,10.652,0.621,0.621,0.000,0.000,1.0000,25.000,51.193,10.031,40.82
11901.00,5.000,10.652,0.621,0.621,0.000,0.000,1.0000,25.000,51.193,10.031,40.77
11906.00,5.000,10.651,0.620,0.620,0.000,0.000,1.0000,25.000,51.193,10.031,40.72
11911.00,5.000,10.651,0.620,0.620,0.000,0.000,1.0000,25.000,51.193,10.031,40.67
11916.00,5.000,10.650,0.619,0.619,0.000,0.000,1.0000,25.000,51.193,10.031,40.62
11921.00,5.000,10.650,0.619,0.619,0.000,0.000,1.0000,25.000,51.193,10.031,40.57
11926.00,5.000,10.649,0.618,0.618,0.000,0.000,1.0000,25.000,51.193,10.031,40.52
11931.00,5.000,10.649,0.618,0.618,0.000,0.000,1.0000,25.000,51.193,10.031,40.47
11936.00,5.000,10.648,0.617,0.617,0.000,0.000,1.0000,25.000,51.193,10.031,40.43
11941.00,5.000,10.648,0.617,0.617,0.000,0.000,1.0000,25.000,51.193,10.031,40.38
11946.00,5.000,10.647,0.616,0.616,0.000,0.000,1.0000,25.000,51.193,10.031,40.33
11951.00,5.000,10.647,0.616,0.616,0.000,0.000,1.0000,25.000,51.193,10.031,40.28
11956.00,5.000,10.646,0.615,0.615,0.000,0.000,1.0000,25.000,51.193,10.031,40.23
11961.00,5.000,10.646,0.615,0.615,0.000,0.000,1.0000,25.000,51.193,10.031,40.18
11966.00,5.000,10.645,0.614,0.614,0.000,0.000,1.0000,25.000,51.193,10.031,40.13
11971.00,5.000,10.645,0.614,0.614,0.000,0.000,1.0000,25.000,51.193,10.031,40.09
11976.00,5.000,10.644,0.613,0.613,0.000,0.000,1.0000,25.000,51.193,10.031,40.04
11981.00,5.000,10.644,0.613,0.613,0.000,0.000,1.0000,25.000,51.193,10.031,39.99
11986.00,5.000,10.643,0.612,0.612,0.000,0.000,1.0000,25.000,51.193,10.031,39.94
11991.00,5.000,10.643,0.612,0.612,0.000,0.000,1.0000,25.000,51.193,10.031,39.89
11996.00,5.000,10.642,0.611,0.611,0.000,0.000,1.0000,25.000,51.193,10.031,39.85
12001.00,5.000,10.642,0.611,0.611,0.000,0.000,1.0000,25.000,51.193,10.031,39.80
12006.00,5.000,10.641,0.610,0.610,0.000,0.000,1.0000,25.000,51.193,10.031,39.75
12011.00,5.000,10.641,0.610,0.610,0.000,0.000,1.0000,25.000,51.193,10.031,39.70
12016.00,5.000,10.640,0.609,0.609,0.000,0.000,1.0000,25.000,51.193,10.031,39.66
12021.00,5.000,10.640,0.609,0.609,0.000,0.000,1.0000,25.000,51.193,10.031,39.61
12026.00,5.000,10.639,0.608,0.608,0.000,0.000,1.0000,25.000,51.193,10.031,39.56
12031.00,5.000,10.639,0.608,0.608,0.000,0.000,1.0000,25.000,51.193,10.031,39.51
12036.00,5.000,10.638,0.608,0.608,0.000,0.000,1.0000,25.000,51.193,10.031,39.47
12041.00,5.000,10.638,0.607,0.607,0.000,0.000,1.0000,25.000,51.193,10.031,39.42
12046.00,5.000,10.637,0.607,0.607,0.000,0.000,1.0000,25.000,51.193,10.031,39.37
12051.00,5.000,10.637,0.606,0.606,0.000,0.000,1.0000,25.000,51.193,10.031,39.33
12056.00,5.000,10.637,0.606,0.606,0.000,0.000,1.0000,25.000,51.193,10.031,39.28
12061.00,5.000,10.636,0.605,0.605,0.000,0.000,1.0000,25.000,51.193,10.031,39.23
12066.00,5.000,10.636,0.605,0.605,0.000,0.000,1.0000,25.000,51.193,10.031,39.19
12071.00,5.000,10.635,0.604,0.604,0.000,0.000,1.0000,25.000,51.193,10.031,39.14
12076.00,5.000,10.635,0.604,0.604,0.000,0.000,1.0000,25.000,51.193,10.031,39.09
12081.00,5.000,10.634,0.603,0.603,0.000,0.000,1.0000,25.000,51.193,10.031,39.05
12086.00,5.000,10.634,0.603,0.603,0.000,0.000,1.0000,25.000,51.193,10.031,39.00
12091.00,5.000,10.633,0.602,0.602,0.000,0.000,1.0000,25.000,51.193,10.031,38.95
12096.00,5.000,10.633,0.602,0.602,0.000,0.000,1.0000,25.000,51.193,10.031,38.91
12101.00,5.000,10.632,0.601,0.601,0.000,0.000,1.0000,25.000,51.193,10.031,38.86
12106.00,5.000,10.632,0.601,0.601,0.000,0.000,1.0000,25.000,51.193,10.031,38.82
12111.00,5.000,10.631,0.600,0.600,0.000,0.000,1.0000,25.000,51.193,10.031,38.77
12116.00,5.000,10.631,0.600,0.600,0.000,0.000,1.0000,25.000,51.193,10.031,38.72
12121.00,5.000,10.630,0.599,0.599,0.000,0.000,1.0000,25.000,51.193,10.031,38.68
12126.00,5.000,10.630,0.599,0.599,0.000,0.000,1.0000,25.000,51.193,10.031,38.63
12131.00,5.000,10.629,0.599,0.599,0.000,0.000,1.0000,25.000,51.193,10.031,38.59
12136.00,5.000,10.629,0.598,0.598,0.000,0.000,1.0000,25.000,51.193,10.031,38.54
12141.00,5.000,10.629,0.598,0.598,0.000,0.000,1.0000,25.000,51.193,10.031,38.50
12146.00,5.000,10.628,0.597,0.597,0.000,0.000,1.0000,25.000,51.193,10.031,38.45
12151.00,5.000,10.628,0.597,0.597,0.000,0.000,1.0000,25.000,51.193,10.031,38.41
12156.00,5.000,10.627,0.596,0.596,0.000,0.000,1.0000,25.000,51.193,10.031,38.36
12161.00,5.000,10.627,0.596,0.596,0.000,0.000,1.0000,25.000,51.193,10.031,38.32
12166.00,5.000,10.626,0.595,0.595,0.000,0.000,1.0000,25.000,51.193,10.031,38.27
12171.00,5.000,10.626,0.595,0.595,0.000,0.000,1.0000,25.000,51.193,10.031,38.23
12176.00,5.000,10.625,0.594,0.594,0.000,0.000,1.0000,25.000,51.193,10.031,38.18
12181.00,5.000,10.625,0.594,0.594,0.000,0.000,1.0000,25.000,51.193,10.031,38.14
12186.00,5.000,10.624,0.593,0.593,0.000,0.000,1.0000,25.000,51.193,10.031,38.09
12191.00,5.000,10.624,0.593,0.593,0.000,0.000,1.0000,25.000,51.193,10.031,38.05
12196.00,5.000,10.623,0.593,0.593,0.000,0.000,1.0000,25.000,51.193,10.031,38.00
12201.00,5.000,10.623,0.592,0.592,0.000,0.000,1.0000,25.000,51.193,10.031,37.96
12206.00,5.000,10.623,0.592,0.592,0.000,0.000,1.0000,25.000,51.193,10.031,37.91
12211.00,5.000,10.622,0.591,0.591,0.000,0.000,1.0000,25.000,51.193,10.031,37.87
12216.00,5.000,10.622,0.591,0.591,0.000,0.000,1.0000,25.000,51.193,10.031,37.82
12221.00,5.000,10.621,0.590,0.590,0.000,0.000,1.0000,25.000,51.193,10.031,37.78
12226.00,5.000,10.621,0.590,0.590,0.000,0.000,1.0000,25.000,51.193,10.031,37.74
12231.00,5.000,10.620,0.589,0.589,0.000,0.000,1.0000,25.000,51.193,10.031,37.69
12236.00,5.000,10.620,0.589,0.589,0.000,0.000,1.0000,25.000,51.193,10.031,37.65
12241.00,5.000,10.619,0.588,0.588,0.000,0.000,1.0000,25.000,51.193,10.031,37.60
12246.00,5.000,10.619,0.588,0.588,0.000,0.000,1.0000,25.000,51.193,10.031,37.56
12251.00,5.000,10.618,0.588,0.588,0.000,0.000,1.0000,25.000,51.193,10.031,37.52
12256.00,5.000,10.618,0.587,0.587,0.000,0.000,1.0000,25.000,51.193,10.031,37.47
12261.00,5.000,10.618,0.587,0.587,0.000,0.000,1.0000,25.000,51.193,10.031,37.43
12266.00,5.000,10.617,0.586,0.586,0.000,0.000,1.0000,25.000,51.193,10.031,37.39
12271.00,5.000,10.617,0.586,0.586,0.000,0.000,1.0000,25.000,51.193,10.031,37.34
12276.00,5.000,10.616,0.585,0.585,0.000,0.000,1.0000,25.000,51.193,10.031,37.30
12281.00,5.000,10.616,0.585,0.585,0.000,0.000,1.0000,25.000,51.193,10.031,37.26
12286.00,5.000,10.615,0.584,0.584,0.000,0.000,1.0000,25.000,51.193,10.031,37.21
12291.00,5.000,10.615,0.584,0.584,0.000,0.000,1.0000,25.000,51.193,10.031,37.17
12296.00,5.000,10.614,0.584,0.584,0.000,0.000,1.0000,25.000,51.193,10.031,37.13
12301.00,5.000,10.614,0.583,0.583,0.000,0.000,1.0000,25.000,51.193,10.031,37.08
12306.00,5.000,10.614,0.583,0.583,0.000,0.000,1.0000,25.000,51.193,10.031,37.04
12311.00,5.000,10.613,0.582,0.582,0.000,0.000,1.0000,25.000,51.193,10.031,37.00
12316.00,5.000,10.613,0.582,0.582,0.000,0.000,1.0000,25.000,51.193,10.031,36.95
12321.00,5.000,10.612,0.581,0.581,0.000,0.000,1.0000,25.000,51.193,10.031,36.91
12326.00,5.000,10.612,0.581,0.581,0.000,0.000,1.0000,25.000,51.193,10.031,36.87
12331.00,5.000,10.611,0.580,0.580,0.000,0.000,1.0000,25.000,51.193,10.031,36.83
12336.00,5.000,10.611,0.580,0.580,0.000,0.000,1.0000,25.000,51.193,10.031,36.78
12341.00,5.000,10.610,0.580,0.580,0.000,0.000,1.0000,25.000,51.193,10.031,36.74
12346.00,5.000,10.610,0.579,0.579,0.000,0.000,1.0000,25.000,51.193,10.031,36.70
12351.00,5.000,10.610,0.579,0.579,0.000,0.000,1.0000,25.000,51.193,10.031,36.66
12356.00,5.000,10.609,0.578,0.578,0.000,0.000,1.0000,25.000,51.193,10.031,36.62
12361.00,5.000,10.609,0.578,0.578,0.000,0.000,1.0000,25.000,51.193,10.031,36.57
12366.00,5.000,10.608,0.577,0.577,0.000,0.000,1.0000,25.000,51.193,10.031,36.53
12371.00,5.000,10.608,0.577,0.577,0.000,0.000,1.0000,25.000,51.193,10.031,36.49
12376.00,5.000,10.607,0.576,0.576,0.000,0.000,1.0000,25.000,51.193,10.031,36.45
12381.00,5.000,10.607,0.576,0.576,0.000,0.000,1.0000,25.000,51.193,10.031,36.41
12386.00,5.000,10.607,0.576,0.576,0.000,0.000,1.0000,25.000,51.193,10.031,36.36
12391.00,5.000,10.606,0.575,0.575,0.000,0.000,1.0000,25.000,51.193,10.031,36.32
12396.00,5.000,10.606,0.575,0.575,0.000,0.000,1.0000,25.000,51.193,10.031,36.28
12401.00,5.000,10.605,0.574,0.574,0.000,0.000,1.0000,25.000,51.193,10.031,36.24
12406.00,5.000,10.605,0.574,0.574,0.000,0.000,1.0000,25.000,51.193,10.031,36.20
12411.00,5.000,10.604,0.573,0.573,0.000,0.000,1.0000,25.000,51.193,10.031,36.16
12416.00,5.000,10.604,0.573,0.573,0.000,0.000,1.0000,25.000,51.193,10.031,36.11
12421.00,5.000,10.603,0.573,0.573,0.000,0.000,1.0000,25.000,51.193,10.031,36.07
12426.00,5.000,10.603,0.572,0.572,0.000,0.000,1.0000,25.000,51.193,10.031,36.03
12431.00,5.000,10.603,0.572,0.572,0.000,0.000,1.0000,25.000,51.193,10.031,35.99
12436.00,5.000,10.602,0.571,0.571,0.000,0.000,1.0000,25.000,51.193,10.031,35.95
12441.00,5.000,10.602,0.571,0.571,0.000,0.000,1.0000,25.000,51.193,10.031,35.91
12446.00,5.000,10.601,0.570,0.570,0.000,0.000,1.0000,25.000,51.193,10.031,35.87
12451.00,5.000,10.601,0.570,0.570,0.000,0.000,1.0000,25.000,51.193,10.031,35.83
12456.00,5.000,10.600,0.570,0.570,0.000,0.000,1.0000,25.000,51.193,10.031,35.79
12461.00,5.000,10.600,0.569,0.569,0.000,0.000,1.0000,25.000,51.193,10.031,35.75
12466.00,5.000,10.600,0.569,0.569,0.000,0.000,1.0000,25.000,51.193,10.031,35.70
12471.00,5.000,10.599,0.568,0.568,0.000,0.000,1.0000,25.000,51.193,10.031,35.66
12476.00,5.000,10.599,0.568,0.568,0.000,0.000,1.0000,25.000,51.193,10.031,35.62
12481.00,5.000,10.598,0.567,0.567,0.000,0.000,1.0000,25.000,51.193,10.031,35.58
12486.00,5.000,10.598,0.567,0.567,0.000,0.000,1.0000,25.000,51.193,10.031,35.54
12491.00,5.000,10.597,0.567,0.567,0.000,0.000,1.0000,25.000,51.193,10.031,35.50
12496.00,5.000,10.597,0.566,0.566,0.000,0.000,1.0000,25.000,51.193,10.031,35.46
12501.00,5.000,10.597,0.566,0.566,0.000,0.000,1.0000,25.000,51.193,10.031,35.42
12506.00,5.000,10.596,0.565,0.565,0.000,0.000,1.0000,25.000,51.193,10.031,35.38
12511.00,5.000,10.596,0.565,0.565,0.000,0.000,1.0000,25.000,51.193,10.031,35.34
12516.00,5.000,10.595,0.564,0.564,0.000,0.000,1.0000,25.000,51.193,10.031,35.30
12521.00,5.000,10.595,0.564,0.564,0.000,0.000,1.0000,25.000,51.193,10.031,35.26
12526.00,5.000,10.595,0.564,0.564,0.000,0.000,1.0000,25.000,51.193,10.031,35.22
12531.00,5.000,10.594,0.563,0.563,0.000,0.000,1.0000,25.000,51.193,10.031,35.18
12536.00,5.000,10.594,0.563,0.563,0.000,0.000,1.0000,25.000,51.193,10.031,35.14
12541.00,5.000,10.593,0.562,0.562,0.000,0.000,1.0000,25.000,51.193,10.031,35.10
12546.00,5.000,10.593,0.562,0.562,0.000,0.000,1.0000,25.000,51.193,10.031,35.06
12551.00,5.000,10.592,0.562,0.562,0.000,0.000,1.0000,25.000,51.193,10.031,35.02
12556.00,5.000,10.592,0.561,0.561,0.000,0.000,1.0000,25.000,51.193,10.031,34.98
12561.00,5.000,10.592,0.561,0.561,0.000,0.000,1.0000,25.000,51.193,10.031,34.95
12566.00,5.000,10.591,0.560,0.560,0.000,0.000,1.0000,25.000,51.193,10.031,34.91
12571.00,5.000,10.591,0.560,0.560,0.000,0.000,1.0000,25.000,51.193,10.031,34.87
12576.00,5.000,10.590,0.559,0.559,0.000,0.000,1.0000,25.000,51.193,10.031,34.83
12581.00,5.000,10.590,0.559,0.559,0.000,0.000,1.0000,25.000,51.193,10.031,34.79
12586.00,5.000,10.590,0.559,0.559,0.000,0.000,1.0000,25.000,51.193,10.031,34.75
12591.00,5.000,10.589,0.558,0.558,0.000,0.000,1.0000,25.000,51.193,10.031,34.71
12596.00,5.000,10.589,0.558,0.558,0.000,0.000,1.0000,25.000,51.193,10.031,34.67
12601.00,5.000,10.588,0.557,0.557,0.000,0.000,1.0000,25.000,51.193,10.031,34.63
12606.00,5.000,10.588,0.557,0.557,0.000,0.000,1.0000,25.000,51.193,10.031,34.59
12611.00,5.000,10.587,0.557,0.557,0.000,0.000,1.0000,25.000,51.193,10.031,34.56
12616.00,5.000,10.587,0.556,0.556,0.000,0.000,1.0000,25.000,51.193,10.031,34.52
12621.00,5.000,10.587,0.556,0.556,0.000,0.000,1.0000,25.000,51.193,10.031,34.48
12626.00,5.000,10.586,0.555,0.555,0.000,0.000,1.0000,25.000,51.193,10.031,34.44
12631.00,5.000,10.586,0.555,0.555,0.000,0.000,1.0000,25.000,51.193,10.031,34.40
12636.00,5.000,10.585,0.554,0.554,0.000,0.000,1.0000,25.000,51.193,10.031,34.36
12641.00,5.000,10.585,0.554,0.554,0.000,0.000,1.0000,25.000,51.193,10.031,34.32
12646.00,5.000,10.585,0.554,0.554,0.000,0.000,1.0000,25.000,51.193,10.031,34.29
12651.00,5.000,10.584,0.553,0.553,0.000,0.000,1.0000,25.000,51.193,10.031,34.25
12656.00,5.000,10.584,0.553,0.553,0.000,0.000,1.0000,25.000,51.193,10.031,34.21
12661.00,5.000,10.583,0.552,0.552,0.000,0.000,1.0000,25.000,51.193,10.031,34.17
12666.00,5.000,10.583,0.552,0.552,0.000,0.000,1.0000,25.000,51.193,10.031,34.13
12671.00,5.000,10.583,0.552,0.552,0.000,0.000,1.0000,25.000,51.193,10.031,34.10
12676.00,5.000,10.582,0.551,0.551,0.000,0.000,1.0000,25.000,51.193,10.031,34.06
12681.00,5.000,10.582,0.551,0.551,0.000,0.000,1.0000,25.000,51.193,10.031,34.02
12686.00,5.000,10.581,0.550,0.550,0.000,0.000,1.0000,25.000,51.193,10.031,33.98
12691.00,5.000,10.581,0.550,0.550,0.000,0.000,1.0000,25.000,51.193,10.031,33.94
12696.00,5.000,10.581,0.550,0.550,0.000,0.000,1.0000,25.000,51.193,10.031,33.91
12701.00,5.000,10.580,0.549,0.549,0.000,0.000,1.0000,25.000,51.193,10.031,33.87
12706.00,5.000,10.580,0.549,0.549,0.000,0.000,1.0000,25.000,51.193,10.031,33.83
12711.00,5.000,10.579,0.548,0.548,0.000,0.000,1.0000,25.000,51.193,10.031,33.79
12716.00,5.000,10.579,0.548,0.548,0.000,0.000,1.0000,25.000,51.193,10.031,33.76
12721.00,5.000,10.579,0.548,0.548,0.000,0.000,1.0000,25.000,51.193,10.031,33.72
12726.00,5.000,10.578,0.547,0.547,0.000,0.000,1.0000,25.000,51.193,10.031,33.68
12731.00,5.000,10.578,0.547,0.547,0.000,0.000,1.0000,25.000,51.193,10.031,33.64
12736.00,5.000,10.577,0.546,0.546,0.000,0.000,1.0000,25.000,51.193,10.031,33.61
12741.00,5.000,10.577,0.546,0.546,0.000,0.000,1.0000,25.000,51.193,10.031,33.57
12746.00,5.000,10.577,0.546,0.546,0.000,0.000,1.0000,25.000,51.193,10.031,33.53
12751.00,5.000,10.576,0.545,0.545,0.000,0.000,1.0000,25.000,51.193,10.031,33.50
12756.00,5.000,10.576,0.545,0.545,0.000,0.000,1.0000,25.000,51.193,10.031,33.46
12761.00,5.000,10.575,0.544,0.544,0.000,0.000,1.0000,25.000,51.193,10.031,33.42
12766.00,5.000,10.575,0.544,0.544,0.000,0.000,1.0000,25.000,51.193,10.031,33.39
12771.00,5.000,10.575,0.544,0.544,0.000,0.000,1.0000,25.000,51.193,10.031,33.35
12776.00,5.000,10.574,0.543,0.543,0.000,0.000,1.0000,25.000,51.193,10.031,33.31
12781.00,5.000,10.574,0.543,0.543,0.000,0.000,1.0000,25.000,51.193,10.031,33.28
12786.00,5.000,10.573,0.542,0.542,0.000,0.000,1.0000,25.000,51.193,10.031,33.24
12791.00,5.000,10.573,0.542,0.542,0.000,0.000,1.0000,25.000,51.193,10.031,33.20
12796.00,5.000,10.573,0.542,0.542,0.000,0.000,1.0000,25.000,51.193,10.031,33.17
12801.00,5.000,10.572,0.541,0.541,0.000,0.000,1.0000,25.000,51.193,10.031,33.13
12806.00,5.000,10.572,0.541,0.541,0.000,0.000,1.0000,25.000,51.193,10.031,33.09
12811.00,5.000,10.571,0.541,0.541,0.000,0.000,1.0000,25.000,51.193,10.031,33.06
12816.00,5.000,10.571,0.540,0.540,0.000,0.000,1.0000,25.000,51.193,10.031,33.02
12821.00,5.000,10.571,0.540,0.540,0.000,0.000,1.0000,25.000,51.193,10.031,32.99
12826.00,5.000,10.570,0.539,0.539,0.000,0.000,1.0000,25.000,51.193,10.031,32.95
12831.00,5.000,10.570,0.539,0.539,0.000,0.000,1.0000,25.000,51.193,10.031,32.91
12836.00,5.000,10.569,0.539,0.539,0.000,0.000,1.0000,25.000,51.193,10.031,32.88
12841.00,5.000,10.569,0.538,0.538,0.000,0.000,1.0000,25.000,51.193,10.031,32.84
12846.00,5.000,10.569,0.538,0.538,0.000,0.000,1.0000,25.000,51.193,10.031,32.81
12851.00,5.000,10.568,0.537,0.537,0.000,0.000,1.0000,25.000,51.193,10.031,32.77
12856.00,5.000,10.568,0.537,0.537,0.000,0.000,1.0000,25.000,51.193,10.031,32.73
12861.00,5.000,10.568,0.537,0.537,0.000,0.000,1.0000,25.000,51.193,10.031,32.70
12866.00,5.000,10.567,0.536,0.536,0.000,0.000,1.0000,25.000,51.193,10.031,32.66
12871.00,5.000,10.567,0.536,0.536,0.000,0.000,1.0000,25.000,51.193,10.031,32.63
12876.00,5.000,10.566,0.535,0.535,0.000,0.000,1.0000,25.000,51.193,10.031,32.59
12881.00,5.000,10.566,0.535,0.535,0.000,0.000,1.0000,25.000,51.193,10.031,32.56
12886.00,5.000,10.566,0.535,0.535,0.000,0.000,1.0000,25.000,51.193,10.031,32.52
12891.00,5.000,10.565,0.534,0.534,0.000,0.000,1.0000,25.000,51.193,10.031,32.49
12896.00,5.000,10.565,0.534,0.534,0.000,0.000,1.0000,25.000,51.193,10.031,32.45
12901.00,5.000,10.564,0.534,0.534,0.000,0.000,1.0000,25.000,51.193,10.031,32.42
12906.00,5.000,10.564,0.533,0.533,0.000,0.000,1.0000,25.000,51.193,10.031,32.38
12911.00,5.000,10.564,0.533,0.533,0.000,0.000,1.0000,25.000,51.193,10.031,32.35
12916.00,5.000,10.563,0.532,0.532,0.000,0.000,1.0000,25.000,51.193,10.031,32.31
12921.00,5.000,10.563,0.532,0.532,0.000,0.000,1.0000,25.000,51.193,10.031,32.28
12926.00,5.000,10.563,0.532,0.532,0.000,0.000,1.0000,25.000,51.193,10.031,32.24
12931.00,5.000,10.562,0.531,0.531,0.000,0.000,1.0000,25.000,51.193,10.031,32.21
12936.00,5.000,10.562,0.531,0.531,0.000,0.000,1.0000,25.000,51.193,10.031,32.17
12941.00,5.000,10.561,0.531,0.531,0.000,0.000,1.0000,25.000,51.193,10.031,32.14
12946.00,5.000,10.561,0.530,0.530,0.000,0.000,1.0000,25.000,51.193,10.031,32.10
12951.00,5.000,10.561,0.530,0.530,0.000,0.000,1.0000,25.000,51.193,10.031,32.07
12956.00,5.000,10.560,0.529,0.529,0.000,0.000,1.0000,25.000,51.193,10.031,32.03
12961.00,5.000,10.560,0.529,0.529,0.000,0.000,1.0000,25.000,51.193,10.031,32.00
12966.00,5.000,10.560,0.529,0.529,0.000,0.000,1.0000,25.000,51.193,10.031,31.96
12971.00,5.000,10.559,0.528,0.528,0.000,0.000,1.0000,25.000,51.193,10.031,31.93
12976.00,5.000,10.559,0.528,0.528,0.000,0.000,1.0000,25.000,51.193,10.031,31.89
12981.00,5.000,10.558,0.527,0.527,0.000,0.000,1.0000,25.000,51.193,10.031,31.86
12986.00,5.000,10.558,0.527,0.527,0.000,0.000,1.0000,25.000,51.193,10.031,31.83
12991.00,5.000,10.558,0.527,0.527,0.000,0.000,1.0000,25.000,51.193,10.031,31.79
12996.00,5.000,10.557,0.526,0.526,0.000,0.000,1.0000,25.000,51.193,10.031,31.76
13001.00,5.000,10.557,0.526,0.526,0.000,0.000,1.0000,25.000,51.193,10.031,31.72
13006.00,5.000,10.557,0.526,0.526,0.000,0.000,1.0000,25.000,51.193,10.031,31.69
13011.00,5.000,10.556,0.525,0.525,0.000,0.000,1.0000,25.000,51.193,10.031,31.66
13016.00,5.000,10.556,0.525,0.525,0.000,0.000,1.0000,25.000,51.193,10.031,31.62
13021.00,5.000,10.555,0.525,0.525,0.000,0.000,1.0000,25.000,51.193,10.031,31.59
13026.00,5.000,10.555,0.524,0.524,0.000,0.000,1.0000,25.000,51.193,10.031,31.55
13031.00,5.000,10.555,0.524,0.524,0.000,0.000,1.0000,25.000,51.193,10.031,31.52
13036.00,5.000,10.554,0.523,0.523,0.000,0.000,1.0000,25.000,51.193,10.031,31.49
13041.00,5.000,10.554,0.523,0.523,0.000,0.000,1.0000,25.000,51.193,10.031,31.45
13046.00,5.000,10.554,0.523,0.523,0.000,0.000,1.0000,25.000,51.193,10.031,31.42
13051.00,5.000,10.553,0.522,0.522,0.000,0.000,1.0000,25.000,51.193,10.031,31.39
13056.00,5.000,10.553,0.522,0.522,0.000,0.000,1.0000,25.000,51.193,10.031,31.35
13061.00,5.000,10.553,0.522,0.522,0.000,0.000,1.0000,25.000,51.193,10.031,31.32
13066.00,5.000,10.552,0.521,0.521,0.000,0.000,1.0000,25.000,51.193,10.031,31.29
13071.00,5.000,10.552,0.521,0.521,0.000,0.000,1.0000,25.000,51.193,10.031,31.25
13076.00,5.000,10.551,0.520,0.520,0.000,0.000,1.0000,25.000,51.193,10.031,31.22
13081.00,5.000,10.551,0.520,0.520,0.000,0.000,1.0000,25.000,51.193,10.031,31.19
13086.00,5.000,10.551,0.520,0.520,0.000,0.000,1.0000,25.000,51.193,10.031,31.15
13091.00,5.000,10.550,0.519,0.519,0.000,0.000,1.0000,25.000,51.193,10.031,31.12
13096.00,5.000,10.550,0.519,0.519,0.000,0.000,1.0000,25.000,51.193,10.031,31.09
13101.00,5.000,10.550,0.519,0.519,0.000,0.000,1.0000,25.000,51.193,10.031,31.05
13106.00,5.000,10.549,0.518,0.518,0.000,0.000,1.0000,25.000,51.193,10.031,31.02
13111.00,5.000,10.549,0.518,0.518,0.000,0.000,1.0000,25.000,51.193,10.031,30.99
13116.00,5.000,10.548,0.518,0.518,0.000,0.000,1.0000,25.000,51.193,10.031,30.96
13121.00,5.000,10.548,0.517,0.517,0.000,0.000,1.0000,25.000,51.193,10.031,30.92
13126.00,5.000,10.548,0.517,0.517,0.000,0.000,1.0000,25.000,51.193,10.031,30.89
13131.00,5.000,10.547,0.516,0.516,0.000,0.000,1.0000,25.000,51.193,10.031,30.86
13136.00,5.000,10.547,0.516,0.516,0.000,0.000,1.0000,25.000,51.193,10.031,30.82
13141.00,5.000,10.547,0.516,0.516,0.000,0.000,1.0000,25.000,51.193,10.031,30.79
13146.00,5.000,10.546,0.515,0.515,0.000,0.000,1.0000,25.000,51.193,10.031,30.76
13151.00,5.000,10.546,0.515,0.515,0.000,0.000,1.0000,25.000,51.193,10.031,30.73
13156.00,5.000,10.546,0.515,0.515,0.000,0.000,1.0000,25.000,51.193,10.031,30.69
13161.00,5.000,10.545,0.514,0.514,0.000,0.000,1.0000,25.000,51.193,10.031,30.66
13166.00,5.000,10.545,0.514,0.514,0.000,0.000,1.0000,25.000,51.193,10.031,30.63
13171.00,5.000,10.545,0.514,0.514,0.000,0.000,1.0000,25.000,51.193,10.031,30.60
13176.00,5.000,10.544,0.513,0.513,0.000,0.000,1.0000,25.000,51.193,10.031,30.57
13181.00,5.000,10.544,0.513,0.513,0.000,0.000,1.0000,25.000,51.193,10.031,30.53
13186.00,5.000,10.543,0.513,0.513,0.000,0.000,1.0000,25.000,51.193,10.031,30.50
13191.00,5.000,10.543,0.512,0.512,0.000,0.000,1.0000,25.000,51.193,10.031,30.47
13196.00,5.000,10.543,0.512,0.512,0.000,0.000,1.0000,25.000,51.193,10.031,30.44
13201.00,5.000,10.542,0.511,0.511,0.000,0.000,1.0000,25.000,51.193,10.031,30.40
13206.00,5.000,10.542,0.511,0.511,0.000,0.000,1.0000,25.000,51.193,10.031,30.37
13211.00,5.000,10.542,0.511,0.511,0.000,0.000,1.0000,25.000,51.193,10.031,30.34
13216.00,5.000,10.541,0.510,0.510,0.000,0.000,1.0000,25.000,51.193,10.031,30.31
13221.00,5.000,10.541,0.510,0.510,0.000,0.000,1.0000,25.000,51.193,10.031,30.28
13226.00,5.000,10.541,0.510,0.510,0.000,0.000,1.0000,25.000,51.193,10.031,30.25
13231.00,5.000,10.540,0.509,0.509,0.000,0.000,1.0000,25.000,51.193,10.031,30.21
13236.00,5.000,10.540,0.509,0.509,0.000,0.000,1.0000,25.000,51.193,10.031,30.18
13241.00,5.000,10.540,0.509,0.509,0.000,0.000,1.0000,25.000,51.193,10.031,30.15
13246.00,5.000,10.539,0.508,0.508,0.000,0.000,1.0000,25.000,51.193,10.031,30.12
13251.00,5.000,10.539,0.508,0.508,0.000,0.000,1.0000,25.000,51.193,10.031,30.09
13256.00,5.000,10.539,0.508,0.508,0.000,0.000,1.0000,25.000,51.193,10.031,30.06
13261.00,5.000,10.538,0.507,0.507,0.000,0.000,1.0000,25.000,51.193,10.031,30.03
13266.00,5.000,10.538,0.507,0.507,0.000,0.000,1.0000,25.000,51.193,10.031,29.99
13271.00,5.000,10.537,0.507,0.507,0.000,0.000,1.0000,25.000,51.193,10.031,29.96
13276.00,5.000,10.537,0.506,0.506,0.000,0.000,1.0000,25.000,51.193,10.031,29.93
13281.00,5.000,10.537,0.506,0.506,0.000,0.000,1.0000,25.000,51.193,10.031,29.90
13286.00,5.000,10.536,0.506,0.506,0.000,0.000,1.0000,25.000,51.193,10.031,29.87
13291.00,5.000,10.536,0.505,0.505,0.000,0.000,1.0000,25.000,51.193,10.031,29.84
13296.00,5.000,10.536,0.505,0.505,0.000,0.000,1.0000,25.000,51.193,10.031,29.81
13301.00,5.000,10.535,0.504,0.504,0.000,0.000,1.0000,25.000,51.193,10.031,29.78
13306.00,5.000,10.535,0.504,0.504,0.000,0.000,1.0000,25.000,51.193,10.031,29.75
13311.00,5.000,10.535,0.504,0.504,0.000,0.000,1.0000,25.000,51.193,10.031,29.71
13316.00,5.000,10.534,0.503,0.503,0.000,0.000,1.0000,25.000,51.193,10.031,29.68
13321.00,5.000,10.534,0.503,0.503,0.000,0.000,1.0000,25.000,51.193,10.031,29.65
13326.00,5.000,10.534,0.503,0.503,0.000,0.000,1.0000,25.000,51.193,10.031,29.62
13331.00,5.000,10.533,0.502,0.502,0.000,0.000,1.0000,25.000,51.193,10.031,29.59
13336.00,5.000,10.533,0.502,0.502,0.000,0.000,1.0000,25.000,51.193,10.031,29.56
13341.00,5.000,10.533,0.502,0.502,0.000,0.000,1.0000,25.000,51.193,10.031,29.53
13346.00,5.000,10.532,0.501,0.501,0.000,0.000,1.0000,25.000,51.193,10.031,29.50
13351.00,5.000,10.532,0.501,0.501,0.000,0.000,1.0000,25.000,51.193,10.031,29.47
13356.00,5.000,10.532,0.501,0.501,0.000,0.000,1.0000,25.000,51.193,10.031,29.44
13361.00,5.000,10.531,0.500,0.500,0.000,0.000,1.0000,25.000,51.193,10.031,29.41
13366.00,5.000,10.531,0.500,0.500,0.000,0.000,1.0000,25.000,51.193,10.031,29.38
13371.00,5.000,10.531,0.500,0.500,0.000,0.000,1.0000,25.000,51.193,10.031,29.35
13376.00,5.000,10.530,0.499,0.499,0.000,0.000,1.0000,25.000,51.193,10.031,29.32
13381.00,5.000,10.530,0.499,0.499,0.000,0.000,1.0000,25.000,51.193,10.031,29.29
13386.00,5.000,10.530,0.499,0.499,0.000,0.000,1.0000,25.000,51.193,10.031,29.26
13391.00,5.000,10.529,0.498,0.498,0.000,0.000,1.0000,25.000,51.193,10.031,29.23
13396.00,5.000,10.529,0.498,0.498,0.000,0.000,1.0000,25.000,51.193,10.031,29.20
13401.00,5.000,10.529,0.498,0.498,0.000,0.000,1.0000,25.000,51.193,10.031,29.17
13406.00,5.000,10.528,0.497,0.497,0.000,0.000,1.0000,25.000,51.193,10.031,29.14
13411.00,5.000,10.528,0.497,0.497,0.000,0.000,1.0000,25.000,51.193,10.031,29.11
13416.00,5.000,10.528,0.497,0.497,0.000,0.000,1.0000,25.000,51.193,10.031,29.08
13421.00,5.000,10.527,0.496,0.496,0.000,0.000,1.0000,25.000,51.193,10.031,29.05
13426.00,5.000,10.527,0.496,0.496,0.000,0.000,1.0000,25.000,51.193,10.031,29.02
13431.00,5.000,10.527,0.496,0.496,0.000,0.000,1.0000,25.000,51.193,10.031,28.99
13436.00,5.000,10.526,0.495,0.495,0.000,0.000,1.0000,25.000,51.193,10.031,28.96
13441.00,5.000,10.526,0.495,0.495,0.000,0.000,1.0000,25.000,51.193,10.031,28.93
13446.00,5.000,10.526,0.495,0.495,0.000,0.000,1.0000,25.000,51.193,10.031,28.90
13451.00,5.000,10.525,0.494,0.494,0.000,0.000,1.0000,25.000,51.193,10.031,28.87
13456.00,5.000,10.525,0.494,0.494,0.000,0.000,1.0000,25.000,51.193,10.031,28.84
13461.00,5.000,10.525,0.494,0.494,0.000,0.000,1.0000,25.000,51.193,10.031,28.81
13466.00,5.000,10.524,0.493,0.493,0.000,0.000,1.0000,25.000,51.193,10.031,28.78
13471.00,5.000,10.524,0.493,0.493,0.000,0.000,1.0000,25.000,51.193,10.031,28.75
13476.00,5.000,10.524,0.493,0.493,0.000,0.000,1.0000,25.000,51.193,10.031,28.72
13481.00,5.000,10.523,0.492,0.492,0.000,0.000,1.0000,25.000,51.193,10.031,28.69
13486.00,5.000,10.523,0.492,0.492,0.000,0.000,1.0000,25.000,51.193,10.031,28.67
13491.00,5.000,10.523,0.492,0.492,0.000,0.000,1.0000,25.000,51.193,10.031,28.64
13496.00,5.000,10.522,0.491,0.491,0.000,0.000,1.0000,25.000,51.193,10.031,28.61
13501.00,5.000,10.522,0.491,0.491,0.000,0.000,1.0000,25.000,51.193,10.031,28.58
13506.00,5.000,10.522,0.491,0.491,0.000,0.000,1.0000,25.000,51.193,10.031,28.55
13511.00,5.000,10.521,0.490,0.490,0.000,0.000,1.0000,25.000,51.193,10.031,28.52
13516.00,5.000,10.521,0.490,0.490,0.000,0.000,1.0000,25.000,51.193,10.031,28.49
13521.00,5.000,10.521,0.490,0.490,0.000,0.000,1.0000,25.000,51.193,10.031,28.46
13526.00,5.000,10.520,0.489,0.489,0.000,0.000,1.0000,25.000,51.193,10.031,28.43
13531.00,5.000,10.520,0.489,0.489,0.000,0.000,1.0000,25.000,51.193,10.031,28.40
13536.00,5.000,10.520,0.489,0.489,0.000,0.000,1.0000,25.000,51.193,10.031,28.38
13541.00,5.000,10.519,0.488,0.488,0.000,0.000,1.0000,25.000,51.193,10.031,28.35
13546.00,5.000,10.519,0.488,0.488,0.000,0.000,1.0000,25.000,51.193,10.031,28.32
13551.00,5.000,10.519,0.488,0.488,0.000,0.000,1.0000,25.000,51.193,10.031,28.29
13556.00,5.000,10.518,0.487,0.487,0.000,0.000,1.0000,25.000,51.193,10.031,28.26
13561.00,5.000,10.518,0.487,0.487,0.000,0.000,1.0000,25.000,51.193,10.031,28.23
13566.00,5.000,10.518,0.487,0.487,0.000,0.000,1.0000,25.000,51.193,10.031,28.20
13571.00,5.000,10.517,0.486,0.486,0.000,0.000,1.0000,25.000,51.193,10.031,28.18
13576.00,5.000,10.517,0.486,0.486,0.000,0.000,1.0000,25.000,51.193,10.031,28.15
13581.00,5.000,10.517,0.486,0.486,0.000,0.000,1.0000,25.000,51.193,10.031,28.12
13586.00,5.000,10.516,0.485,0.485,0.000,0.000,1.0000,25.000,51.193,10.031,28.09
13591.00,5.000,10.516,0.485,0.485,0.000,0.000,1.0000,25.000,51.193,10.031,28.06
13596.00,5.000,10.516,0.485,0.485,0.000,0.000,1.0000,25.000,51.193,10.031,28.03
13601.00,5.000,10.515,0.484,0.484,0.000,0.000,1.0000,25.000,51.193,10.031,28.01
13606.00,5.000,10.515,0.484,0.484,0.000,0.000,1.0000,25.000,51.193,10.031,27.98
13611.00,5.000,10.515,0.484,0.484,0.000,0.000,1.0000,25.000,51.193,10.031,27.95
13616.00,5.000,10.514,0.483,0.483,0.000,0.000,1.0000,25.000,51.193,10.031,27.92
13621.00,5.000,10.514,0.483,0.483,0.000,0.000,1.0000,25.000,51.193,10.031,27.89
13626.00,5.000,10.514,0.483,0.483,0.000,0.000,1.0000,25.000,51.193,10.031,27.87
13631.00,5.000,10.513,0.483,0.483,0.000,0.000,1.0000,25.000,51.193,10.031,27.84
13636.00,5.000,10.513,0.482,0.482,0.000,0.000,1.0000,25.000,51.193,10.031,27.81
13641.00,5.000,10.513,0.482,0.482,0.000,0.000,1.0000,25.000,51.193,10.031,27.78
13646.00,5.000,10.513,0.482,0.482,0.000,0.000,1.0000,25.000,51.193,10.031,27.75
13651.00,5.000,10.512,0.481,0.481,0.000,0.000,1.0000,25.000,51.193,10.031,27.73
13656.00,5.000,10.512,0.481,0.481,0.000,0.000,1.0000,25.000,51.193,10.031,27.70
13661.00,5.000,10.512,0.481,0.481,0.000,0.000,1.0000,25.000,51.193,10.031,27.67
13666.00,5.000,10.511,0.480,0.480,0.000,0.000,1.0000,25.000,51.193,10.031,27.64
13671.00,5.000,10.511,0.480,0.480,0.000,0.000,1.0000,25.000,51.193,10.031,27.62
13676.00,5.000,10.511,0.480,0.480,0.000,0.000,1.0000,25.000,51.193,10.031,27.59
13681.00,5.000,10.510,0.479,0.479,0.000,0.000,1.0000,25.000,51.193,10.031,27.56
13686.00,5.000,10.510,0.479,0.479,0.000,0.000,1.0000,25.000,51.193,10.031,27.53
13691.00,5.000,10.510,0.479,0.479,0.000,0.000,1.0000,25.000,51.193,10.031,27.51
13696.00,5.000,10.509,0.478,0.478,0.000,0.000,1.0000,25.000,51.193,10.031,27.48
13701.00,5.000,10.509,0.478,0.478,0.000,0.000,1.0000,25.000,51.193,10.031,27.45
13706.00,5.000,10.509,0.478,0.478,0.000,0.000,1.0000,25.000,51.193,10.031,27.42
13711.00,5.000,10.508,0.477,0.477,0.000,0.000,1.0000,25.000,51.193,10.031,27.40
13716.00,5.000,10.508,0.477,0.477,0.000,0.000,1.0000,25.000,51.193,10.031,27.37
13721.00,5.000,10.508,0.477,0.477,0.000,0.000,1.0000,25.000,51.193,10.031,27.34
13726.00,5.000,10.507,0.477,0.477,0.000,0.000,1.0000,25.000,51.193,10.031,27.32
13731.00,5.000,10.507,0.476,0.476,0.000,0.000,1.0000,25.000,51.193,10.031,27.29
13736.00,5.000,10.507,0.476,0.476,0.000,0.000,1.0000,25.000,51.193,10.031,27.26
13741.00,5.000,10.507,0.476,0.476,0.000,0.000,1.0000,25.000,51.193,10.031,27.23
13746.00,5.000,10.506,0.475,0.475,0.000,0.000,1.0000,25.000,51.193,10.031,27.21
13751.00,5.000,10.506,0.475,0.475,0.000,0.000,1.0000,25.000,51.193,10.031,27.18
13756.00,5.000,10.506,0.475,0.475,0.000,0.000,1.0000,25.000,51.193,10.031,27.15
13761.00,5.000,10.505,0.474,0.474,0.000,0.000,1.0000,25.000,51.193,10.031,27.13
13766.00,5.000,10.505,0.474,0.474,0.000,0.000,1.0000,25.000,51.193,10.031,27.10
13771.00,5.000,10.505,0.474,0.474,0.000,0.000,1.0000,25.000,51.193,10.031,27.07
13776.00,5.000,10.504,0.473,0.473,0.000,0.000,1.0000,25.000,51.193,10.031,27.05
13781.00,5.000,10.504,0.473,0.473,0.000,0.000,1.0000,25.000,51.193,10.031,27.02
13786.00,5.000,10.504,0.473,0.473,0.000,0.000,1.0000,25.000,51.193,10.031,26.99
13791.00,5.000,10.503,0.472,0.472,0.000,0.000,1.0000,25.000,51.193,10.031,26.97
13796.00,5.000,10.503,0.472,0.472,0.000,0.000,1.0000,25.000,51.193,10.031,26.94
13801.00,5.000,10.503,0.472,0.472,0.000,0.000,1.0000,25.000,51.193,10.031,26.91
13806.00,5.000,10.503,0.472,0.472,0.000,0.000,1.0000,25.000,51.193,10.031,26.89
13811.00,5.000,10.502,0.471,0.471,0.000,0.000,1.0000,25.000,51.193,10.031,26.86
13816.00,5.000,10.502,0.471,0.471,0.000,0.000,1.0000,25.000,51.193,10.031,26.83
13821.00,5.000,10.502,0.471,0.471,0.000,0.000,1.0000,25.000,51.193,10.031,26.81
13826.00,5.000,10.501,0.470,0.470,0.000,0.000,1.0000,25.000,51.193,10.031,26.78
13831.00,5.000,10.501,0.470,0.470,0.000,0.000,1.0000,25.000,51.193,10.031,26.76
13836.00,5.000,10.501,0.470,0.470,0.000,0.000,1.0000,25.000,51.193,10.031,26.73
13841.00,5.000,10.500,0.469,0.469,0.000,0.000,1.0000,25.000,51.193,10.031,26.70
13846.00,5.000,10.500,0.469,0.469,0.000,0.000,1.0000,25.000,51.193,10.031,26.68
13851.00,5.000,10.500,0.469,0.469,0.000,0.000,1.0000,25.000,51.193,10.031,26.65
13856.00,5.000,10.499,0.469,0.469,0.000,0.000,1.0000,25.000,51.193,10.031,26.62
13861.00,5.000,10.499,0.468,0.468,0.000,0.000,1.0000,25.000,51.193,10.031,26.60
13866.00,5.000,10.499,0.468,0.468,0.000,0.000,1.0000,25.000,51.193,10.031,26.57
13871.00,5.000,10.499,0.468,0.468,0.000,0.000,1.0000,25.000,51.193,10.031,26.55
13876.00,5.000,10.498,0.467,0.467,0.000,0.000,1.0000,25.000,51.193,10.031,26.52
13881.00,5.000,10.498,0.467,0.467,0.000,0.000,1.0000,25.000,51.193,10.031,26.50
13886.00,5.000,10.498,0.467,0.467,0.000,0.000,1.0000,25.000,51.193,10.031,26.47
13891.00,5.000,10.497,0.466,0.466,0.000,0.000,1.0000,25.000,51.193,10.031,26.44
13896.00,5.000,10.497,0.466,0.466,0.000,0.000,1.0000,25.000,51.193,10.031,26.42
13901.00,5.000,10.497,0.466,0.466,0.000,0.000,1.0000,25.000,51.193,10.031,26.39
13906.00,5.000,10.496,0.466,0.466,0.000,0.000,1.0000,25.000,51.193,10.031,26.37
13911.00,5.000,10.496,0.465,0.465,0.000,0.000,1.0000,25.000,51.193,10.031,26.34
13916.00,5.000,10.496,0.465,0.465,0.000,0.000,1.0000,25.000,51.193,10.031,26.32
13921.00,5.000,10.496,0.465,0.465,0.000,0.000,1.0000,25.000,51.193,10.031,26.29
13926.00,5.000,10.495,0.464,0.464,0.000,0.000,1.0000,25.000,51.193,10.031,26.26
13931.00,5.000,10.495,0.464,0.464,0.000,0.000,1.0000,25.000,51.193,10.031,26.24
13936.00,5.000,10.495,0.464,0.464,0.000,0.000,1.0000,25.000,51.193,10.031,26.21
13941.00,5.000,10.494,0.463,0.463,0.000,0.000,1.0000,25.000,51.193,10.031,26.19
13946.00,5.000,10.494,0.463,0.463,0.000,0.000,1.0000,25.000,51.193,10.031,26.16
13951.00,5.000,10.494,0.463,0.463,0.000,0.000,1.0000,25.000,51.193,10.031,26.14
13956.00,5.000,10.493,0.463,0.463,0.000,0.000,1.0000,25.000,51.193,10.031,26.11
13961.00,5.000,10.493,0.462,0.462,0.000,0.000,1.0000,25.000,51.193,10.031,26.09
13966.00,5.000,10.493,0.462,0.462,0.000,0.000,1.0000,25.000,51.193,10.031,26.06
13971.00,5.000,10.493,0.462,0.462,0.000,0.000,1.0000,25.000,51.193,10.031,26.04
13976.00,5.000,10.492,0.461,0.461,0.000,0.000,1.0000,25.000,51.193,10.031,26.01
13981.00,5.000,10.492,0.461,0.461,0.000,0.000,1.0000,25.000,51.193,10.031,25.99
13986.00,5.000,10.492,0.461,0.461,0.000,0.000,1.0000,25.000,51.193,10.031,25.96
13991.00,5.000,10.491,0.460,0.460,0.000,0.000,1.0000,25.000,51.193,10.031,25.94
13996.00,5.000,10.491,0.460,0.460,0.000,0.000,1.0000,25.000,51.193,10.031,25.91
14001.00,5.000,10.491,0.460,0.460,0.000,0.000,1.0000,25.000,51.193,10.031,25.89
14006.00,5.000,10.491,0.460,0.460,0.000,0.000,1.0000,25.000,51.193,10.031,25.86
14011.00,5.000,10.490,0.459,0.459,0.000,0.000,1.0000,25.000,51.193,10.031,25.84
14016.00,5.000,10.490,0.459,0.459,0.000,0.000,1.0000,25.000,51.193,10.031,25.81
14021.00,5.000,10.490,0.459,0.459,0.000,0.000,1.0000,25.000,51.193,10.031,25.79
14026.00,5.000,10.489,0.458,0.458,0.000,0.000,1.0000,25.000,51.193,10.031,25.76
14031.00,5.000,10.489,0.458,0.458,0.000,0.000,1.0000,25.000,51.193,10.031,25.74
14036.00,5.000,10.489,0.458,0.458,0.000,0.000,1.0000,25.000,51.193,10.031,25.71
14041.00,5.000,10.489,0.458,0.458,0.000,0.000,1.0000,25.000,51.193,10.031,25.69
14046.00,5.000,10.488,0.457,0.457,0.000,0.000,1.0000,25.000,51.193,10.031,25.66
14051.00,5.000,10.488,0.457,0.457,0.000,0.000,1.0000,25.000,51.193,10.031,25.64
14056.00,5.000,10.488,0.457,0.457,0.000,0.000,1.0000,25.000,51.193,10.031,25.61
14061.00,5.000,10.487,0.456,0.456,0.000,0.000,1.0000,25.000,51.193,10.031,25.59
14066.00,5.000,10.487,0.456,0.456,0.000,0.000,1.0000,25.000,51.193,10.031,25.57
14071.00,5.000,10.487,0.456,0.456,0.000,0.000,1.0000,25.000,51.193,10.031,25.54
14076.00,5.000,10.486,0.456,0.456,0.000,0.000,1.0000,25.000,51.193,10.031,25.52
14081.00,5.000,10.486,0.455,0.455,0.000,0.000,1.0000,25.000,51.193,10.031,25.49
14086.00,5.000,10.486,0.455,0.455,0.000,0.000,1.0000,25.000,51.193,10.031,25.47
14091.00,5.000,10.486,0.455,0.455,0.000,0.000,1.0000,25.000,51.193,10.031,25.44
14096.00,5.000,10.485,0.454,0.454,0.000,0.000,1.0000,25.000,51.193,10.031,25.42
14101.00,5.000,10.485,0.454,0.454,0.000,0.000,1.0000,25.000,51.193,10.031,25.39
14106.00,5.000,10.485,0.454,0.454,0.000,0.000,1.0000,25.000,51.193,10.031,25.37
14111.00,5.000,10.484,0.454,0.454,0.000,0.000,1.0000,25.000,51.193,10.031,25.35
14116.00,5.000,10.484,0.453,0.453,0.000,0.000,1.0000,25.000,51.193,10.031,25.32
14121.00,5.000,10.484,0.453,0.453,0.000,0.000,1.0000,25.000,51.193,10.031,25.30
14126.00,5.000,10.484,0.453,0.453,0.000,0.000,1.0000,25.000,51.193,10.031,25.27
14131.00,5.000,10.483,0.452,0.452,0.000,0.000,1.0000,25.000,51.193,10.031,25.25
14136.00,5.000,10.483,0.452,0.452,0.000,0.000,1.0000,25.000,51.193,10.031,25.23
14141.00,5.000,10.483,0.452,0.452,0.000,0.000,1.0000,25.000,51.193,10.031,25.20
14146.00,5.000,10.482,0.452,0.452,0.000,0.000,1.0000,25.000,51.193,10.031,25.18
14151.00,5.000,10.482,0.451,0.451,0.000,0.000,1.0000,25.000,51.193,10.031,25.15
14156.00,5.000,10.482,0.451,0.451,0.000,0.000,1.0000,25.000,51.193,10.031,25.13
14161.00,5.000,10.482,0.451,0.451,0.000,0.000,1.0000,25.000,51.193,10.031,25.11
14166.00,5.000,10.481,0.450,0.450,0.000,0.000,1.0000,25.000,51.193,10.031,25.08
14171.00,5.000,10.481,0.450,0.450,0.000,0.000,1.0000,25.000,51.193,10.031,25.06
14176.00,5.000,10.481,0.450,0.450,0.000,0.000,1.0000,25.000,51.193,10.031,25.04
14181.00,5.000,10.481,0.450,0.450,0.000,0.000,1.0000,25.000,51.193,10.031,25.01
14186.00,5.000,10.480,0.449,0.449,0.000,0.000,1.0000,25.000,51.193,10.031,24.99
14191.00,5.000,10.480,0.449,0.449,0.000,0.000,1.0000,25.000,51.193,10.031,24.97
14196.00,5.000,10.480,0.449,0.449,0.000,0.000,1.0000,25.000,51.193,10.031,24.94
14201.00,5.000,10.479,0.448,0.448,0.000,0.000,1.0000,25.000,51.193,10.031,24.92
14206.00,5.000,10.479,0.448,0.448,0.000,0.000,1.0000,25.000,51.193,10.031,24.89
14211.00,5.000,10.479,0.448,0.448,0.000,0.000,1.0000,25.000,51.193,10.031,24.87
14216.00,5.000,10.479,0.448,0.448,0.000,0.000,1.0000,25.000,51.193,10.031,24.85
14221.00,5.000,10.478,0.447,0.447,0.000,0.000,1.0000,25.000,51.193,10.031,24.82
14226.00,5.000,10.478,0.447,0.447,0.000,0.000,1.0000,25.000,51.193,10.031,24.80
14231.00,5.000,10.478,0.447,0.447,0.000,0.000,1.0000,25.000,51.193,10.031,24.78
14236.00,5.000,10.477,0.447,0.447,0.000,0.000,1.0000,25.000,51.193,10.031,24.75
14241.00,5.000,10.477,0.446,0.446,0.000,0.000,1.0000,25.000,51.193,10.031,24.73
14246.00,5.000,10.477,0.446,0.446,0.000,0.000,1.0000,25.000,51.193,10.031,24.71
14251.00,5.000,10.477,0.446,0.446,0.000,0.000,1.0000,25.000,51.193,10.031,24.69
14256.00,5.000,10.476,0.445,0.445,0.000,0.000,1.0000,25.000,51.193,10.031,24.66
14261.00,5.000,10.476,0.445,0.445,0.000,0.000,1.0000,25.000,51.193,10.031,24.64
14266.00,5.000,10.476,0.445,0.445,0.000,0.000,1.0000,25.000,51.193,10.031,24.62
14271.00,5.000,10.476,0.445,0.445,0.000,0.000,1.0000,25.000,51.193,10.031,24.59
14276.00,5.000,10.475,0.444,0.444,0.000,0.000,1.0000,25.000,51.193,10.031,24.57
14281.00,5.000,10.475,0.444,0.444,0.000,0.000,1.0000,25.000,51.193,10.031,24.55
14286.00,5.000,10.475,0.444,0.444,0.000,0.000,1.0000,25.000,51.193,10.031,24.52
14291.00,5.000,10.474,0.443,0.443,0.000,0.000,1.0000,25.000,51.193,10.031,24.50
14296.00,5.000,10.474,0.443,0.443,0.000,0.000,1.0000,25.000,51.193,10.031,24.48
14301.00,5.000,10.474,0.443,0.443,0.000,0.000,1.0000,25.000,51.193,10.031,24.46
14306.00,5.000,10.474,0.443,0.443,0.000,0.000,1.0000,25.000,51.193,10.031,24.43
14311.00,5.000,10.473,0.442,0.442,0.000,0.000,1.0000,25.000,51.193,10.031,24.41
14316.00,5.000,10.473,0.442,0.442,0.000,0.000,1.0000,25.000,51.193,10.031,24.39
14321.00,5.000,10.473,0.442,0.442,0.000,0.000,1.0000,25.000,51.193,10.031,24.36
14326.00,5.000,10.473,0.442,0.442,0.000,0.000,1.0000,25.000,51.193,10.031,24.34
14331.00,5.000,10.472,0.441,0.441,0.000,0.000,1.0000,25.000,51.193,10.031,24.32
14336.00,5.000,10.472,0.441,0.441,0.000,0.000,1.0000,25.000,51.193,10.031,24.30
14341.00,5.000,10.472,0.441,0.441,0.000,0.000,1.0000,25.000,51.193,10.031,24.27
14346.00,5.000,10.471,0.440,0.440,0.000,0.000,1.0000,25.000,51.193,10.031,24.25
14351.00,5.000,10.471,0.440,0.440,0.000,0.000,1.0000,25.000,51.193,10.031,24.23
14356.00,5.000,10.471,0.440,0.440,0.000,0.000,1.0000,25.000,51.193,10.031,24.21
14361.00,5.000,10.471,0.440,0.440,0.000,0.000,1.0000,25.000,51.193,10.031,24.18
14366.00,5.000,10.470,0.439,0.439,0.000,0.000,1.0000,25.000,51.193,10.031,24.16
14371.00,5.000,10.470,0.439,0.439,0.000,0.000,1.0000,25.000,51.193,10.031,24.14
14376.00,5.000,10.470,0.439,0.439,0.000,0.000,1.0000,25.000,51.193,10.031,24.12
14381.00,5.000,10.470,0.439,0.439,0.000,0.000,1.0000,25.000,51.193,10.031,24.10
14386.00,5.000,10.469,0.438,0.438,0.000,0.000,1.0000,25.000,51.193,10.031,24.07
14391.00,5.000,10.469,0.438,0.438,0.000,0.000,1.0000,25.000,51.193,10.031,24.05
14396.00,5.000,10.469,0.438,0.438,0.000,0.000,1.0000,25.000,51.193,10.031,24.03
14401.00,5.000,10.468,0.438,0.438,0.000,0.000,1.0000,25.000,51.193,10.031,24.01
14406.00,5.000,10.468,0.437,0.437,0.000,0.000,1.0000,25.000,51.193,10.031,23.98
14411.00,5.000,10.468,0.437,0.437,0.000,0.000,1.0000,25.000,51.193,10.031,23.96
14416.00,5.000,10.468,0.437,0.437,0.000,0.000,1.0000,25.000,51.193,10.031,23.94
14421.00,5.000,10.467,0.436,0.436,0.000,0.000,1.0000,25.000,51.193,10.031,23.92
14426.00,5.000,10.467,0.436,0.436,0.000,0.000,1.0000,25.000,51.193,10.031,23.90
14431.00,5.000,10.467,0.436,0.436,0.000,0.000,1.0000,25.000,51.193,10.031,23.87
14436.00,5.000,10.467,0.436,0.436,0.000,0.000,1.0000,25.000,51.193,10.031,23.85
14441.00,5.000,10.466,0.435,0.435,0.000,0.000,1.0000,25.000,51.193,10.031,23.83
14446.00,5.000,10.466,0.435,0.435,0.000,0.000,1.0000,25.000,51.193,10.031,23.81
14451.00,5.000,10.466,0.435,0.435,0.000,0.000,1.0000,25.000,51.193,10.031,23.79
14456.00,5.000,10.466,0.435,0.435,0.000,0.000,1.0000,25.000,51.193,10.031,23.76
14461.00,5.000,10.465,0.434,0.434,0.000,0.000,1.0000,25.000,51.193,10.031,23.74
14466.00,5.000,10.465,0.434,0.434,0.000,0.000,1.0000,25.000,51.193,10.031,23.72
14471.00,5.000,10.465,0.434,0.434,0.000,0.000,1.0000,25.000,51.193,10.031,23.70
14476.00,5.000,10.465,0.434,0.434,0.000,0.000,1.0000,25.000,51.193,10.031,23.68
14481.00,5.000,10.464,0.433,0.433,0.000,0.000,1.0000,25.000,51.193,10.031,23.66
14486.00,5.000,10.464,0.433,0.433,0.000,0.000,1.0000,25.000,51.193,10.031,23.63
14491.00,5.000,10.464,0.433,0.433,0.000,0.000,1.0000,25.000,51.193,10.031,23.61
14496.00,5.000,10.463,0.433,0.433,0.000,0.000,1.0000,25.000,51.193,10.031,23.59
14501.00,5.000,10.463,0.432,0.432,0.000,0.000,1.0000,25.000,51.193,10.031,23.57
14506.00,5.000,10.463,0.432,0.432,0.000,0.000,1.0000,25.000,51.193,10.031,23.55
14511.00,5.000,10.463,0.432,0.432,0.000,0.000,1.0000,25.000,51.193,10.031,23.53
14516.00,5.000,10.462,0.431,0.431,0.000,0.000,1.0000,25.000,51.193,10.031,23.51
14521.00,5.000,10.462,0.431,0.431,0.000,0.000,1.0000,25.000,51.193,10.031,23.48
14526.00,5.000,10.462,0.431,0.431,0.000,0.000,1.0000,25.000,51.193,10.031,23.46
14531.00,5.000,10.462,0.431,0.431,0.000,0.000,1.0000,25.000,51.193,10.031,23.44
14536.00,5.000,10.461,0.430,0.430,0.000,0.000,1.0000,25.000,51.193,10.031,23.42
14541.00,5.000,10.461,0.430,0.430,0.000,0.000,1.0000,25.000,51.193,10.031,23.40
14546.00,5.000,10.461,0.430,0.430,0.000,0.000,1.0000,25.000,51.193,10.031,23.38
14551.00,5.000,10.461,0.430,0.430,0.000,0.000,1.0000,25.000,51.193,10.031,23.36
14556.00,5.000,10.460,0.429,0.429,0.000,0.000,1.0000,25.000,51.193,10.031,23.34
14561.00,5.000,10.460,0.429,0.429,0.000,0.000,1.0000,25.000,51.193,10.031,23.31
14566.00,5.000,10.460,0.429,0.429,0.000,0.000,1.0000,25.000,51.193,10.031,23.29
14571.00,5.000,10.460,0.429,0.429,0.000,0.000,1.0000,25.000,51.193,10.031,23.27
14576.00,5.000,10.459,0.428,0.428,0.000,0.000,1.0000,25.000,51.193,10.031,23.25
14581.00,5.000,10.459,0.428,0.428,0.000,0.000,1.0000,25.000,51.193,10.031,23.23
14586.00,5.000,10.459,0.428,0.428,0.000,0.000,1.0000,25.000,51.193,10.031,23.21
14591.00,5.000,10.459,0.428,0.428,0.000,0.000,1.0000,25.000,51.193,10.031,23.19
14596.00,5.000,10.458,0.427,0.427,0.000,0.000,1.0000,25.000,51.193,10.031,23.17
14601.00,5.000,10.458,0.427,0.427,0.000,0.000,1.0000,25.000,51.193,10.031,23.15
14606.00,5.000,10.458,0.427,0.427,0.000,0.000,1.0000,25.000,51.193,10.031,23.13
14611.00,5.000,10.458,0.427,0.427,0.000,0.000,1.0000,25.000,51.193,10.031,23.10
14616.00,5.000,10.457,0.426,0.426,0.000,0.000,1.0000,25.000,51.193,10.031,23.08
14621.00,5.000,10.457,0.426,0.426,0.000,0.000,1.0000,25.000,51.193,10.031,23.06
14626.00,5.000,10.457,0.426,0.426,0.000,0.000,1.0000,25.000,51.193,10.031,23.04
14631.00,5.000,10.457,0.426,0.426,0.000,0.000,1.0000,25.000,51.193,10.031,23.02
14636.00,5.000,10.456,0.425,0.425,0.000,0.000,1.0000,25.000,51.193,10.031,23.00
14641.00,5.000,10.456,0.425,0.425,0.000,0.000,1.0000,25.000,51.193,10.031,22.98
14646.00,5.000,10.456,0.425,0.425,0.000,0.000,1.0000,25.000,51.193,10.031,22.96
14651.00,5.000,10.456,0.425,0.425,0.000,0.000,1.0000,25.000,51.193,10.031,22.94
14656.00,5.000,10.455,0.424,0.424,0.000,0.000,1.0000,25.000,51.193,10.031,22.92
14661.00,5.000,10.455,0.424,0.424,0.000,0.000,1.0000,25.000,51.193,10.031,22.90
14666.00,5.000,10.455,0.424,0.424,0.000,0.000,1.0000,25.000,51.193,10.031,22.88
14671.00,5.000,10.455,0.424,0.424,0.000,0.000,1.0000,25.000,51.193,10.031,22.86
14676.00,5.000,10.454,0.423,0.423,0.000,0.000,1.0000,25.000,51.193,10.031,22.84
14681.00,5.000,10.454,0.423,0.423,0.000,0.000,1.0000,25.000,51.193,10.031,22.82
14686.00,5.000,10.454,0.423,0.423,0.000,0.000,1.0000,25.000,51.193,10.031,22.80
14691.00,5.000,10.454,0.423,0.423,0.000,0.000,1.0000,25.000,51.193,10.031,22.78
14696.00,5.000,10.453,0.422,0.422,0.000,0.000,1.0000,25.000,51.193,10.031,22.75
14701.00,5.000,10.453,0.422,0.422,0.000,0.000,1.0000,25.000,51.193,10.031,22.73
14706.00,5.000,10.453,0.422,0.422,0.000,0.000,1.0000,25.000,51.193,10.031,22.71
14711.00,5.000,10.453,0.422,0.422,0.000,0.000,1.0000,25.000,51.193,10.031,22.69
14716.00,5.000,10.452,0.421,0.421,0.000,0.000,1.0000,25.000,51.193,10.031,22.67
14721.00,5.000,10.452,0.421,0.421,0.000,0.000,1.0000,25.000,51.193,10.031,22.65
14726.00,5.000,10.452,0.421,0.421,0.000,0.000,1.0000,25.000,51.193,10.031,22.63
14731.00,5.000,10.452,0.421,0.421,0.000,0.000,1.0000,25.000,51.193,10.031,22.61
14736.00,5.000,10.451,0.420,0.420,0.000,0.000,1.0000,25.000,51.193,10.031,22.59
14741.00,5.000,10.451,0.420,0.420,0.000,0.000,1.0000,25.000,51.193,10.031,22.57
14746.00,5.000,10.451,0.420,0.420,0.000,0.000,1.0000,25.000,51.193,10.031,22.55
14751.00,5.000,10.451,0.420,0.420,0.000,0.000,1.0000,25.000,51.193,10.031,22.53
14756.00,5.000,10.450,0.419,0.419,0.000,0.000,1.0000,25.000,51.193,10.031,22.51
14761.00,5.000,10.450,0.419,0.419,0.000,0.000,1.0000,25.000,51.193,10.031,22.49
14766.00,5.000,10.450,0.419,0.419,0.000,0.000,1.0000,25.000,51.193,10.031,22.47
14771.00,5.000,10.450,0.419,0.419,0.000,0.000,1.0000,25.000,51.193,10.031,22.45
14776.00,5.000,10.449,0.418,0.418,0.000,0.000,1.0000,25.000,51.193,10.031,22.43
14781.00,5.000,10.449,0.418,0.418,0.000,0.000,1.0000,25.000,51.193,10.031,22.41
14786.00,5.000,10.449,0.418,0.418,0.000,0.000,1.0000,25.000,51.193,10.031,22.39
14791.00,5.000,10.449,0.418,0.418,0.000,0.000,1.0000,25.000,51.193,10.031,22.37
14796.00,5.000,10.448,0.417,0.417,0.000,0.000,1.0000,25.000,51.193,10.031,22.35
14801.00,5.000,10.448,0.417,0.417,0.000,0.000,1.0000,25.000,51.193,10.031,22.33
14806.00,5.000,10.448,0.417,0.417,0.000,0.000,1.0000,25.000,51.193,10.031,22.31
14811.00,5.000,10.448,0.417,0.417,0.000,0.000,1.0000,25.000,51.193,10.031,22.29
14816.00,5.000,10.447,0.416,0.416,0.000,0.000,1.0000,25.000,51.193,10.031,22.28
14821.00,5.000,10.447,0.416,0.416,0.000,0.000,1.0000,25.000,51.193,10.031,22.26
14826.00,5.000,10.447,0.416,0.416,0.000,0.000,1.0000,25.000,51.193,10.031,22.24
14831.00,5.000,10.447,0.416,0.416,0.000,0.000,1.0000,25.000,51.193,10.031,22.22
14836.00,5.000,10.446,0.415,0.415,0.000,0.000,1.0000,25.000,51.193,10.031,22.20
14841.00,5.000,10.446,0.415,0.415,0.000,0.000,1.0000,25.000,51.193,10.031,22.18
14846.00,5.000,10.446,0.415,0.415,0.000,0.000,1.0000,25.000,51.193,10.031,22.16
14851.00,5.000,10.446,0.415,0.415,0.000,0.000,1.0000,25.000,51.193,10.031,22.14
14856.00,5.000,10.445,0.414,0.414,0.000,0.000,1.0000,25.000,51.193,10.031,22.12
14861.00,5.000,10.445,0.414,0.414,0.000,0.000,1.0000,25.000,51.193,10.031,22.10
14866.00,5.000,10.445,0.414,0.414,0.000,0.000,1.0000,25.000,51.193,10.031,22.08
14871.00,5.000,10.445,0.414,0.414,0.000,0.000,1.0000,25.000,51.193,10.031,22.06
14876.00,5.000,10.444,0.414,0.414,0.000,0.000,1.0000,25.000,51.193,10.031,22.04
14881.00,5.000,10.444,0.413,0.413,0.000,0.000,1.0000,25.000,51.193,10.031,22.02
14886.00,5.000,10.444,0.413,0.413,0.000,0.000,1.0000,25.000,51.193,10.031,22.00
14891.00,5.000,10.444,0.413,0.413,0.000,0.000,1.0000,25.000,51.193,10.031,21.98
14896.00,5.000,10.443,0.413,0.413,0.000,0.000,1.0000,25.000,51.193,10.031,21.96
14901.00,5.000,10.443,0.412,0.412,0.000,0.000,1.0000,25.000,51.193,10.031,21.95
14906.00,5.000,10.443,0.412,0.412,0.000,0.000,1.0000,25.000,51.193,10.031,21.93
14911.00,5.000,10.443,0.412,0.412,0.000,0.000,1.0000,25.000,51.193,10.031,21.91
14916.00,5.000,10.443,0.412,0.412,0.000,0.000,1.0000,25.000,51.193,10.031,21.89
14921.00,5.000,10.442,0.411,0.411,0.000,0.000,1.0000,25.000,51.193,10.031,21.87
14926.00,5.000,10.442,0.411,0.411,0.000,0.000,1.0000,25.000,51.193,10.031,21.85
14931.00,5.000,10.442,0.411,0.411,0.000,0.000,1.0000,25.000,51.193,10.031,21.83
14936.00,5.000,10.442,0.411,0.411,0.000,0.000,1.0000,25.000,51.193,10.031,21.81
14941.00,5.000,10.441,0.410,0.410,0.000,0.000,1.0000,25.000,51.193,10.031,21.79
14946.00,5.000,10.441,0.410,0.410,0.000,0.000,1.0000,25.000,51.193,10.031,21.77
14951.00,5.000,10.441,0.410,0.410,0.000,0.000,1.0000,25.000,51.193,10.031,21.76
14956.00,5.000,10.441,0.410,0.410,0.000,0.000,1.0000,25.000,51.193,10.031,21.74
14961.00,5.000,10.440,0.409,0.409,0.000,0.000,1.0000,25.000,51.193,10.031,21.72
14966.00,5.000,10.440,0.409,0.409,0.000,0.000,1.0000,25.000,51.193,10.031,21.70
14971.00,5.000,10.440,0.409,0.409,0.000,0.000,1.0000,25.000,51.193,10.031,21.68
14976.00,5.000,10.440,0.409,0.409,0.000,0.000,1.0000,25.000,51.193,10.031,21.66
14981.00,5.000,10.439,0.409,0.409,0.000,0.000,1.0000,25.000,51.193,10.031,21.64
14986.00,5.000,10.439,0.408,0.408,0.000,0.000,1.0000,25.000,51.193,10.031,21.62
14991.00,5.000,10.439,0.408,0.408,0.000,0.000,1.0000,25.000,51.193,10.031,21.60
14996.00,5.000,10.439,0.408,0.408,0.000,0.000,1.0000,25.000,51.193,10.031,21.59
15001.00,5.000,10.439,0.408,0.408,0.000,0.000,1.0000,25.000,51.193,10.031,21.57
15006.00,5.000,10.438,0.407,0.407,0.000,0.000,1.0000,25.000,51.193,10.031,21.55
15011.00,5.000,10.438,0.407,0.407,0.000,0.000,1.0000,25.000,51.193,10.031,21.53
15016.00,5.000,10.438,0.407,0.407,0.000,0.000,1.0000,25.000,51.193,10.031,21.51
15021.00,5.000,10.438,0.407,0.407,0.000,0.000,1.0000,25.000,51.193,10.031,21.49
15026.00,5.000,10.437,0.406,0.406,0.000,0.000,1.0000,25.000,51.193,10.031,21.47
15031.00,5.000,10.437,0.406,0.406,0.000,0.000,1.0000,25.000,51.193,10.031,21.46
15036.00,5.000,10.437,0.406,0.406,0.000,0.000,1.0000,25.000,51.193,10.031,21.44
15041.00,5.000,10.437,0.406,0.406,0.000,0.000,1.0000,25.000,51.193,10.031,21.42
15046.00,5.000,10.436,0.406,0.406,0.000,0.000,1.0000,25.000,51.193,10.031,21.40
15051.00,5.000,10.436,0.405,0.405,0.000,0.000,1.0000,25.000,51.193,10.031,21.38
15056.00,5.000,10.436,0.405,0.405,0.000,0.000,1.0000,25.000,51.193,10.031,21.36
15061.00,5.000,10.436,0.405,0.405,0.000,0.000,1.0000,25.000,51.193,10.031,21.35
15066.00,5.000,10.436,0.405,0.405,0.000,0.000,1.0000,25.000,51.193,10.031,21.33
15071.00,5.000,10.435,0.404,0.404,0.000,0.000,1.0000,25.000,51.193,10.031,21.31
15076.00,5.000,10.435,0.404,0.404,0.000,0.000,1.0000,25.000,51.193,10.031,21.29
15081.00,5.000,10.435,0.404,0.404,0.000,0.000,1.0000,25.000,51.193,10.031,21.27
15086.00,5.000,10.435,0.404,0.404,0.000,0.000,1.0000,25.000,51.193,10.031,21.25
15091.00,5.000,10.434,0.403,0.403,0.000,0.000,1.0000,25.000,51.193,10.031,21.24
15096.00,5.000,10.434,0.403,0.403,0.000,0.000,1.0000,25.000,51.193,10.031,21.22
15101.00,5.000,10.434,0.403,0.403,0.000,0.000,1.0000,25.000,51.193,10.031,21.20
15106.00,5.000,10.434,0.403,0.403,0.000,0.000,1.0000,25.000,51.193,10.031,21.18
15111.00,5.000,10.433,0.403,0.403,0.000,0.000,1.0000,25.000,51.193,10.031,21.16
15116.00,5.000,10.433,0.402,0.402,0.000,0.000,1.0000,25.000,51.193,10.031,21.15
15121.00,5.000,10.433,0.402,0.402,0.000,0.000,1.0000,25.000,51.193,10.031,21.13
15126.00,5.000,10.433,0.402,0.402,0.000,0.000,1.0000,25.000,51.193,10.031,21.11
15131.00,5.000,10.433,0.402,0.402,0.000,0.000,1.0000,25.000,51.193,10.031,21.09
15136.00,5.000,10.432,0.401,0.401,0.000,0.000,1.0000,25.000,51.193,10.031,21.07
15141.00,5.000,10.432,0.401,0.401,0.000,0.000,1.0000,25.000,51.193,10.031,21.06
15146.00,5.000,10.432,0.401,0.401,0.000,0.000,1.0000,25.000,51.193,10.031,21.04
15151.00,5.000,10.432,0.401,0.401,0.000,0.000,1.0000,25.000,51.193,10.031,21.02
15156.00,5.000,10.431,0.401,0.401,0.000,0.000,1.0000,25.000,51.193,10.031,21.00
15161.00,5.000,10.431,0.400,0.400,0.000,0.000,1.0000,25.000,51.193,10.031,20.98
15166.00,5.000,10.431,0.400,0.400,0.000,0.000,1.0000,25.000,51.193,10.031,20.97
15171.00,5.000,10.431,0.400,0.400,0.000,0.000,1.0000,25.000,51.193,10.031,20.95
15176.00,5.000,10.431,0.400,0.400,0.000,0.000,1.0000,25.000,51.193,10.031,20.93
15181.00,5.000,10.430,0.399,0.399,0.000,0.000,1.0000,25.000,51.193,10.031,20.91
15186.00,5.000,10.430,0.399,0.399,0.000,0.000,1.0000,25.000,51.193,10.031,20.90
15191.00,5.000,10.430,0.399,0.399,0.000,0.000,1.0000,25.000,51.193,10.031,20.88
15196.00,5.000,10.430,0.399,0.399,0.000,0.000,1.0000,25.000,51.193,10.031,20.86
15201.00,5.000,10.429,0.398,0.398,0.000,0.000,1.0000,25.000,51.193,10.031,20.84
15206.00,5.000,10.429,0.398,0.398,0.000,0.000,1.0000,25.000,51.193,10.031,20.82
15211.00,5.000,10.429,0.398,0.398,0.000,0.000,1.0000,25.000,51.193,10.031,20.81
15216.00,5.000,10.429,0.398,0.398,0.000,0.000,1.0000,25.000,51.193,10.031,20.79
15221.00,5.000,10.429,0.398,0.398,0.000,0.000,1.0000,25.000,51.193,10.031,20.77
15226.00,5.000,10.428,0.397,0.397,0.000,0.000,1.0000,25.000,51.193,10.031,20.75
15231.00,5.000,10.428,0.397,0.397,0.000,0.000,1.0000,25.000,51.193,10.031,20.74
15236.00,5.000,10.428,0.397,0.397,0.000,0.000,1.0000,25.000,51.193,10.031,20.72
15241.00,5.000,10.428,0.397,0.397,0.000,0.000,1.0000,25.000,51.193,10.031,20.70
15246.00,5.000,10.427,0.396,0.396,0.000,0.000,1.0000,25.000,51.193,10.031,20.68
15251.00,5.000,10.427,0.396,0.396,0.000,0.000,1.0000,25.000,51.193,10.031,20.67
15256.00,5.000,10.427,0.396,0.396,0.000,0.000,1.0000,25.000,51.193,10.031,20.65
15261.00,5.000,10.427,0.396,0.396,0.000,0.000,1.0000,25.000,51.193,10.031,20.63
15266.00,5.000,10.427,0.396,0.396,0.000,0.000,1.0000,25.000,51.193,10.031,20.62
15271.00,5.000,10.426,0.395,0.395,0.000,0.000,1.0000,25.000,51.193,10.031,20.60
15276.00,5.000,10.426,0.395,0.395,0.000,0.000,1.0000,25.000,51.193,10.031,20.58
15281.00,5.000,10.426,0.395,0.395,0.000,0.000,1.0000,25.000,51.193,10.031,20.56
15286.00,5.000,10.426,0.395,0.395,0.000,0.000,1.0000,25.000,51.193,10.031,20.55
15291.00,5.000,10.425,0.395,0.395,0.000,0.000,1.0000,25.000,51.193,10.031,20.53
15296.00,5.000,10.425,0.394,0.394,0.000,0.000,1.0000,25.000,51.193,10.031,20.51
15301.00,5.000,10.425,0.394,0.394,0.000,0.000,1.0000,25.000,51.193,10.031,20.49
15306.00,5.000,10.425,0.394,0.394,0.000,0.000,1.0000,25.000,51.193,10.031,20.48
15311.00,5.000,10.425,0.394,0.394,0.000,0.000,1.0000,25.000,51.193,10.031,20.46
15316.00,5.000,10.424,0.393,0.393,0.000,0.000,1.0000,25.000,51.193,10.031,20.44
15321.00,5.000,10.424,0.393,0.393,0.000,0.000,1.0000,25.000,51.193,10.031,20.43
15326.00,5.000,10.424,0.393,0.393,0.000,0.000,1.0000,25.000,51.193,10.031,20.41
15331.00,5.000,10.424,0.393,0.393,0.000,0.000,1.0000,25.000,51.193,10.031,20.39
15336.00,5.000,10.423,0.393,0.393,0.000,0.000,1.0000,25.000,51.193,10.031,20.38
15341.00,5.000,10.423,0.392,0.392,0.000,0.000,1.0000,25.000,51.193,10.031,20.36
15346.00,5.000,10.423,0.392,0.392,0.000,0.000,1.0000,25.000,51.193,10.031,20.34
15351.00,5.000,10.423,0.392,0.392,0.000,0.000,1.0000,25.000,51.193,10.031,20.32
15356.00,5.000,10.423,0.392,0.392,0.000,0.000,1.0000,25.000,51.193,10.031,20.31
15361.00,5.000,10.422,0.391,0.391,0.000,0.000,1.0000,25.000,51.193,10.031,20.29
15366.00,5.000,10.422,0.391,0.391,0.000,0.000,1.0000,25.000,51.193,10.031,20.27
15371.00,5.000,10.422,0.391,0.391,0.000,0.000,1.0000,25.000,51.193,10.031,20.26
15376.00,5.000,10.422,0.391,0.391,0.000,0.000,1.0000,25.000,51.193,10.031,20.24
15381.00,5.000,10.422,0.391,0.391,0.000,0.000,1.0000,25.000,51.193,10.031,20.22
15386.00,5.000,10.421,0.390,0.390,0.000,0.000,1.0000,25.000,51.193,10.031,20.21
15391.00,5.000,10.421,0.390,0.390,0.000,0.000,1.0000,25.000,51.193,10.031,20.19
15396.00,5.000,10.421,0.390,0.390,0.000,0.000,1.0000,25.000,51.193,10.031,20.17
15401.00,5.000,10.421,0.390,0.390,0.000,0.000,1.0000,25.000,51.193,10.031,20.16
15406.00,5.000,10.420,0.390,0.390,0.000,0.000,1.0000,25.000,51.193,10.031,20.14
15411.00,5.000,10.420,0.389,0.389,0.000,0.000,1.0000,25.000,51.193,10.031,20.12
15416.00,5.000,10.420,0.389,0.389,0.000,0.000,1.0000,25.000,51.193,10.031,20.11
15421.00,5.000,10.420,0.389,0.389,0.000,0.000,1.0000,25.000,51.193,10.031,20.09
15426.00,5.000,10.420,0.389,0.389,0.000,0.000,1.0000,25.000,51.193,10.031,20.07
15431.00,5.000,10.419,0.388,0.388,0.000,0.000,1.0000,25.000,51.193,10.031,20.06
15436.00,5.000,10.419,0.388,0.388,0.000,0.000,1.0000,25.000,51.193,10.031,20.04
15441.00,5.000,10.419,0.388,0.388,0.000,0.000,1.0000,25.000,51.193,10.031,20.02
15446.00,5.000,10.419,0.388,0.388,0.000,0.000,1.0000,25.000,51.193,10.031,20.01
15451.00,5.000,10.419,0.388,0.388,0.000,0.000,1.0000,25.000,51.193,10.031,19.99
15456.00,5.000,10.418,0.387,0.387,0.000,0.000,1.0000,25.000,51.193,10.031,19.97
15461.00,5.000,10.418,0.387,0.387,0.000,0.000,1.0000,25.000,51.193,10.031,19.96
15466.00,5.000,10.418,0.387,0.387,0.000,0.000,1.0000,25.000,51.193,10.031,19.94
15471.00,5.000,10.418,0.387,0.387,0.000,0.000,1.0000,25.000,51.193,10.031,19.92
15476.00,5.000,10.418,0.387,0.387,0.000,0.000,1.0000,25.000,51.193,10.031,19.91
15481.00,5.000,10.417,0.386,0.386,0.000,0.000,1.0000,25.000,51.193,10.031,19.89
15486.00,5.000,10.417,0.386,0.386,0.000,0.000,1.0000,25.000,51.193,10.031,19.88
15491.00,5.000,10.417,0.386,0.386,0.000,0.000,1.0000,25.000,51.193,10.031,19.86
15496.00,5.000,10.417,0.386,0.386,0.000,0.000,1.0000,25.000,51.193,10.031,19.84
15501.00,5.000,10.416,0.386,0.386,0.000,0.000,1.0000,25.000,51.193,10.031,19.83
15506.00,5.000,10.416,0.385,0.385,0.000,0.000,1.0000,25.000,51.193,10.031,19.81
15511.00,5.000,10.416,0.385,0.385,0.000,0.000,1.0000,25.000,51.193,10.031,19.79
15516.00,5.000,10.416,0.385,0.385,0.000,0.000,1.0000,25.000,51.193,10.031,19.78
15521.00,5.000,10.416,0.385,0.385,0.000,0.000,1.0000,25.000,51.193,10.031,19.76
15526.00,5.000,10.415,0.384,0.384,0.000,0.000,1.0000,25.000,51.193,10.031,19.75
15531.00,5.000,10.415,0.384,0.384,0.000,0.000,1.0000,25.000,51.193,10.031,19.73
15536.00,5.000,10.415,0.384,0.384,0.000,0.000,1.0000,25.000,51.193,10.031,19.71
15541.00,5.000,10.415,0.384,0.384,0.000,0.000,1.0000,25.000,51.193,10.031,19.70
15546.00,5.000,10.415,0.384,0.384,0.000,0.000,1.0000,25.000,51.193,10.031,19.68
15551.00,5.000,10.414,0.383,0.383,0.000,0.000,1.0000,25.000,51.193,10.031,19.67
15556.00,5.000,10.414,0.383,0.383,0.000,0.000,1.0000,25.000,51.193,10.031,19.65
15561.00,5.000,10.414,0.383,0.383,0.000,0.000,1.0000,25.000,51.193,10.031,19.63
15566.00,5.000,10.414,0.383,0.383,0.000,0.000,1.0000,25.000,51.193,10.031,19.62
15571.00,5.000,10.414,0.383,0.383,0.000,0.000,1.0000,25.000,51.193,10.031,19.60
15576.00,5.000,10.413,0.382,0.382,0.000,0.000,1.0000,25.000,51.193,10.031,19.59
15581.00,5.000,10.413,0.382,0.382,0.000,0.000,1.0000,25.000,51.193,10.031,19.57
15586.00,5.000,10.413,0.382,0.382,0.000,0.000,1.0000,25.000,51.193,10.031,19.55
15591.00,5.000,10.413,0.382,0.382,0.000,0.000,1.0000,25.000,51.193,10.031,19.54
15596.00,5.000,10.413,0.382,0.382,0.000,0.000,1.0000,25.000,51.193,10.031,19.52
15601.00,5.000,10.412,0.381,0.381,0.000,0.000,1.0000,25.000,51.193,10.031,19.51
15606.00,5.000,10.412,0.381,0.381,0.000,0.000,1.0000,25.000,51.193,10.031,19.49
15611.00,5.000,10.412,0.381,0.381,0.000,0.000,1.0000,25.000,51.193,10.031,19.48
15616.00,5.000,10.412,0.381,0.381,0.000,0.000,1.0000,25.000,51.193,10.031,19.46
15621.00,5.000,10.412,0.381,0.381,0.000,0.000,1.0000,25.000,51.193,10.031,19.44
15626.00,5.000,10.411,0.380,0.380,0.000,0.000,1.0000,25.000,51.193,10.031,19.43
15631.00,5.000,10.411,0.380,0.380,0.000,0.000,1.0000,25.000,51.193,10.031,19.41
15636.00,5.000,10.411,0.380,0.380,0.000,0.000,1.0000,25.000,51.193,10.031,19.40
15641.00,5.000,10.411,0.380,0.380,0.000,0.000,1.0000,25.000,51.193,10.031,19.38
15646.00,5.000,10.411,0.380,0.380,0.000,0.000,1.0000,25.000,51.193,10.031,19.37
15651.00,5.000,10.410,0.379,0.379,0.000,0.000,1.0000,25.000,51.193,10.031,19.35
15656.00,5.000,10.410,0.379,0.379,0.000,0.000,1.0000,25.000,51.193,10.031,19.33
15661.00,5.000,10.410,0.379,0.379,0.000,0.000,1.0000,25.000,51.193,10.031,19.32
15666.00,5.000,10.410,0.379,0.379,0.000,0.000,1.0000,25.000,51.193,10.031,19.30
15671.00,5.000,10.410,0.379,0.379,0.000,0.000,1.0000,25.000,51.193,10.031,19.29
15676.00,5.000,10.409,0.378,0.378,0.000,0.000,1.0000,25.000,51.193,10.031,19.27
15681.00,5.000,10.409,0.378,0.378,0.000,0.000,1.0000,25.000,51.193,10.031,19.26
15686.00,5.000,10.409,0.378,0.378,0.000,0.000,1.0000,25.000,51.193,10.031,19.24
15691.00,5.000,10.409,0.378,0.378,0.000,0.000,1.0000,25.000,51.193,10.031,19.23
15696.00,5.000,10.409,0.378,0.378,0.000,0.000,1.0000,25.000,51.193,10.031,19.21
15701.00,5.000,10.408,0.377,0.377,0.000,0.000,1.0000,25.000,51.193,10.031,19.20
15706.00,5.000,10.408,0.377,0.377,0.000,0.000,1.0000,25.000,51.193,10.031,19.18
15711.00,5.000,10.408,0.377,0.377,0.000,0.000,1.0000,25.000,51.193,10.031,19.16
15716.00,5.000,10.408,0.377,0.377,0.000,0.000,1.0000,25.000,51.193,10.031,19.15
15721.00,5.000,10.408,0.377,0.377,0.000,0.000,1.0000,25.000,51.193,10.031,19.13
15726.00,5.000,10.407,0.376,0.376,0.000,0.000,1.0000,25.000,51.193,10.031,19.12
15731.00,5.000,10.407,0.376,0.376,0.000,0.000,1.0000,25.000,51.193,10.031,19.10
15736.00,5.000,10.407,0.376,0.376,0.000,0.000,1.0000,25.000,51.193,10.031,19.09
15741.00,5.000,10.407,0.376,0.376,0.000,0.000,1.0000,25.000,51.193,10.031,19.07
15746.00,5.000,10.407,0.376,0.376,0.000,0.000,1.0000,25.000,51.193,10.031,19.06
15751.00,5.000,10.406,0.375,0.375,0.000,0.000,1.0000,25.000,51.193,10.031,19.04
15756.00,5.000,10.406,0.375,0.375,0.000,0.000,1.0000,25.000,51.193,10.031,19.03
15761.00,5.000,10.406,0.375,0.375,0.000,0.000,1.0000,25.000,51.193,10.031,19.01
15766.00,5.000,10.406,0.375,0.375,0.000,0.000,1.0000,25.000,51.193,10.031,19.00
15771.00,5.000,10.406,0.375,0.375,0.000,0.000,1.0000,25.000,51.193,10.031,18.98
15776.00,5.000,10.405,0.374,0.374,0.000,0.000,1.0000,25.000,51.193,10.031,18.97
15781.00,5.000,10.405,0.374,0.374,0.000,0.000,1.0000,25.000,51.193,10.031,18.95
15786.00,5.000,10.405,0.374,0.374,0.000,0.000,1.0000,25.000,51.193,10.031,18.94
15791.00,5.000,10.405,0.374,0.374,0.000,0.000,1.0000,25.000,51.193,10.031,18.92
15796.00,5.000,10.405,0.374,0.374,0.000,0.000,1.0000,25.000,51.193,10.031,18.91
15801.00,5.000,10.404,0.373,0.373,0.000,0.000,1.0000,25.000,51.193,10.031,18.89
15806.00,5.000,10.404,0.373,0.373,0.000,0.000,1.0000,25.000,51.193,10.031,18.88
15811.00,5.000,10.404,0.373,0.373,0.000,0.000,1.0000,25.000,51.193,10.031,18.86
15816.00,5.000,10.404,0.373,0.373,0.000,0.000,1.0000,25.000,51.193,10.031,18.85
15821.00,5.000,10.404,0.373,0.373,0.000,0.000,1.0000,25.000,51.193,10.031,18.83
15826.00,5.000,10.403,0.372,0.372,0.000,0.000,1.0000,25.000,51.193,10.031,18.82
15831.00,5.000,10.403,0.372,0.372,0.000,0.000,1.0000,25.000,51.193,10.031,18.80
15836.00,5.000,10.403,0.372,0.372,0.000,0.000,1.0000,25.000,51.193,10.031,18.79
15841.00,5.000,10.403,0.372,0.372,0.000,0.000,1.0000,25.000,51.193,10.031,18.77
15846.00,5.000,10.403,0.372,0.372,0.000,0.000,1.0000,25.000,51.193,10.031,18.76
15851.00,5.000,10.402,0.371,0.371,0.000,0.000,1.0000,25.000,51.193,10.031,18.74
15856.00,5.000,10.402,0.371,0.371,0.000,0.000,1.0000,25.000,51.193,10.031,18.73
15861.00,5.000,10.402,0.371,0.371,0.000,0.000,1.0000,25.000,51.193,10.031,18.71
15866.00,5.000,10.402,0.371,0.371,0.000,0.000,1.0000,25.000,51.193,10.031,18.70
15871.00,5.000,10.402,0.371,0.371,0.000,0.000,1.0000,25.000,51.193,10.031,18.68
15876.00,5.000,10.401,0.370,0.370,0.000,0.000,1.0000,25.000,51.193,10.031,18.67
15881.00,5.000,10.401,0.370,0.370,0.000,0.000,1.0000,25.000,51.193,10.031,18.65
15886.00,5.000,10.401,0.370,0.370,0.000,0.000,1.0000,25.000,51.193,10.031,18.64
15891.00,5.000,10.401,0.370,0.370,0.000,0.000,1.0000,25.000,51.193,10.031,18.63
15896.00,5.000,10.401,0.370,0.370,0.000,0.000,1.0000,25.000,51.193,10.031,18.61
15901.00,5.000,10.400,0.370,0.370,0.000,0.000,1.0000,25.000,51.193,10.031,18.60
15906.00,5.000,10.400,0.369,0.369,0.000,0.000,1.0000,25.000,51.193,10.031,18.58
15911.00,5.000,10.400,0.369,0.369,0.000,0.000,1.0000,25.000,51.193,10.031,18.57
15916.00,5.000,10.400,0.369,0.369,0.000,0.000,1.0000,25.000,51.193,10.031,18.55
15921.00,5.000,10.400,0.369,0.369,0.000,0.000,1.0000,25.000,51.193,10.031,18.54
15926.00,5.000,10.400,0.369,0.369,0.000,0.000,1.0000,25.000,51.193,10.031,18.52
15931.00,5.000,10.399,0.368,0.368,0.000,0.000,1.0000,25.000,51.193,10.031,18.51
15936.00,5.000,10.399,0.368,0.368,0.000,0.000,1.0000,25.000,51.193,10.031,18.49
15941.00,5.000,10.399,0.368,0.368,0.000,0.000,1.0000,25.000,51.193,10.031,18.48
15946.00,5.000,10.399,0.368,0.368,0.000,0.000,1.0000,25.000,51.193,10.031,18.47
15951.00,5.000,10.399,0.368,0.368,0.000,0.000,1.0000,25.000,51.193,10.031,18.45
15956.00,5.000,10.398,0.367,0.367,0.000,0.000,1.0000,25.000,51.193,10.031,18.44
15961.00,5.000,10.398,0.367,0.367,0.000,0.000,1.0000,25.000,51.193,10.031,18.42
15966.00,5.000,10.398,0.367,0.367,0.000,0.000,1.0000,25.000,51.193,10.031,18.41
15971.00,5.000,10.398,0.367,0.367,0.000,0.000,1.0000,25.000,51.193,10.031,18.39
15976.00,5.000,10.398,0.367,0.367,0.000,0.000,1.0000,25.000,51.193,10.031,18.38
15981.00,5.000,10.397,0.366,0.366,0.000,0.000,1.0000,25.000,51.193,10.031,18.37
15986.00,5.000,10.397,0.366,0.366,0.000,0.000,1.0000,25.000,51.193,10.031,18.35
15991.00,5.000,10.397,0.366,0.366,0.000,0.000,1.0000,25.000,51.193,10.031,18.34
15996.00,5.000,10.397,0.366,0.366,0.000,0.000,1.0000,25.000,51.193,10.031,18.32
16001.00,5.000,10.397,0.366,0.366,0.000,0.000,1.0000,25.000,51.193,10.031,18.31
16006.00,5.000,10.396,0.366,0.366,0.000,0.000,1.0000,25.000,51.193,10.031,18.29
16011.00,5.000,10.396,0.365,0.365,0.000,0.000,1.0000,25.000,51.193,10.031,18.28
16016.00,5.000,10.396,0.365,0.365,0.000,0.000,1.0000,25.000,51.193,10.031,18.27
16021.00,5.000,10.396,0.365,0.365,0.000,0.000,1.0000,25.000,51.193,10.031,18.25
16026.00,5.000,10.396,0.365,0.365,0.000,0.000,1.0000,25.000,51.193,10.031,18.24
16031.00,5.000,10.396,0.365,0.365,0.000,0.000,1.0000,25.000,51.193,10.031,18.22
16036.00,5.000,10.395,0.364,0.364,0.000,0.000,1.0000,25.000,51.193,10.031,18.21
16041.00,5.000,10.395,0.364,0.364,0.000,0.000,1.0000,25.000,51.193,10.031,18.20
16046.00,5.000,10.395,0.364,0.364,0.000,0.000,1.0000,25.000,51.193,10.031,18.18
16051.00,5.000,10.395,0.364,0.364,0.000,0.000,1.0000,25.000,51.193,10.031,18.17
16056.00,5.000,10.395,0.364,0.364,0.000,0.000,1.0000,25.000,51.193,10.031,18.15
16061.00,5.000,10.394,0.363,0.363,0.000,0.000,1.0000,25.000,51.193,10.031,18.14
16066.00,5.000,10.394,0.363,0.363,0.000,0.000,1.0000,25.000,51.193,10.031,18.13
16071.00,5.000,10.394,0.363,0.363,0.000,0.000,1.0000,25.000,51.193,10.031,18.11
16076.00,5.000,10.394,0.363,0.363,0.000,0.000,1.0000,25.000,51.193,10.031,18.10
16081.00,5.000,10.394,0.363,0.363,0.000,0.000,1.0000,25.000,51.193,10.031,18.08
16086.00,5.000,10.394,0.363,0.363,0.000,0.000,1.0000,25.000,51.193,10.031,18.07
16091.00,5.000,10.393,0.362,0.362,0.000,0.000,1.0000,25.000,51.193,10.031,18.06
16096.00,5.000,10.393,0.362,0.362,0.000,0.000,1.0000,25.000,51.193,10.031,18.04
16101.00,5.000,10.393,0.362,0.362,0.000,0.000,1.0000,25.000,51.193,10.031,18.03
16106.00,5.000,10.393,0.362,0.362,0.000,0.000,1.0000,25.000,51.193,10.031,18.01
16111.00,5.000,10.393,0.362,0.362,0.000,0.000,1.0000,25.000,51.193,10.031,18.00
16116.00,5.000,10.392,0.361,0.361,0.000,0.000,1.0000,25.000,51.193,10.031,17.99
16121.00,5.000,10.392,0.361,0.361,0.000,0.000,1.0000,25.000,51.193,10.031,17.97
16126.00,5.000,10.392,0.361,0.361,0.000,0.000,1.0000,25.000,51.193,10.031,17.96
16131.00,5.000,10.392,0.361,0.361,0.000,0.000,1.0000,25.000,51.193,10.031,17.95
16136.00,5.000,10.392,0.361,0.361,0.000,0.000,1.0000,25.000,51.193,10.031,17.93
16141.00,5.000,10.391,0.361,0.361,0.000,0.000,1.0000,25.000,51.193,10.031,17.92
16146.00,5.000,10.391,0.360,0.360,0.000,0.000,1.0000,25.000,51.193,10.031,17.90
16151.00,5.000,10.391,0.360,0.360,0.000,0.000,1.0000,25.000,51.193,10.031,17.89
16156.00,5.000,10.391,0.360,0.360,0.000,0.000,1.0000,25.000,51.193,10.031,17.88
16161.00,5.000,10.391,0.360,0.360,0.000,0.000,1.0000,25.000,51.193,10.031,17.86
16166.00,5.000,10.391,0.360,0.360,0.000,0.000,1.0000,25.000,51.193,10.031,17.85
16171.00,5.000,10.390,0.359,0.359,0.000,0.000,1.0000,25.000,51.193,10.031,17.84
16176.00,5.000,10.390,0.359,0.359,0.000,0.000,1.0000,25.000,51.193,10.031,17.82
16181.00,5.000,10.390,0.359,0.359,0.000,0.000,1.0000,25.000,51.193,10.031,17.81
16186.00,5.000,10.390,0.359,0.359,0.000,0.000,1.0000,25.000,51.193,10.031,17.80
16191.00,5.000,10.390,0.359,0.359,0.000,0.000,1.0000,25.000,51.193,10.031,17.78
16196.00,5.000,10.389,0.359,0.359,0.000,0.000,1.0000,25.000,51.193,10.031,17.77
16201.00,5.000,10.389,0.358,0.358,0.000,0.000,1.0000,25.000,51.193,10.031,17.75
16206.00,5.000,10.389,0.358,0.358,0.000,0.000,1.0000,25.000,51.193,10.031,17.74
16211.00,5.000,10.389,0.358,0.358,0.000,0.000,1.0000,25.000,51.193,10.031,17.73
16216.00,5.000,10.389,0.358,0.358,0.000,0.000,1.0000,25.000,51.193,10.031,17.71
16221.00,5.000,10.389,0.358,0.358,0.000,0.000,1.0000,25.000,51.193,10.031,17.70
16226.00,5.000,10.388,0.357,0.357,0.000,0.000,1.0000,25.000,51.193,10.031,17.69
16231.00,5.000,10.388,0.357,0.357,0.000,0.000,1.0000,25.000,51.193,10.031,17.67
16236.00,5.000,10.388,0.357,0.357,0.000,0.000,1.0000,25.000,51.193,10.031,17.66
16241.00,5.000,10.388,0.357,0.357,0.000,0.000,1.0000,25.000,51.193,10.031,17.65
16246.00,5.000,10.388,0.357,0.357,0.000,0.000,1.0000,25.000,51.193,10.031,17.63
16251.00,5.000,10.388,0.357,0.357,0.000,0.000,1.0000,25.000,51.193,10.031,17.62
16256.00,5.000,10.387,0.356,0.356,0.000,0.000,1.0000,25.000,51.193,10.031,17.61
16261.00,5.000,10.387,0.356,0.356,0.000,0.000,1.0000,25.000,51.193,10.031,17.59
16266.00,5.000,10.387,0.356,0.356,0.000,0.000,1.0000,25.000,51.193,10.031,17.58
16271.00,5.000,10.387,0.356,0.356,0.000,0.000,1.0000,25.000,51.193,10.031,17.57
16276.00,5.000,10.387,0.356,0.356,0.000,0.000,1.0000,25.000,51.193,10.031,17.55
16281.00,5.000,10.386,0.356,0.356,0.000,0.000,1.0000,25.000,51.193,10.031,17.54
16286.00,5.000,10.386,0.355,0.355,0.000,0.000,1.0000,25.000,51.193,10.031,17.53
16291.00,5.000,10.386,0.355,0.355,0.000,0.000,1.0000,25.000,51.193,10.031,17.52
16296.00,5.000,10.386,0.355,0.355,0.000,0.000,1.0000,25.000,51.193,10.031,17.50
16301.00,5.000,10.386,0.355,0.355,0.000,0.000,1.0000,25.000,51.193,10.031,17.49
16306.00,5.000,10.386,0.355,0.355,0.000,0.000,1.0000,25.000,51.193,10.031,17.48
16311.00,5.000,10.385,0.354,0.354,0.000,0.000,1.0000,25.000,51.193,10.031,17.46
16316.00,5.000,10.385,0.354,0.354,0.000,0.000,1.0000,25.000,51.193,10.031,17.45
16321.00,5.000,10.385,0.354,0.354,0.000,0.000,1.0000,25.000,51.193,10.031,17.44
16326.00,5.000,10.385,0.354,0.354,0.000,0.000,1.0000,25.000,51.193,10.031,17.42
16331.00,5.000,10.385,0.354,0.354,0.000,0.000,1.0000,25.000,51.193,10.031,17.41
16336.00,5.000,10.385,0.354,0.354,0.000,0.000,1.0000,25.000,51.193,10.031,17.40
16341.00,5.000,10.384,0.353,0.353,0.000,0.000,1.0000,25.000,51.193,10.031,17.38
16346.00,5.000,10.384,0.353,0.353,0.000,0.000,1.0000,25.000,51.193,10.031,17.37
16351.00,5.000,10.384,0.353,0.353,0.000,0.000,1.0000,25.000,51.193,10.031,17.36
16356.00,5.000,10.384,0.353,0.353,0.000,0.000,1.0000,25.000,51.193,10.031,17.35
16361.00,5.000,10.384,0.353,0.353,0.000,0.000,1.0000,25.000,51.193,10.031,17.33
16366.00,5.000,10.383,0.353,0.353,0.000,0.000,1.0000,25.000,51.193,10.031,17.32
16371.00,5.000,10.383,0.352,0.352,0.000,0.000,1.0000,25.000,51.193,10.031,17.31
16376.00,5.000,10.383,0.352,0.352,0.000,0.000,1.0000,25.000,51.193,10.031,17.29
16381.00,5.000,10.383,0.352,0.352,0.000,0.000,1.0000,25.000,51.193,10.031,17.28
16386.00,5.000,10.383,0.352,0.352,0.000,0.000,1.0000,25.000,51.193,10.031,17.27
16391.00,5.000,10.383,0.352,0.352,0.000,0.000,1.0000,25.000,51.193,10.031,17.26
16396.00,5.000,10.382,0.351,0.351,0.000,0.000,1.0000,25.000,51.193,10.031,17.24
16401.00,5.000,10.382,0.351,0.351,0.000,0.000,1.0000,25.000,51.193,10.031,17.23
16406.00,5.000,10.382,0.351,0.351,0.000,0.000,1.0000,25.000,51.193,10.031,17.22
16411.00,5.000,10.382,0.351,0.351,0.000,0.000,1.0000,25.000,51.193,10.031,17.20
16416.00,5.000,10.382,0.351,0.351,0.000,0.000,1.0000,25.000,51.193,10.031,17.19
16421.00,5.000,10.382,0.351,0.351,0.000,0.000,1.0000,25.000,51.193,10.031,17.18
16426.00,5.000,10.381,0.350,0.350,0.000,0.000,1.0000,25.000,51.193,10.031,17.17
16431.00,5.000,10.381,0.350,0.350,0.000,0.000,1.0000,25.000,51.193,10.031,17.15
16436.00,5.000,10.381,0.350,0.350,0.000,0.000,1.0000,25.000,51.193,10.031,17.14
16441.00,5.000,10.381,0.350,0.350,0.000,0.000,1.0000,25.000,51.193,10.031,17.13
16446.00,5.000,10.381,0.350,0.350,0.000,0.000,1.0000,25.000,51.193,10.031,17.12
16451.00,5.000,10.381,0.350,0.350,0.000,0.000,1.0000,25.000,51.193,10.031,17.10
16456.00,5.000,10.380,0.349,0.349,0.000,0.000,1.0000,25.000,51.193,10.031,17.09
16461.00,5.000,10.380,0.349,0.349,0.000,0.000,1.0000,25.000,51.193,10.031,17.08
16466.00,5.000,10.380,0.349,0.349,0.000,0.000,1.0000,25.000,51.193,10.031,17.06
16471.00,5.000,10.380,0.349,0.349,0.000,0.000,1.0000,25.000,51.193,10.031,17.05
16476.00,5.000,10.380,0.349,0.349,0.000,0.000,1.0000,25.000,51.193,10.031,17.04
16481.00,5.000,10.380,0.349,0.349,0.000,0.000,1.0000,25.000,51.193,10.031,17.03
16486.00,5.000,10.379,0.348,0.348,0.000,0.000,1.0000,25.000,51.193,10.031,17.01
16491.00,5.000,10.379,0.348,0.348,0.000,0.000,1.0000,25.000,51.193,10.031,17.00
16496.00,5.000,10.379,0.348,0.348,0.000,0.000,1.0000,25.000,51.193,10.031,16.99
16501.00,5.000,10.379,0.348,0.348,0.000,0.000,1.0000,25.000,51.193,10.031,16.98
16506.00,5.000,10.379,0.348,0.348,0.000,0.000,1.0000,25.000,51.193,10.031,16.96
16511.00,5.000,10.378,0.348,0.348,0.000,0.000,1.0000,25.000,51.193,10.031,16.95
16516.00,5.000,10.378,0.347,0.347,0.000,0.000,1.0000,25.000,51.193,10.031,16.94
16521.00,5.000,10.378,0.347,0.347,0.000,0.000,1.0000,25.000,51.193,10.031,16.93
16526.00,5.000,10.378,0.347,0.347,0.000,0.000,1.0000,25.000,51.193,10.031,16.91
16531.00,5.000,10.378,0.347,0.347,0.000,0.000,1.0000,25.000,51.193,10.031,16.90
16536.00,5.000,10.378,0.347,0.347,0.000,0.000,1.0000,25.000,51.193,10.031,16.89
16541.00,5.000,10.377,0.347,0.347,0.000,0.000,1.0000,25.000,51.193,10.031,16.88
16546.00,5.000,10.377,0.346,0.346,0.000,0.000,1.0000,25.000,51.193,10.031,16.87
16551.00,5.000,10.377,0.346,0.346,0.000,0.000,1.0000,25.000,51.193,10.031,16.85
16556.00,5.000,10.377,0.346,0.346,0.000,0.000,1.0000,25.000,51.193,10.031,16.84
16561.00,5.000,10.377,0.346,0.346,0.000,0.000,1.0000,25.000,51.193,10.031,16.83
16566.00,5.000,10.377,0.346,0.346,0.000,0.000,1.0000,25.000,51.193,10.031,16.82
16571.00,5.000,10.376,0.346,0.346,0.000,0.000,1.0000,25.000,51.193,10.031,16.80
16576.00,5.000,10.376,0.345,0.345,0.000,0.000,1.0000,25.000,51.193,10.031,16.79
16581.00,5.000,10.376,0.345,0.345,0.000,0.000,1.0000,25.000,51.193,10.031,16.78
16586.00,5.000,10.376,0.345,0.345,0.000,0.000,1.0000,25.000,51.193,10.031,16.77
16591.00,5.000,10.376,0.345,0.345,0.000,0.000,1.0000,25.000,51.193,10.031,16.76
16596.00,5.000,10.376,0.345,0.345,0.000,0.000,1.0000,25.000,51.193,10.031,16.74
16601.00,5.000,10.375,0.345,0.345,0.000,0.000,1.0000,25.000,51.193,10.031,16.73
16606.00,5.000,10.375,0.344,0.344,0.000,0.000,1.0000,25.000,51.193,10.031,16.72
16611.00,5.000,10.375,0.344,0.344,0.000,0.000,1.0000,25.000,51.193,10.031,16.71
16616.00,5.000,10.375,0.344,0.344,0.000,0.000,1.0000,25.000,51.193,10.031,16.69
16621.00,5.000,10.375,0.344,0.344,0.000,0.000,1.0000,25.000,51.193,10.031,16.68
16626.00,5.000,10.375,0.344,0.344,0.000,0.000,1.0000,25.000,51.193,10.031,16.67
16631.00,5.000,10.374,0.344,0.344,0.000,0.000,1.0000,25.000,51.193,10.031,16.66
16636.00,5.000,10.374,0.343,0.343,0.000,0.000,1.0000,25.000,51.193,10.031,16.65
16641.00,5.000,10.374,0.343,0.343,0.000,0.000,1.0000,25.000,51.193,10.031,16.63
16646.00,5.000,10.374,0.343,0.343,0.000,0.000,1.0000,25.000,51.193,10.031,16.62
16651.00,5.000,10.374,0.343,0.343,0.000,0.000,1.0000,25.000,51.193,10.031,16.61
16656.00,5.000,10.374,0.343,0.343,0.000,0.000,1.0000,25.000,51.193,10.031,16.60
16661.00,5.000,10.374,0.343,0.343,0.000,0.000,1.0000,25.000,51.193,10.031,16.59
16666.00,5.000,10.373,0.342,0.342,0.000,0.000,1.0000,25.000,51.193,10.031,16.57
16671.00,5.000,10.373,0.342,0.342,0.000,0.000,1.0000,25.000,51.193,10.031,16.56
16676.00,5.000,10.373,0.342,0.342,0.000,0.000,1.0000,25.000,51.193,10.031,16.55
16681.00,5.000,10.373,0.342,0.342,0.000,0.000,1.0000,25.000,51.193,10.031,16.54
16686.00,5.000,10.373,0.342,0.342,0.000,0.000,1.0000,25.000,51.193,10.031,16.53
16691.00,5.000,10.373,0.342,0.342,0.000,0.000,1.0000,25.000,51.193,10.031,16.51
16696.00,5.000,10.372,0.341,0.341,0.000,0.000,1.0000,25.000,51.193,10.031,16.50
16701.00,5.000,10.372,0.341,0.341,0.000,0.000,1.0000,25.000,51.193,10.031,16.49
16706.00,5.000,10.372,0.341,0.341,0.000,0.000,1.0000,25.000,51.193,10.031,16.48
16711.00,5.000,10.372,0.341,0.341,0.000,0.000,1.0000,25.000,51.193,10.031,16.47
16716.00,5.000,10.372,0.341,0.341,0.000,0.000,1.0000,25.000,51.193,10.031,16.46
16721.00,5.000,10.372,0.341,0.341,0.000,0.000,1.0000,25.000,51.193,10.031,16.44
16726.00,5.000,10.371,0.340,0.340,0.000,0.000,1.0000,25.000,51.193,10.031,16.43
16731.00,5.000,10.371,0.340,0.340,0.000,0.000,1.0000,25.000,51.193,10.031,16.42
16736.00,5.000,10.371,0.340,0.340,0.000,0.000,1.0000,25.000,51.193,10.031,16.41
16741.00,5.000,10.371,0.340,0.340,0.000,0.000,1.0000,25.000,51.193,10.031,16.40
16746.00,5.000,10.371,0.340,0.340,0.000,0.000,1.0000,25.000,51.193,10.031,16.38
16751.00,5.000,10.371,0.340,0.340,0.000,0.000,1.0000,25.000,51.193,10.031,16.37
16756.00,5.000,10.370,0.339,0.339,0.000,0.000,1.0000,25.000,51.193,10.031,16.36
16761.00,5.000,10.370,0.339,0.339,0.000,0.000,1.0000,25.000,51.193,10.031,16.35
16766.00,5.000,10.370,0.339,0.339,0.000,0.000,1.0000,25.000,51.193,10.031,16.34
16771.00,5.000,10.370,0.339,0.339,0.000,0.000,1.0000,25.000,51.193,10.031,16.33
16776.00,5.000,10.370,0.339,0.339,0.000,0.000,1.0000,25.000,51.193,10.031,16.31
16781.00,5.000,10.370,0.339,0.339,0.000,0.000,1.0000,25.000,51.193,10.031,16.30
16786.00,5.000,10.369,0.339,0.339,0.000,0.000,1.0000,25.000,51.193,10.031,16.29
16791.00,5.000,10.369,0.338,0.338,0.000,0.000,1.0000,25.000,51.193,10.031,16.28
16796.00,5.000,10.369,0.338,0.338,0.000,0.000,1.0000,25.000,51.193,10.031,16.27
16801.00,5.000,10.369,0.338,0.338,0.000,0.000,1.0000,25.000,51.193,10.031,16.26
16806.00,5.000,10.369,0.338,0.338,0.000,0.000,1.0000,25.000,51.193,10.031,16.25
16811.00,5.000,10.369,0.338,0.338,0.000,0.000,1.0000,25.000,51.193,10.031,16.23
16816.00,5.000,10.369,0.338,0.338,0.000,0.000,1.0000,25.000,51.193,10.031,16.22
16821.00,5.000,10.368,0.337,0.337,0.000,0.000,1.0000,25.000,51.193,10.031,16.21
16826.00,5.000,10.368,0.337,0.337,0.000,0.000,1.0000,25.000,51.193,10.031,16.20
16831.00,5.000,10.368,0.337,0.337,0.000,0.000,1.0000,25.000,51.193,10.031,16.19
16836.00,5.000,10.368,0.337,0.337,0.000,0.000,1.0000,25.000,51.193,10.031,16.18
16841.00,5.000,10.368,0.337,0.337,0.000,0.000,1.0000,25.000,51.193,10.031,16.16
16846.00,5.000,10.368,0.337,0.337,0.000,0.000,1.0000,25.000,51.193,10.031,16.15
16851.00,5.000,10.367,0.336,0.336,0.000,0.000,1.0000,25.000,51.193,10.031,16.14
16856.00,5.000,10.367,0.336,0.336,0.000,0.000,1.0000,25.000,51.193,10.031,16.13
16861.00,5.000,10.367,0.336,0.336,0.000,0.000,1.0000,25.000,51.193,10.031,16.12
16866.00,5.000,10.367,0.336,0.336,0.000,0.000,1.0000,25.000,51.193,10.031,16.11
16871.00,5.000,10.367,0.336,0.336,0.000,0.000,1.0000,25.000,51.193,10.031,16.10
16876.00,5.000,10.367,0.336,0.336,0.000,0.000,1.0000,25.000,51.193,10.031,16.09
16881.00,5.000,10.366,0.336,0.336,0.000,0.000,1.0000,25.000,51.193,10.031,16.07
16886.00,5.000,10.366,0.335,0.335,0.000,0.000,1.0000,25.000,51.193,10.031,16.06
16891.00,5.000,10.366,0.335,0.335,0.000,0.000,1.0000,25.000,51.193,10.031,16.05
16896.00,5.000,10.366,0.335,0.335,0.000,0.000,1.0000,25.000,51.193,10.031,16.04
16901.00,5.000,10.366,0.335,0.335,0.000,0.000,1.0000,25.000,51.193,10.031,16.03
16906.00,5.000,10.366,0.335,0.335,0.000,0.000,1.0000,25.000,51.193,10.031,16.02
16911.00,5.000,10.366,0.335,0.335,0.000,0.000,1.0000,25.000,51.193,10.031,16.01
16916.00,5.000,10.365,0.334,0.334,0.000,0.000,1.0000,25.000,51.193,10.031,15.99
16921.00,5.000,10.365,0.334,0.334,0.000,0.000,1.0000,25.000,51.193,10.031,15.98
16926.00,5.000,10.365,0.334,0.334,0.000,0.000,1.0000,25.000,51.193,10.031,15.97
16931.00,5.000,10.365,0.334,0.334,0.000,0.000,1.0000,25.000,51.193,10.031,15.96
16936.00,5.000,10.365,0.334,0.334,0.000,0.000,1.0000,25.000,51.193,10.031,15.95
16941.00,5.000,10.365,0.334,0.334,0.000,0.000,1.0000,25.000,51.193,10.031,15.94
16946.00,5.000,10.364,0.334,0.334,0.000,0.000,1.0000,25.000,51.193,10.031,15.93
16951.00,5.000,10.364,0.333,0.333,0.000,0.000,1.0000,25.000,51.193,10.031,15.92
16956.00,5.000,10.364,0.333,0.333,0.000,0.000,1.0000,25.000,51.193,10.031,15.91
16961.00,5.000,10.364,0.333,0.333,0.000,0.000,1.0000,25.000,51.193,10.031,15.89
16966.00,5.000,10.364,0.333,0.333,0.000,0.000,1.0000,25.000,51.193,10.031,15.88
16971.00,5.000,10.364,0.333,0.333,0.000,0.000,1.0000,25.000,51.193,10.031,15.87
16976.00,5.000,10.364,0.333,0.333,0.000,0.000,1.0000,25.000,51.193,10.031,15.86
16981.00,5.000,10.363,0.332,0.332,0.000,0.000,1.0000,25.000,51.193,10.031,15.85
16986.00,5.000,10.363,0.332,0.332,0.000,0.000,1.0000,25.000,51.193,10.031,15.84
16991.00,5.000,10.363,0.332,0.332,0.000,0.000,1.0000,25.000,51.193,10.031,15.83
16996.00,5.000,10.363,0.332,0.332,0.000,0.000,1.0000,25.000,51.193,10.031,15.82
17001.00,5.000,10.363,0.332,0.332,0.000,0.000,1.0000,25.000,51.193,10.031,15.81
17006.00,5.000,10.363,0.332,0.332,0.000,0.000,1.0000,25.000,51.193,10.031,15.79
17011.00,5.000,10.362,0.332,0.332,0.000,0.000,1.0000,25.000,51.193,10.031,15.78
17016.00,5.000,10.362,0.331,0.331,0.000,0.000,1.0000,25.000,51.193,10.031,15.77
17021.00,5.000,10.362,0.331,0.331,0.000,0.000,1.0000,25.000,51.193,10.031,15.76
17026.00,5.000,10.362,0.331,0.331,0.000,0.000,1.0000,25.000,51.193,10.031,15.75
17031.00,5.000,10.362,0.331,0.331,0.000,0.000,1.0000,25.000,51.193,10.031,15.74
17036.00,5.000,10.362,0.331,0.331,0.000,0.000,1.0000,25.000,51.193,10.031,15.73
17041.00,5.000,10.362,0.331,0.331,0.000,0.000,1.0000,25.000,51.193,10.031,15.72
17046.00,5.000,10.361,0.330,0.330,0.000,0.000,1.0000,25.000,51.193,10.031,15.71
17051.00,5.000,10.361,0.330,0.330,0.000,0.000,1.0000,25.000,51.193,10.031,15.70
17056.00,5.000,10.361,0.330,0.330,0.000,0.000,1.0000,25.000,51.193,10.031,15.69
17061.00,5.000,10.361,0.330,0.330,0.000,0.000,1.0000,25.000,51.193,10.031,15.67
17066.00,5.000,10.361,0.330,0.330,0.000,0.000,1.0000,25.000,51.193,10.031,15.66
17071.00,5.000,10.361,0.330,0.330,0.000,0.000,1.0000,25.000,51.193,10.031,15.65
17076.00,5.000,10.360,0.330,0.330,0.000,0.000,1.0000,25.000,51.193,10.031,15.64
17081.00,5.000,10.360,0.329,0.329,0.000,0.000,1.0000,25.000,51.193,10.031,15.63
17086.00,5.000,10.360,0.329,0.329,0.000,0.000,1.0000,25.000,51.193,10.031,15.62
17091.00,5.000,10.360,0.329,0.329,0.000,0.000,1.0000,25.000,51.193,10.031,15.61
17096.00,5.000,10.360,0.329,0.329,0.000,0.000,1.0000,25.000,51.193,10.031,15.60
17101.00,5.000,10.360,0.329,0.329,0.000,0.000,1.0000,25.000,51.193,10.031,15.59
17106.00,5.000,10.360,0.329,0.329,0.000,0.000,1.0000,25.000,51.193,10.031,15.58
17111.00,5.000,10.359,0.328,0.328,0.000,0.000,1.0000,25.000,51.193,10.031,15.57
17116.00,5.000,10.359,0.328,0.328,0.000,0.000,1.0000,25.000,51.193,10.031,15.56
17121.00,5.000,10.359,0.328,0.328,0.000,0.000,1.0000,25.000,51.193,10.031,15.55
17126.00,5.000,10.359,0.328,0.328,0.000,0.000,1.0000,25.000,51.193,10.031,15.54
17131.00,5.000,10.359,0.328,0.328,0.000,0.000,1.0000,25.000,51.193,10.031,15.52
17136.00,5.000,10.359,0.328,0.328,0.000,0.000,1.0000,25.000,51.193,10.031,15.51
17141.00,5.000,10.359,0.328,0.328,0.000,0.000,1.0000,25.000,51.193,10.031,15.50
17146.00,5.000,10.358,0.327,0.327,0.000,0.000,1.0000,25.000,51.193,10.031,15.49
17151.00,5.000,10.358,0.327,0.327,0.000,0.000,1.0000,25.000,51.193,10.031,15.48
17156.00,5.000,10.358,0.327,0.327,0.000,0.000,1.0000,25.000,51.193,10.031,15.47
17161.00,5.000,10.358,0.327,0.327,0.000,0.000,1.0000,25.000,51.193,10.031,15.46
17166.00,5.000,10.358,0.327,0.327,0.000,0.000,1.0000,25.000,51.193,10.031,15.45
17171.00,5.000,10.358,0.327,0.327,0.000,0.000,1.0000,25.000,51.193,10.031,15.44
17176.00,5.000,10.357,0.327,0.327,0.000,0.000,1.0000,25.000,51.193,10.031,15.43
17181.00,5.000,10.357,0.326,0.326,0.000,0.000,1.0000,25.000,51.193,10.031,15.42
17186.00,5.000,10.357,0.326,0.326,0.000,0.000,1.0000,25.000,51.193,10.031,15.41
17191.00,5.000,10.357,0.326,0.326,0.000,0.000,1.0000,25.000,51.193,10.031,15.40
17196.00,5.000,10.357,0.326,0.326,0.000,0.000,1.0000,25.000,51.193,10.031,15.39
17201.00,5.000,10.357,0.326,0.326,0.000,0.000,1.0000,25.000,51.193,10.031,15.38
17206.00,5.000,10.357,0.326,0.326,0.000,0.000,1.0000,25.000,51.193,10.031,15.37
17211.00,5.000,10.356,0.326,0.326,0.000,0.000,1.0000,25.000,51.193,10.031,15.36
17216.00,5.000,10.356,0.325,0.325,0.000,0.000,1.0000,25.000,51.193,10.031,15.35
17221.00,5.000,10.356,0.325,0.325,0.000,0.000,1.0000,25.000,51.193,10.031,15.34
17226.00,5.000,10.356,0.325,0.325,0.000,0.000,1.0000,25.000,51.193,10.031,15.32
17231.00,5.000,10.356,0.325,0.325,0.000,0.000,1.0000,25.000,51.193,10.031,15.31
17236.00,5.000,10.356,0.325,0.325,0.000,0.000,1.0000,25.000,51.193,10.031,15.30
17241.00,5.000,10.356,0.325,0.325,0.000,0.000,1.0000,25.000,51.193,10.031,15.29
17246.00,5.000,10.355,0.324,0.324,0.000,0.000,1.0000,25.000,51.193,10.031,15.28
17251.00,5.000,10.355,0.324,0.324,0.000,0.000,1.0000,25.000,51.193,10.031,15.27
17256.00,5.000,10.355,0.324,0.324,0.000,0.000,1.0000,25.000,51.193,10.031,15.26
17261.00,5.000,10.355,0.324,0.324,0.000,0.000,1.0000,25.000,51.193,10.031,15.25
17266.00,5.000,10.355,0.324,0.324,0.000,0.000,1.0000,25.000,51.193,10.031,15.24
17271.00,5.000,10.355,0.324,0.324,0.000,0.000,1.0000,25.000,51.193,10.031,15.23
17276.00,5.000,10.355,0.324,0.324,0.000,0.000,1.0000,25.000,51.193,10.031,15.22
17281.00,5.000,10.354,0.323,0.323,0.000,0.000,1.0000,25.000,51.193,10.031,15.21
17286.00,5.000,10.354,0.323,0.323,0.000,0.000,1.0000,25.000,51.193,10.031,15.20
17291.00,5.000,10.354,0.323,0.323,0.000,0.000,1.0000,25.000,51.193,10.031,15.19
17296.00,5.000,10.354,0.323,0.323,0.000,0.000,1.0000,25.000,51.193,10.031,15.18
17301.00,5.000,10.354,0.323,0.323,0.000,0.000,1.0000,25.000,51.193,10.031,15.17
17306.00,5.000,10.354,0.323,0.323,0.000,0.000,1.0000,25.000,51.193,10.031,15.16
17311.00,5.000,10.354,0.323,0.323,0.000,0.000,1.0000,25.000,51.193,10.031,15.15
17316.00,5.000,10.353,0.322,0.322,0.000,0.000,1.0000,25.000,51.193,10.031,15.14
17321.00,5.000,10.353,0.322,0.322,0.000,0.000,1.0000,25.000,51.193,10.031,15.13
17326.00,5.000,10.353,0.322,0.322,0.000,0.000,1.0000,25.000,51.193,10.031,15.12
17331.00,5.000,10.353,0.322,0.322,0.000,0.000,1.0000,25.000,51.193,10.031,15.11
17336.00,5.000,10.353,0.322,0.322,0.000,0.000,1.0000,25.000,51.193,10.031,15.10
17341.00,5.000,10.353,0.322,0.322,0.000,0.000,1.0000,25.000,51.193,10.031,15.09
17346.00,5.000,10.353,0.322,0.322,0.000,0.000,1.0000,25.000,51.193,10.031,15.08
17351.00,5.000,10.352,0.321,0.321,0.000,0.000,1.0000,25.000,51.193,10.031,15.07
17356.00,5.000,10.352,0.321,0.321,0.000,0.000,1.0000,25.000,51.193,10.031,15.06
17361.00,5.000,10.352,0.321,0.321,0.000,0.000,1.0000,25.000,51.193,10.031,15.05
17366.00,5.000,10.352,0.321,0.321,0.000,0.000,1.0000,25.000,51.193,10.031,15.04
17371.00,5.000,10.352,0.321,0.321,0.000,0.000,1.0000,25.000,51.193,10.031,15.03
17376.00,5.000,10.352,0.321,0.321,0.000,0.000,1.0000,25.000,51.193,10.031,15.02
17381.00,5.000,10.352,0.321,0.321,0.000,0.000,1.0000,25.000,51.193,10.031,15.01
17386.00,5.000,10.351,0.320,0.320,0.000,0.000,1.0000,25.000,51.193,10.031,15.00
17391.00,5.000,10.351,0.320,0.320,0.000,0.000,1.0000,25.000,51.193,10.031,14.99
17396.00,5.000,10.351,0.320,0.320,0.000,0.000,1.0000,25.000,51.193,10.031,14.98
17401.00,5.000,10.351,0.320,0.320,0.000,0.000,1.0000,25.000,51.193,10.031,14.97
17406.00,5.000,10.351,0.320,0.320,0.000,0.000,1.0000,25.000,51.193,10.031,14.96
17411.00,5.000,10.351,0.320,0.320,0.000,0.000,1.0000,25.000,51.193,10.031,14.95
17416.00,5.000,10.351,0.320,0.320,0.000,0.000,1.0000,25.000,51.193,10.031,14.94
17421.00,5.000,10.350,0.319,0.319,0.000,0.000,1.0000,25.000,51.193,10.031,14.93
17426.00,5.000,10.350,0.319,0.319,0.000,0.000,1.0000,25.000,51.193,10.031,14.92
17431.00,5.000,10.350,0.319,0.319,0.000,0.000,1.0000,25.000,51.193,10.031,14.91
17436.00,5.000,10.350,0.319,0.319,0.000,0.000,1.0000,25.000,51.193,10.031,14.90
17441.00,5.000,10.350,0.319,0.319,0.000,0.000,1.0000,25.000,51.193,10.031,14.89
17446.00,5.000,10.350,0.319,0.319,0.000,0.000,1.0000,25.000,51.193,10.031,14.88
17451.00,5.000,10.350,0.319,0.319,0.000,0.000,1.0000,25.000,51.193,10.031,14.87
17456.00,5.000,10.349,0.319,0.319,0.000,0.000,1.0000,25.000,51.193,10.031,14.86
17461.00,5.000,10.349,0.318,0.318,0.000,0.000,1.0000,25.000,51.193,10.031,14.85
17466.00,5.000,10.349,0.318,0.318,0.000,0.000,1.0000,25.000,51.193,10.031,14.84
17471.00,5.000,10.349,0.318,0.318,0.000,0.000,1.0000,25.000,51.193,10.031,14.83
17476.00,5.000,10.349,0.318,0.318,0.000,0.000,1.0000,25.000,51.193,10.031,14.82
17481.00,5.000,10.349,0.318,0.318,0.000,0.000,1.0000,25.000,51.193,10.031,14.81
17486.00,5.000,10.349,0.318,0.318,0.000,0.000,1.0000,25.000,51.193,10.031,14.80
17491.00,5.000,10.348,0.318,0.318,0.000,0.000,1.0000,25.000,51.193,10.031,14.79
17496.00,5.000,10.348,0.317,0.317,0.000,0.000,1.0000,25.000,51.193,10.031,14.78
17501.00,5.000,10.348,0.317,0.317,0.000,0.000,1.0000,25.000,51.193,10.031,14.77
17506.00,5.000,10.348,0.317,0.317,0.000,0.000,1.0000,25.000,51.193,10.031,14.76
17511.00,5.000,10.348,0.317,0.317,0.000,0.000,1.0000,25.000,51.193,10.031,14.75
17516.00,5.000,10.348,0.317,0.317,0.000,0.000,1.0000,25.000,51.193,10.031,14.74
17521.00,5.000,10.348,0.317,0.317,0.000,0.000,1.0000,25.000,51.193,10.031,14.73
17526.00,5.000,10.348,0.317,0.317,0.000,0.000,1.0000,25.000,51.193,10.031,14.72
17531.00,5.000,10.347,0.316,0.316,0.000,0.000,1.0000,25.000,51.193,10.031,14.71
17536.00,5.000,10.347,0.316,0.316,0.000,0.000,1.0000,25.000,51.193,10.031,14.70
17541.00,5.000,10.347,0.316,0.316,0.000,0.000,1.0000,25.000,51.193,10.031,14.69
17546.00,5.000,10.347,0.316,0.316,0.000,0.000,1.0000,25.000,51.193,10.031,14.68
17551.00,5.000,10.347,0.316,0.316,0.000,0.000,1.0000,25.000,51.193,10.031,14.68
17556.00,5.000,10.347,0.316,0.316,0.000,0.000,1.0000,25.000,51.193,10.031,14.67
17561.00,5.000,10.347,0.316,0.316,0.000,0.000,1.0000,25.000,51.193,10.031,14.66
17566.00,5.000,10.346,0.315,0.315,0.000,0.000,1.0000,25.000,51.193,10.031,14.65
17571.00,5.000,10.346,0.315,0.315,0.000,0.000,1.0000,25.000,51.193,10.031,14.64
17576.00,5.000,10.346,0.315,0.315,0.000,0.000,1.0000,25.000,51.193,10.031,14.63
17581.00,5.000,10.346,0.315,0.315,0.000,0.000,1.0000,25.000,51.193,10.031,14.62
17586.00,5.000,10.346,0.315,0.315,0.000,0.000,1.0000,25.000,51.193,10.031,14.61
17591.00,5.000,10.346,0.315,0.315,0.000,0.000,1.0000,25.000,51.193,10.031,14.60
17596.00,5.000,10.346,0.315,0.315,0.000,0.000,1.0000,25.000,51.193,10.031,14.59
17601.00,5.000,10.345,0.315,0.315,0.000,0.000,1.0000,25.000,51.193,10.031,14.58
17606.00,5.000,10.345,0.314,0.314,0.000,0.000,1.0000,25.000,51.193,10.031,14.57
17611.00,5.000,10.345,0.314,0.314,0.000,0.000,1.0000,25.000,51.193,10.031,14.56
17616.00,5.000,10.345,0.314,0.314,0.000,0.000,1.0000,25.000,51.193,10.031,14.55
17621.00,5.000,10.345,0.314,0.314,0.000,0.000,1.0000,25.000,51.193,10.031,14.54
17626.00,5.000,10.345,0.314,0.314,0.000,0.000,1.0000,25.000,51.193,10.031,14.53
17631.00,5.000,10.345,0.314,0.314,0.000,0.000,1.0000,25.000,51.193,10.031,14.52
17636.00,5.000,10.345,0.314,0.314,0.000,0.000,1.0000,25.000,51.193,10.031,14.51
17641.00,5.000,10.344,0.313,0.313,0.000,0.000,1.0000,25.000,51.193,10.031,14.50
17646.00,5.000,10.344,0.313,0.313,0.000,0.000,1.0000,25.000,51.193,10.031,14.49
17651.00,5.000,10.344,0.313,0.313,0.000,0.000,1.0000,25.000,51.193,10.031,14.49
17656.00,5.000,10.344,0.313,0.313,0.000,0.000,1.0000,25.000,51.193,10.031,14.48
17661.00,5.000,10.344,0.313,0.313,0.000,0.000,1.0000,25.000,51.193,10.031,14.47
17666.00,5.000,10.344,0.313,0.313,0.000,0.000,1.0000,25.000,51.193,10.031,14.46
17671.00,5.000,10.344,0.313,0.313,0.000,0.000,1.0000,25.000,51.193,10.031,14.45
17676.00,5.000,10.343,0.312,0.312,0.000,0.000,1.0000,25.000,51.193,10.031,14.44
17681.00,5.000,10.343,0.312,0.312,0.000,0.000,1.0000,25.000,51.193,10.031,14.43
17686.00,5.000,10.343,0.312,0.312,0.000,0.000,1.0000,25.000,51.193,10.031,14.42
17691.00,5.000,10.343,0.312,0.312,0.000,0.000,1.0000,25.000,51.193,10.031,14.41
17696.00,5.000,10.343,0.312,0.312,0.000,0.000,1.0000,25.000,51.193,10.031,14.40
17701.00,5.000,10.343,0.312,0.312,0.000,0.000,1.0000,25.000,51.193,10.031,14.39
17706.00,5.000,10.343,0.312,0.312,0.000,0.000,1.0000,25.000,51.193,10.031,14.38
17711.00,5.000,10.343,0.312,0.312,0.000,0.000,1.0000,25.000,51.193,10.031,14.37
17716.00,5.000,10.342,0.311,0.311,0.000,0.000,1.0000,25.000,51.193,10.031,14.36
17721.00,5.000,10.342,0.311,0.311,0.000,0.000,1.0000,25.000,51.193,10.031,14.35
17726.00,5.000,10.342,0.311,0.311,0.000,0.000,1.0000,25.000,51.193,10.031,14.35
17731.00,5.000,10.342,0.311,0.311,0.000,0.000,1.0000,25.000,51.193,10.031,14.34
17736.00,5.000,10.342,0.311,0.311,0.000,0.000,1.0000,25.000,51.193,10.031,14.33
17741.00,5.000,10.342,0.311,0.311,0.000,0.000,1.0000,25.000,51.193,10.031,14.32
17746.00,5.000,10.342,0.311,0.311,0.000,0.000,1.0000,25.000,51.193,10.031,14.31
17751.00,5.000,10.341,0.311,0.311,0.000,0.000,1.0000,25.000,51.193,10.031,14.30
17756.00,5.000,10.341,0.310,0.310,0.000,0.000,1.0000,25.000,51.193,10.031,14.29
17761.00,5.000,10.341,0.310,0.310,0.000,0.000,1.0000,25.000,51.193,10.031,14.28
17766.00,5.000,10.341,0.310,0.310,0.000,0.000,1.0000,25.000,51.193,10.031,14.27
17771.00,5.000,10.341,0.310,0.310,0.000,0.000,1.0000,25.000,51.193,10.031,14.26
17776.00,5.000,10.341,0.310,0.310,0.000,0.000,1.0000,25.000,51.193,10.031,14.25
17781.00,5.000,10.341,0.310,0.310,0.000,0.000,1.0000,25.000,51.193,10.031,14.25
17786.00,5.000,10.341,0.310,0.310,0.000,0.000,1.0000,25.000,51.193,10.031,14.24
17791.00,5.000,10.340,0.309,0.309,0.000,0.000,1.0000,25.000,51.193,10.031,14.23
17796.00,5.000,10.340,0.309,0.309,0.000,0.000,1.0000,25.000,51.193,10.031,14.22
17801.00,5.000,10.340,0.309,0.309,0.000,0.000,1.0000,25.000,51.193,10.031,14.21
17806.00,5.000,10.340,0.309,0.309,0.000,0.000,1.0000,25.000,51.193,10.031,14.20
17811.00,5.000,10.340,0.309,0.309,0.000,0.000,1.0000,25.000,51.193,10.031,14.19
17816.00,5.000,10.340,0.309,0.309,0.000,0.000,1.0000,25.000,51.193,10.031,14.18
17821.00,5.000,10.340,0.309,0.309,0.000,0.000,1.0000,25.000,51.193,10.031,14.17
17826.00,5.000,10.339,0.309,0.309,0.000,0.000,1.0000,25.000,51.193,10.031,14.16
17831.00,5.000,10.339,0.308,0.308,0.000,0.000,1.0000,25.000,51.193,10.031,14.15
17836.00,5.000,10.339,0.308,0.308,0.000,0.000,1.0000,25.000,51.193,10.031,14.15
17841.00,5.000,10.339,0.308,0.308,0.000,0.000,1.0000,25.000,51.193,10.031,14.14
17846.00,5.000,10.339,0.308,0.308,0.000,0.000,1.0000,25.000,51.193,10.031,14.13
17851.00,5.000,10.339,0.308,0.308,0.000,0.000,1.0000,25.000,51.193,10.031,14.12
17856.00,5.000,10.339,0.308,0.308,0.000,0.000,1.0000,25.000,51.193,10.031,14.11
17861.00,5.000,10.339,0.308,0.308,0.000,0.000,1.0000,25.000,51.193,10.031,14.10
17866.00,5.000,10.338,0.308,0.308,0.000,0.000,1.0000,25.000,51.193,10.031,14.09
17871.00,5.000,10.338,0.307,0.307,0.000,0.000,1.0000,25.000,51.193,10.031,14.08
17876.00,5.000,10.338,0.307,0.307,0.000,0.000,1.0000,25.000,51.193,10.031,14.07
17881.00,5.000,10.338,0.307,0.307,0.000,0.000,1.0000,25.000,51.193,10.031,14.07
17886.00,5.000,10.338,0.307,0.307,0.000,0.000,1.0000,25.000,51.193,10.031,14.06
17891.00,5.000,10.338,0.307,0.307,0.000,0.000,1.0000,25.000,51.193,10.031,14.05
17896.00,5.000,10.338,0.307,0.307,0.000,0.000,1.0000,25.000,51.193,10.031,14.04
17901.00,5.000,10.338,0.307,0.307,0.000,0.000,1.0000,25.000,51.193,10.031,14.03
17906.00,5.000,10.337,0.306,0.306,0.000,0.000,1.0000,25.000,51.193,10.031,14.02
17911.00,5.000,10.337,0.306,0.306,0.000,0.000,1.0000,25.000,51.193,10.031,14.01
17916.00,5.000,10.337,0.306,0.306,0.000,0.000,1.0000,25.000,51.193,10.031,14.00
17921.00,5.000,10.337,0.306,0.306,0.000,0.000,1.0000,25.000,51.193,10.031,13.99
17926.00,5.000,10.337,0.306,0.306,0.000,0.000,1.0000,25.000,51.193,10.031,13.99
17931.00,5.000,10.337,0.306,0.306,0.000,0.000,1.0000,25.000,51.193,10.031,13.98
17936.00,5.000,10.337,0.306,0.306,0.000,0.000,1.0000,25.000,51.193,10.031,13.97
17941.00,5.000,10.337,0.306,0.306,0.000,0.000,1.0000,25.000,51.193,10.031,13.96
17946.00,5.000,10.336,0.305,0.305,0.000,0.000,1.0000,25.000,51.193,10.031,13.95
17951.00,5.000,10.336,0.305,0.305,0.000,0.000,1.0000,25.000,51.193,10.031,13.94
17956.00,5.000,10.336,0.305,0.305,0.000,0.000,1.0000,25.000,51.193,10.031,13.93
17961.00,5.000,10.336,0.305,0.305,0.000,0.000,1.0000,25.000,51.193,10.031,13.92
17966.00,5.000,10.336,0.305,0.305,0.000,0.000,1.0000,25.000,51.193,10.031,13.92
17971.00,5.000,10.336,0.305,0.305,0.000,0.000,1.0000,25.000,51.193,10.031,13.91
17976.00,5.000,10.336,0.305,0.305,0.000,0.000,1.0000,25.000,51.193,10.031,13.90
17981.00,5.000,10.336,0.305,0.305,0.000,0.000,1.0000,25.000,51.193,10.031,13.89
17986.00,5.000,10.335,0.304,0.304,0.000,0.000,1.0000,25.000,51.193,10.031,13.88
17991.00,5.000,10.335,0.304,0.304,0.000,0.000,1.0000,25.000,51.193,10.031,13.87
17996.00,5.000,10.335,0.304,0.304,0.000,0.000,1.0000,25.000,51.193,10.031,13.86
18001.00,5.000,10.335,0.304,0.304,0.000,0.000,1.0000,25.000,51.193,10.031,13.86
18006.00,5.000,10.335,0.304,0.304,0.000,0.000,1.0000,25.000,51.193,10.031,13.85
18011.00,5.000,10.335,0.304,0.304,0.000,0.000,1.0000,25.000,51.193,10.031,13.84
18016.00,5.000,10.335,0.304,0.304,0.000,0.000,1.0000,25.000,51.193,10.031,13.83
18021.00,5.000,10.335,0.304,0.304,0.000,0.000,1.0000,25.000,51.193,10.031,13.82
18026.00,5.000,10.334,0.303,0.303,0.000,0.000,1.0000,25.000,51.193,10.031,13.81
18031.00,5.000,10.334,0.303,0.303,0.000,0.000,1.0000,25.000,51.193,10.031,13.80
18036.00,5.000,10.334,0.303,0.303,0.000,0.000,1.0000,25.000,51.193,10.031,13.80
18041.00,5.000,10.334,0.303,0.303,0.000,0.000,1.0000,25.000,51.193,10.031,13.79
18046.00,5.000,10.334,0.303,0.303,0.000,0.000,1.0000,25.000,51.193,10.031,13.78
18051.00,5.000,10.334,0.303,0.303,0.000,0.000,1.0000,25.000,51.193,10.031,13.77
18056.00,5.000,10.334,0.303,0.303,0.000,0.000,1.0000,25.000,51.193,10.031,13.76
18061.00,5.000,10.334,0.303,0.303,0.000,0.000,1.0000,25.000,51.193,10.031,13.75
18066.00,5.000,10.333,0.302,0.302,0.000,0.000,1.0000,25.000,51.193,10.031,13.74
18071.00,5.000,10.333,0.302,0.302,0.000,0.000,1.0000,25.000,51.193,10.031,13.74
18076.00,5.000,10.333,0.302,0.302,0.000,0.000,1.0000,25.000,51.193,10.031,13.73
18081.00,5.000,10.333,0.302,0.302,0.000,0.000,1.0000,25.000,51.193,10.031,13.72
18086.00,5.000,10.333,0.302,0.302,0.000,0.000,1.0000,25.000,51.193,10.031,13.71
18091.00,5.000,10.333,0.302,0.302,0.000,0.000,1.0000,25.000,51.193,10.031,13.70
18096.00,5.000,10.333,0.302,0.302,0.000,0.000,1.0000,25.000,51.193,10.031,13.69
18101.00,5.000,10.333,0.302,0.302,0.000,0.000,1.0000,25.000,51.193,10.031,13.68
18106.00,5.000,10.332,0.301,0.301,0.000,0.000,1.0000,25.000,51.193,10.031,13.68
18111.00,5.000,10.332,0.301,0.301,0.000,0.000,1.0000,25.000,51.193,10.031,13.67
18116.00,5.000,10.332,0.301,0.301,0.000,0.000,1.0000,25.000,51.193,10.031,13.66
18121.00,5.000,10.332,0.301,0.301,0.000,0.000,1.0000,25.000,51.193,10.031,13.65
18126.00,5.000,10.332,0.301,0.301,0.000,0.000,1.0000,25.000,51.193,10.031,13.64
18131.00,5.000,10.332,0.301,0.301,0.000,0.000,1.0000,25.000,51.193,10.031,13.63
18136.00,5.000,10.332,0.301,0.301,0.000,0.000,1.0000,25.000,51.193,10.031,13.63
18141.00,5.000,10.332,0.301,0.301,0.000,0.000,1.0000,25.000,51.193,10.031,13.62
18146.00,5.000,10.331,0.300,0.300,0.000,0.000,1.0000,25.000,51.193,10.031,13.61
18151.00,5.000,10.331,0.300,0.300,0.000,0.000,1.0000,25.000,51.193,10.031,13.60
18156.00,5.000,10.331,0.300,0.300,0.000,0.000,1.0000,25.000,51.193,10.031,13.59
18161.00,5.000,10.331,0.300,0.300,0.000,0.000,1.0000,25.000,51.193,10.031,13.58
18166.00,5.000,10.331,0.300,0.300,0.000,0.000,1.0000,25.000,51.193,10.031,13.58
18171.00,5.000,10.331,0.300,0.300,0.000,0.000,1.0000,25.000,51.193,10.031,13.57
18176.00,5.000,10.331,0.300,0.300,0.000,0.000,1.0000,25.000,51.193,10.031,13.56
18181.00,5.000,10.331,0.300,0.300,0.000,0.000,1.0000,25.000,51.193,10.031,13.55
18186.00,5.000,10.330,0.300,0.300,0.000,0.000,1.0000,25.000,51.193,10.031,13.54
18191.00,5.000,10.330,0.299,0.299,0.000,0.000,1.0000,25.000,51.193,10.031,13.53
18196.00,5.000,10.330,0.299,0.299,0.000,0.000,1.0000,25.000,51.193,10.031,13.53
18201.00,5.000,10.330,0.299,0.299,0.000,0.000,1.0000,25.000,51.193,10.031,13.52
18206.00,5.000,10.330,0.299,0.299,0.000,0.000,1.0000,25.000,51.193,10.031,13.51
18211.00,5.000,10.330,0.299,0.299,0.000,0.000,1.0000,25.000,51.193,10.031,13.50
18216.00,5.000,10.330,0.299,0.299,0.000,0.000,1.0000,25.000,51.193,10.031,13.49
18221.00,5.000,10.330,0.299,0.299,0.000,0.000,1.0000,25.000,51.193,10.031,13.49
18226.00,5.000,10.329,0.299,0.299,0.000,0.000,1.0000,25.000,51.193,10.031,13.48
18231.00,5.000,10.329,0.298,0.298,0.000,0.000,1.0000,25.000,51.193,10.031,13.47
18236.00,5.000,10.329,0.298,0.298,0.000,0.000,1.0000,25.000,51.193,10.031,13.46
18241.00,5.000,10.329,0.298,0.298,0.000,0.000,1.0000,25.000,51.193,10.031,13.45
18246.00,5.000,10.329,0.298,0.298,0.000,0.000,1.0000,25.000,51.193,10.031,13.44
18251.00,5.000,10.329,0.298,0.298,0.000,0.000,1.0000,25.000,51.193,10.031,13.44
18256.00,5.000,10.329,0.298,0.298,0.000,0.000,1.0000,25.000,51.193,10.031,13.43
18261.00,5.000,10.329,0.298,0.298,0.000,0.000,1.0000,25.000,51.193,10.031,13.42
18266.00,5.000,10.329,0.298,0.298,0.000,0.000,1.0000,25.000,51.193,10.031,13.41
18271.00,5.000,10.328,0.297,0.297,0.000,0.000,1.0000,25.000,51.193,10.031,13.40
18276.00,5.000,10.328,0.297,0.297,0.000,0.000,1.0000,25.000,51.193,10.031,13.40
18281.00,5.000,10.328,0.297,0.297,0.000,0.000,1.0000,25.000,51.193,10.031,13.39
18286.00,5.000,10.328,0.297,0.297,0.000,0.000,1.0000,25.000,51.193,10.031,13.38
18291.00,5.000,10.328,0.297,0.297,0.000,0.000,1.0000,25.000,51.193,10.031,13.37
18296.00,5.000,10.328,0.297,0.297,0.000,0.000,1.0000,25.000,51.193,10.031,13.36
18301.00,5.000,10.328,0.297,0.297,0.000,0.000,1.0000,25.000,51.193,10.031,13.36
18306.00,5.000,10.328,0.297,0.297,0.000,0.000,1.0000,25.000,51.193,10.031,13.35
18311.00,5.000,10.327,0.297,0.297,0.000,0.000,1.0000,25.000,51.193,10.031,13.34
18316.00,5.000,10.327,0.296,0.296,0.000,0.000,1.0000,25.000,51.193,10.031,13.33
18321.00,5.000,10.327,0.296,0.296,0.000,0.000,1.0000,25.000,51.193,10.031,13.32
18326.00,5.000,10.327,0.296,0.296,0.000,0.000,1.0000,25.000,51.193,10.031,13.32
18331.00,5.000,10.327,0.296,0.296,0.000,0.000,1.0000,25.000,51.193,10.031,13.31
18336.00,5.000,10.327,0.296,0.296,0.000,0.000,1.0000,25.000,51.193,10.031,13.30
18341.00,5.000,10.327,0.296,0.296,0.000,0.000,1.0000,25.000,51.193,10.031,13.29
18346.00,5.000,10.327,0.296,0.296,0.000,0.000,1.0000,25.000,51.193,10.031,13.28
18351.00,5.000,10.327,0.296,0.296,0.000,0.000,1.0000,25.000,51.193,10.031,13.28
18356.00,5.000,10.326,0.295,0.295,0.000,0.000,1.0000,25.000,51.193,10.031,13.27
18361.00,5.000,10.326,0.295,0.295,0.000,0.000,1.0000,25.000,51.193,10.031,13.26
18366.00,5.000,10.326,0.295,0.295,0.000,0.000,1.0000,25.000,51.193,10.031,13.25
18371.00,5.000,10.326,0.295,0.295,0.000,0.000,1.0000,25.000,51.193,10.031,13.24
18376.00,5.000,10.326,0.295,0.295,0.000,0.000,1.0000,25.000,51.193,10.031,13.24
18381.00,5.000,10.326,0.295,0.295,0.000,0.000,1.0000,25.000,51.193,10.031,13.23
18386.00,5.000,10.326,0.295,0.295,0.000,0.000,1.0000,25.000,51.193,10.031,13.22
18391.00,5.000,10.326,0.295,0.295,0.000,0.000,1.0000,25.000,51.193,10.031,13.21
18396.00,5.000,10.325,0.295,0.295,0.000,0.000,1.0000,25.000,51.193,10.031,13.20
18401.00,5.000,10.325,0.294,0.294,0.000,0.000,1.0000,25.000,51.193,10.031,13.20
18406.00,5.000,10.325,0.294,0.294,0.000,0.000,1.0000,25.000,51.193,10.031,13.19
18411.00,5.000,10.325,0.294,0.294,0.000,0.000,1.0000,25.000,51.193,10.031,13.18
18416.00,5.000,10.325,0.294,0.294,0.000,0.000,1.0000,25.000,51.193,10.031,13.17
18421.00,5.000,10.325,0.294,0.294,0.000,0.000,1.0000,25.000,51.193,10.031,13.16
18426.00,5.000,10.325,0.294,0.294,0.000,0.000,1.0000,25.000,51.193,10.031,13.16
18431.00,5.000,10.325,0.294,0.294,0.000,0.000,1.0000,25.000,51.193,10.031,13.15
18436.00,5.000,10.325,0.294,0.294,0.000,0.000,1.0000,25.000,51.193,10.031,13.14
18441.00,5.000,10.324,0.293,0.293,0.000,0.000,1.0000,25.000,51.193,10.031,13.13
18446.00,5.000,10.324,0.293,0.293,0.000,0.000,1.0000,25.000,51.193,10.031,13.13
18451.00,5.000,10.324,0.293,0.293,0.000,0.000,1.0000,25.000,51.193,10.031,13.12
18456.00,5.000,10.324,0.293,0.293,0.000,0.000,1.0000,25.000,51.193,10.031,13.11
18461.00,5.000,10.324,0.293,0.293,0.000,0.000,1.0000,25.000,51.193,10.031,13.10
18466.00,5.000,10.324,0.293,0.293,0.000,0.000,1.0000,25.000,51.193,10.031,13.09
18471.00,5.000,10.324,0.293,0.293,0.000,0.000,1.0000,25.000,51.193,10.031,13.09
18476.00,5.000,10.324,0.293,0.293,0.000,0.000,1.0000,25.000,51.193,10.031,13.08
18481.00,5.000,10.324,0.293,0.293,0.000,0.000,1.0000,25.000,51.193,10.031,13.07
18486.00,5.000,10.323,0.292,0.292,0.000,0.000,1.0000,25.000,51.193,10.031,13.06
18491.00,5.000,10.323,0.292,0.292,0.000,0.000,1.0000,25.000,51.193,10.031,13.06
18496.00,5.000,10.323,0.292,0.292,0.000,0.000,1.0000,25.000,51.193,10.031,13.05
18501.00,5.000,10.323,0.292,0.292,0.000,0.000,1.0000,25.000,51.193,10.031,13.04
18506.00,5.000,10.323,0.292,0.292,0.000,0.000,1.0000,25.000,51.193,10.031,13.03
18511.00,5.000,10.323,0.292,0.292,0.000,0.000,1.0000,25.000,51.193,10.031,13.03
18516.00,5.000,10.323,0.292,0.292,0.000,0.000,1.0000,25.000,51.193,10.031,13.02
18521.00,5.000,10.323,0.292,0.292,0.000,0.000,1.0000,25.000,51.193,10.031,13.01
18526.00,5.000,10.322,0.292,0.292,0.000,0.000,1.0000,25.000,51.193,10.031,13.00
18531.00,5.000,10.322,0.291,0.291,0.000,0.000,1.0000,25.000,51.193,10.031,12.99
18536.00,5.000,10.322,0.291,0.291,0.000,0.000,1.0000,25.000,51.193,10.031,12.99
18541.00,5.000,10.322,0.291,0.291,0.000,0.000,1.0000,25.000,51.193,10.031,12.98
18546.00,5.000,10.322,0.291,0.291,0.000,0.000,1.0000,25.000,51.193,10.031,12.97
18551.00,5.000,10.322,0.291,0.291,0.000,0.000,1.0000,25.000,51.193,10.031,12.96
18556.00,5.000,10.322,0.291,0.291,0.000,0.000,1.0000,25.000,51.193,10.031,12.96
18561.00,5.000,10.322,0.291,0.291,0.000,0.000,1.0000,25.000,51.193,10.031,12.95
18566.00,5.000,10.322,0.291,0.291,0.000,0.000,1.0000,25.000,51.193,10.031,12.94
18571.00,5.000,10.321,0.291,0.291,0.000,0.000,1.0000,25.000,51.193,10.031,12.93
18576.00,5.000,10.321,0.290,0.290,0.000,0.000,1.0000,25.000,51.193,10.031,12.93
18581.00,5.000,10.321,0.290,0.290,0.000,0.000,1.0000,25.000,51.193,10.031,12.92
18586.00,5.000,10.321,0.290,0.290,0.000,0.000,1.0000,25.000,51.193,10.031,12.91
18591.00,5.000,10.321,0.290,0.290,0.000,0.000,1.0000,25.000,51.193,10.031,12.90
18596.00,5.000,10.321,0.290,0.290,0.000,0.000,1.0000,25.000,51.193,10.031,12.90
18601.00,5.000,10.321,0.290,0.290,0.000,0.000,1.0000,25.000,51.193,10.031,12.89
18606.00,5.000,10.321,0.290,0.290,0.000,0.000,1.0000,25.000,51.193,10.031,12.88
18611.00,5.000,10.321,0.290,0.290,0.000,0.000,1.0000,25.000,51.193,10.031,12.87
18616.00,5.000,10.320,0.290,0.290,0.000,0.000,1.0000,25.000,51.193,10.031,12.87
18621.00,5.000,10.320,0.289,0.289,0.000,0.000,1.0000,25.000,51.193,10.031,12.86
18626.00,5.000,10.320,0.289,0.289,0.000,0.000,1.0000,25.000,51.193,10.031,12.85
18631.00,5.000,10.320,0.289,0.289,0.000,0.000,1.0000,25.000,51.193,10.031,12.84
18636.00,5.000,10.320,0.289,0.289,0.000,0.000,1.0000,25.000,51.193,10.031,12.84
18641.00,5.000,10.320,0.289,0.289,0.000,0.000,1.0000,25.000,51.193,10.031,12.83
18646.00,5.000,10.320,0.289,0.289,0.000,0.000,1.0000,25.000,51.193,10.031,12.82
18651.00,5.000,10.320,0.289,0.289,0.000,0.000,1.0000,25.000,51.193,10.031,12.81
18656.00,5.000,10.320,0.289,0.289,0.000,0.000,1.0000,25.000,51.193,10.031,12.81
18661.00,5.000,10.319,0.289,0.289,0.000,0.000,1.0000,25.000,51.193,10.031,12.80
18666.00,5.000,10.319,0.288,0.288,0.000,0.000,1.0000,25.000,51.193,10.031,12.79
18671.00,5.000,10.319,0.288,0.288,0.000,0.000,1.0000,25.000,51.193,10.031,12.78
18676.00,5.000,10.319,0.288,0.288,0.000,0.000,1.0000,25.000,51.193,10.031,12.78
18681.00,5.000,10.319,0.288,0.288,0.000,0.000,1.0000,25.000,51.193,10.031,12.77
18686.00,5.000,10.319,0.288,0.288,0.000,0.000,1.0000,25.000,51.193,10.031,12.76
18691.00,5.000,10.319,0.288,0.288,0.000,0.000,1.0000,25.000,51.193,10.031,12.75
18696.00,5.000,10.319,0.288,0.288,0.000,0.000,1.0000,25.000,51.193,10.031,12.75
18701.00,5.000,10.319,0.288,0.288,0.000,0.000,1.0000,25.000,51.193,10.031,12.74
18706.00,5.000,10.318,0.288,0.288,0.000,0.000,1.0000,25.000,51.193,10.031,12.73
18711.00,5.000,10.318,0.287,0.287,0.000,0.000,1.0000,25.000,51.193,10.031,12.73
18716.00,5.000,10.318,0.287,0.287,0.000,0.000,1.0000,25.000,51.193,10.031,12.72
18721.00,5.000,10.318,0.287,0.287,0.000,0.000,1.0000,25.000,51.193,10.031,12.71
18726.00,5.000,10.318,0.287,0.287,0.000,0.000,1.0000,25.000,51.193,10.031,12.70
18731.00,5.000,10.318,0.287,0.287,0.000,0.000,1.0000,25.000,51.193,10.031,12.70
18736.00,5.000,10.318,0.287,0.287,0.000,0.000,1.0000,25.000,51.193,10.031,12.69
18741.00,5.000,10.318,0.287,0.287,0.000,0.000,1.0000,25.000,51.193,10.031,12.68
18746.00,5.000,10.318,0.287,0.287,0.000,0.000,1.0000,25.000,51.193,10.031,12.67
18751.00,5.000,10.317,0.287,0.287,0.000,0.000,1.0000,25.000,51.193,10.031,12.67
18756.00,5.000,10.317,0.286,0.286,0.000,0.000,1.0000,25.000,51.193,10.031,12.66
18761.00,5.000,10.317,0.286,0.286,0.000,0.000,1.0000,25.000,51.193,10.031,12.65
18766.00,5.000,10.317,0.286,0.286,0.000,0.000,1.0000,25.000,51.193,10.031,12.65
18771.00,5.000,10.317,0.286,0.286,0.000,0.000,1.0000,25.000,51.193,10.031,12.64
18776.00,5.000,10.317,0.286,0.286,0.000,0.000,1.0000,25.000,51.193,10.031,12.63
18781.00,5.000,10.317,0.286,0.286,0.000,0.000,1.0000,25.000,51.193,10.031,12.62
18786.00,5.000,10.317,0.286,0.286,0.000,0.000,1.0000,25.000,51.193,10.031,12.62
18791.00,5.000,10.317,0.286,0.286,0.000,0.000,1.0000,25.000,51.193,10.031,12.61
18796.00,5.000,10.316,0.286,0.286,0.000,0.000,1.0000,25.000,51.193,10.031,12.60
18801.00,5.000,10.316,0.285,0.285,0.000,0.000,1.0000,25.000,51.193,10.031,12.60
18806.00,5.000,10.316,0.285,0.285,0.000,0.000,1.0000,25.000,51.193,10.031,12.59
18811.00,5.000,10.316,0.285,0.285,0.000,0.000,1.0000,25.000,51.193,10.031,12.58
18816.00,5.000,10.316,0.285,0.285,0.000,0.000,1.0000,25.000,51.193,10.031,12.57
18821.00,5.000,10.316,0.285,0.285,0.000,0.000,1.0000,25.000,51.193,10.031,12.57
18826.00,5.000,10.316,0.285,0.285,0.000,0.000,1.0000,25.000,51.193,10.031,12.56
18831.00,5.000,10.316,0.285,0.285,0.000,0.000,1.0000,25.000,51.193,10.031,12.55
18836.00,5.000,10.316,0.285,0.285,0.000,0.000,1.0000,25.000,51.193,10.031,12.55
18841.00,5.000,10.316,0.285,0.285,0.000,0.000,1.0000,25.000,51.193,10.031,12.54
18846.00,5.000,10.315,0.284,0.284,0.000,0.000,1.0000,25.000,51.193,10.031,12.53
18851.00,5.000,10.315,0.284,0.284,0.000,0.000,1.0000,25.000,51.193,10.031,12.52
18856.00,5.000,10.315,0.284,0.284,0.000,0.000,1.0000,25.000,51.193,10.031,12.52
18861.00,5.000,10.315,0.284,0.284,0.000,0.000,1.0000,25.000,51.193,10.031,12.51
18866.00,5.000,10.315,0.284,0.284,0.000,0.000,1.0000,25.000,51.193,10.031,12.50
18871.00,5.000,10.315,0.284,0.284,0.000,0.000,1.0000,25.000,51.193,10.031,12.50
18876.00,5.000,10.315,0.284,0.284,0.000,0.000,1.0000,25.000,51.193,10.031,12.49
18881.00,5.000,10.315,0.284,0.284,0.000,0.000,1.0000,25.000,51.193,10.031,12.48
18886.00,5.000,10.315,0.284,0.284,0.000,0.000,1.0000,25.000,51.193,10.031,12.47
18891.00,5.000,10.314,0.284,0.284,0.000,0.000,1.0000,25.000,51.193,10.031,12.47
18896.00,5.000,10.314,0.283,0.283,0.000,0.000,1.0000,25.000,51.193,10.031,12.46
18901.00,5.000,10.314,0.283,0.283,0.000,0.000,1.0000,25.000,51.193,10.031,12.45
18906.00,5.000,10.314,0.283,0.283,0.000,0.000,1.0000,25.000,51.193,10.031,12.45
18911.00,5.000,10.314,0.283,0.283,0.000,0.000,1.0000,25.000,51.193,10.031,12.44
18916.00,5.000,10.314,0.283,0.283,0.000,0.000,1.0000,25.000,51.193,10.031,12.43
18921.00,5.000,10.314,0.283,0.283,0.000,0.000,1.0000,25.000,51.193,10.031,12.43
18926.00,5.000,10.314,0.283,0.283,0.000,0.000,1.0000,25.000,51.193,10.031,12.42
18931.00,5.000,10.314,0.283,0.283,0.000,0.000,1.0000,25.000,51.193,10.031,12.41
18936.00,5.000,10.314,0.283,0.283,0.000,0.000,1.0000,25.000,51.193,10.031,12.40
18941.00,5.000,10.313,0.282,0.282,0.000,0.000,1.0000,25.000,51.193,10.031,12.40
18946.00,5.000,10.313,0.282,0.282,0.000,0.000,1.0000,25.000,51.193,10.031,12.39
18951.00,5.000,10.313,0.282,0.282,0.000,0.000,1.0000,25.000,51.193,10.031,12.38
18956.00,5.000,10.313,0.282,0.282,0.000,0.000,1.0000,25.000,51.193,10.031,12.38
18961.00,5.000,10.313,0.282,0.282,0.000,0.000,1.0000,25.000,51.193,10.031,12.37
18966.00,5.000,10.313,0.282,0.282,0.000,0.000,1.0000,25.000,51.193,10.031,12.36
18971.00,5.000,10.313,0.282,0.282,0.000,0.000,1.0000,25.000,51.193,10.031,12.36
18976.00,5.000,10.313,0.282,0.282,0.000,0.000,1.0000,25.000,51.193,10.031,12.35
18981.00,5.000,10.313,0.282,0.282,0.000,0.000,1.0000,25.000,51.193,10.031,12.34
18986.00,5.000,10.312,0.282,0.282,0.000,0.000,1.0000,25.000,51.193,10.031,12.34
18991.00,5.000,10.312,0.281,0.281,0.000,0.000,1.0000,25.000,51.193,10.031,12.33
18996.00,5.000,10.312,0.281,0.281,0.000,0.000,1.0000,25.000,51.193,10.031,12.32
19001.00,5.000,10.312,0.281,0.281,0.000,0.000,1.0000,25.000,51.193,10.031,12.31
19006.00,5.000,10.312,0.281,0.281,0.000,0.000,1.0000,25.000,51.193,10.031,12.31
19011.00,5.000,10.312,0.281,0.281,0.000,0.000,1.0000,25.000,51.193,10.031,12.30
19016.00,5.000,10.312,0.281,0.281,0.000,0.000,1.0000,25.000,51.193,10.031,12.29
19021.00,5.000,10.312,0.281,0.281,0.000,0.000,1.0000,25.000,51.193,10.031,12.29
19026.00,5.000,10.312,0.281,0.281,0.000,0.000,1.0000,25.000,51.193,10.031,12.28
19031.00,5.000,10.312,0.281,0.281,0.000,0.000,1.0000,25.000,51.193,10.031,12.27
19036.00,5.000,10.311,0.280,0.280,0.000,0.000,1.0000,25.000,51.193,10.031,12.27
19041.00,5.000,10.311,0.280,0.280,0.000,0.000,1.0000,25.000,51.193,10.031,12.26
19046.00,5.000,10.311,0.280,0.280,0.000,0.000,1.0000,25.000,51.193,10.031,12.25
19051.00,5.000,10.311,0.280,0.280,0.000,0.000,1.0000,25.000,51.193,10.031,12.25
19056.00,5.000,10.311,0.280,0.280,0.000,0.000,1.0000,25.000,51.193,10.031,12.24
19061.00,5.000,10.311,0.280,0.280,0.000,0.000,1.0000,25.000,51.193,10.031,12.23
19066.00,5.000,10.311,0.280,0.280,0.000,0.000,1.0000,25.000,51.193,10.031,12.23
19071.00,5.000,10.311,0.280,0.280,0.000,0.000,1.0000,25.000,51.193,10.031,12.22
19076.00,5.000,10.311,0.280,0.280,0.000,0.000,1.0000,25.000,51.193,10.031,12.21
19081.00,5.000,10.311,0.280,0.280,0.000,0.000,1.0000,25.000,51.193,10.031,12.21
19086.00,5.000,10.310,0.279,0.279,0.000,0.000,1.0000,25.000,51.193,10.031,12.20
19091.00,5.000,10.310,0.279,0.279,0.000,0.000,1.0000,25.000,51.193,10.031,12.19
19096.00,5.000,10.310,0.279,0.279,0.000,0.000,1.0000,25.000,51.193,10.031,12.19
19101.00,5.000,10.310,0.279,0.279,0.000,0.000,1.0000,25.000,51.193,10.031,12.18
19106.00,5.000,10.310,0.279,0.279,0.000,0.000,1.0000,25.000,51.193,10.031,12.17
19111.00,5.000,10.310,0.279,0.279,0.000,0.000,1.0000,25.000,51.193,10.031,12.17
19116.00,5.000,10.310,0.279,0.279,0.000,0.000,1.0000,25.000,51.193,10.031,12.16
19121.00,5.000,10.310,0.279,0.279,0.000,0.000,1.0000,25.000,51.193,10.031,12.15
19126.00,5.000,10.310,0.279,0.279,0.000,0.000,1.0000,25.000,51.193,10.031,12.15
19131.00,5.000,10.309,0.279,0.279,0.000,0.000,1.0000,25.000,51.193,10.031,12.14
19136.00,5.000,10.309,0.278,0.278,0.000,0.000,1.0000,25.000,51.193,10.031,12.13
19141.00,5.000,10.309,0.278,0.278,0.000,0.000,1.0000,25.000,51.193,10.031,12.13
19146.00,5.000,10.309,0.278,0.278,0.000,0.000,1.0000,25.000,51.193,10.031,12.12
19151.00,5.000,10.309,0.278,0.278,0.000,0.000,1.0000,25.000,51.193,10.031,12.11
19156.00,5.000,10.309,0.278,0.278,0.000,0.000,1.0000,25.000,51.193,10.031,12.11
19161.00,5.000,10.309,0.278,0.278,0.000,0.000,1.0000,25.000,51.193,10.031,12.10
19166.00,5.000,10.309,0.278,0.278,0.000,0.000,1.0000,25.000,51.193,10.031,12.09
19171.00,5.000,10.309,0.278,0.278,0.000,0.000,1.0000,25.000,51.193,10.031,12.09
19176.00,5.000,10.309,0.278,0.278,0.000,0.000,1.0000,25.000,51.193,10.031,12.08
19181.00,5.000,10.308,0.278,0.278,0.000,0.000,1.0000,25.000,51.193,10.031,12.07
19186.00,5.000,10.308,0.277,0.277,0.000,0.000,1.0000,25.000,51.193,10.031,12.07
19191.00,5.000,10.308,0.277,0.277,0.000,0.000,1.0000,25.000,51.193,10.031,12.06
19196.00,5.000,10.308,0.277,0.277,0.000,0.000,1.0000,25.000,51.193,10.031,12.05
19201.00,5.000,10.308,0.277,0.277,0.000,0.000,1.0000,25.000,51.193,10.031,12.05
19206.00,5.000,10.308,0.277,0.277,0.000,0.000,1.0000,25.000,51.193,10.031,12.04
19211.00,5.000,10.308,0.277,0.277,0.000,0.000,1.0000,25.000,51.193,10.031,12.03
19216.00,5.000,10.308,0.277,0.277,0.000,0.000,1.0000,25.000,51.193,10.031,12.03
19221.00,5.000,10.308,0.277,0.277,0.000,0.000,1.0000,25.000,51.193,10.031,12.02
19226.00,5.000,10.308,0.277,0.277,0.000,0.000,1.0000,25.000,51.193,10.031,12.01
19231.00,5.000,10.307,0.277,0.277,0.000,0.000,1.0000,25.000,51.193,10.031,12.01
19236.00,5.000,10.307,0.276,0.276,0.000,0.000,1.0000,25.000,51.193,10.031,12.00
19241.00,5.000,10.307,0.276,0.276,0.000,0.000,1.0000,25.000,51.193,10.031,11.99
19246.00,5.000,10.307,0.276,0.276,0.000,0.000,1.0000,25.000,51.193,10.031,11.99
19251.00,5.000,10.307,0.276,0.276,0.000,0.000,1.0000,25.000,51.193,10.031,11.98
19256.00,5.000,10.307,0.276,0.276,0.000,0.000,1.0000,25.000,51.193,10.031,11.97
19261.00,5.000,10.307,0.276,0.276,0.000,0.000,1.0000,25.000,51.193,10.031,11.97
19266.00,5.000,10.307,0.276,0.276,0.000,0.000,1.0000,25.000,51.193,10.031,11.96
19271.00,5.000,10.307,0.276,0.276,0.000,0.000,1.0000,25.000,51.193,10.031,11.95
19276.00,5.000,10.307,0.276,0.276,0.000,0.000,1.0000,25.000,51.193,10.031,11.95
19281.00,5.000,10.306,0.276,0.276,0.000,0.000,1.0000,25.000,51.193,10.031,11.94
19286.00,5.000,10.306,0.275,0.275,0.000,0.000,1.0000,25.000,51.193,10.031,11.94
19291.00,5.000,10.306,0.275,0.275,0.000,0.000,1.0000,25.000,51.193,10.031,11.93
19296.00,5.000,10.306,0.275,0.275,0.000,0.000,1.0000,25.000,51.193,10.031,11.92
19301.00,5.000,10.306,0.275,0.275,0.000,0.000,1.0000,25.000,51.193,10.031,11.92
19306.00,5.000,10.306,0.275,0.275,0.000,0.000,1.0000,25.000,51.193,10.031,11.91
19311.00,5.000,10.306,0.275,0.275,0.000,0.000,1.0000,25.000,51.193,10.031,11.90
19316.00,5.000,10.306,0.275,0.275,0.000,0.000,1.0000,25.000,51.193,10.031,11.90
19321.00,5.000,10.306,0.275,0.275,0.000,0.000,1.0000,25.000,51.193,10.031,11.89
19326.00,5.000,10.306,0.275,0.275,0.000,0.000,1.0000,25.000,51.193,10.031,11.88
19331.00,5.000,10.306,0.275,0.275,0.000,0.000,1.0000,25.000,51.193,10.031,11.88
19336.00,5.000,10.305,0.274,0.274,0.000,0.000,1.0000,25.000,51.193,10.031,11.87
19341.00,5.000,10.305,0.274,0.274,0.000,0.000,1.0000,25.000,51.193,10.031,11.87
19346.00,5.000,10.305,0.274,0.274,0.000,0.000,1.0000,25.000,51.193,10.031,11.86
19351.00,5.000,10.305,0.274,0.274,0.000,0.000,1.0000,25.000,51.193,10.031,11.85
19356.00,5.000,10.305,0.274,0.274,0.000,0.000,1.0000,25.000,51.193,10.031,11.85
19361.00,5.000,10.305,0.274,0.274,0.000,0.000,1.0000,25.000,51.193,10.031,11.84
19366.00,5.000,10.305,0.274,0.274,0.000,0.000,1.0000,25.000,51.193,10.031,11.83
19371.00,5.000,10.305,0.274,0.274,0.000,0.000,1.0000,25.000,51.193,10.031,11.83
19376.00,5.000,10.305,0.274,0.274,0.000,0.000,1.0000,25.000,51.193,10.031,11.82
19381.00,5.000,10.305,0.274,0.274,0.000,0.000,1.0000,25.000,51.193,10.031,11.81
19386.00,5.000,10.304,0.273,0.273,0.000,0.000,1.0000,25.000,51.193,10.031,11.81
19391.00,5.000,10.304,0.273,0.273,0.000,0.000,1.0000,25.000,51.193,10.031,11.80
19396.00,5.000,10.304,0.273,0.273,0.000,0.000,1.0000,25.000,51.193,10.031,11.80
19401.00,5.000,10.304,0.273,0.273,0.000,0.000,1.0000,25.000,51.193,10.031,11.79
19406.00,5.000,10.304,0.273,0.273,0.000,0.000,1.0000,25.000,51.193,10.031,11.78
19411.00,5.000,10.304,0.273,0.273,0.000,0.000,1.0000,25.000,51.193,10.031,11.78
19416.00,5.000,10.304,0.273,0.273,0.000,0.000,1.0000,25.000,51.193,10.031,11.77
19421.00,5.000,10.304,0.273,0.273,0.000,0.000,1.0000,25.000,51.193,10.031,11.76
19426.00,5.000,10.304,0.273,0.273,0.000,0.000,1.0000,25.000,51.193,10.031,11.76
19431.00,5.000,10.304,0.273,0.273,0.000,0.000,1.0000,25.000,51.193,10.031,11.75
19436.00,5.000,10.303,0.273,0.273,0.000,0.000,1.0000,25.000,51.193,10.031,11.75
19441.00,5.000,10.303,0.272,0.272,0.000,0.000,1.0000,25.000,51.193,10.031,11.74
19446.00,5.000,10.303,0.272,0.272,0.000,0.000,1.0000,25.000,51.193,10.031,11.73
19451.00,5.000,10.303,0.272,0.272,0.000,0.000,1.0000,25.000,51.193,10.031,11.73
19456.00,5.000,10.303,0.272,0.272,0.000,0.000,1.0000,25.000,51.193,10.031,11.72
19461.00,5.000,10.303,0.272,0.272,0.000,0.000,1.0000,25.000,51.193,10.031,11.71
19466.00,5.000,10.303,0.272,0.272,0.000,0.000,1.0000,25.000,51.193,10.031,11.71
19471.00,5.000,10.303,0.272,0.272,0.000,0.000,1.0000,25.000,51.193,10.031,11.70
19476.00,5.000,10.303,0.272,0.272,0.000,0.000,1.0000,25.000,51.193,10.031,11.70
19481.00,5.000,10.303,0.272,0.272,0.000,0.000,1.0000,25.000,51.193,10.031,11.69
19486.00,5.000,10.303,0.272,0.272,0.000,0.000,1.0000,25.000,51.193,10.031,11.68
19491.00,5.000,10.302,0.271,0.271,0.000,0.000,1.0000,25.000,51.193,10.031,11.68
19496.00,5.000,10.302,0.271,0.271,0.000,0.000,1.0000,25.000,51.193,10.031,11.67
19501.00,5.000,10.302,0.271,0.271,0.000,0.000,1.0000,25.000,51.193,10.031,11.67
19506.00,5.000,10.302,0.271,0.271,0.000,0.000,1.0000,25.000,51.193,10.031,11.66
19511.00,5.000,10.302,0.271,0.271,0.000,0.000,1.0000,25.000,51.193,10.031,11.65
19516.00,5.000,10.302,0.271,0.271,0.000,0.000,1.0000,25.000,51.193,10.031,11.65
19521.00,5.000,10.302,0.271,0.271,0.000,0.000,1.0000,25.000,51.193,10.031,11.64
19526.00,5.000,10.302,0.271,0.271,0.000,0.000,1.0000,25.000,51.193,10.031,11.63
19531.00,5.000,10.302,0.271,0.271,0.000,0.000,1.0000,25.000,51.193,10.031,11.63
19536.00,5.000,10.302,0.271,0.271,0.000,0.000,1.0000,25.000,51.193,10.031,11.62
19541.00,5.000,10.301,0.271,0.271,0.000,0.000,1.0000,25.000,51.193,10.031,11.62
19546.00,5.000,10.301,0.270,0.270,0.000,0.000,1.0000,25.000,51.193,10.031,11.61
19551.00,5.000,10.301,0.270,0.270,0.000,0.000,1.0000,25.000,51.193,10.031,11.60
19556.00,5.000,10.301,0.270,0.270,0.000,0.000,1.0000,25.000,51.193,10.031,11.60
19561.00,5.000,10.301,0.270,0.270,0.000,0.000,1.0000,25.000,51.193,10.031,11.59
19566.00,5.000,10.301,0.270,0.270,0.000,0.000,1.0000,25.000,51.193,10.031,11.59
19571.00,5.000,10.301,0.270,0.270,0.000,0.000,1.0000,25.000,51.193,10.031,11.58
19576.00,5.000,10.301,0.270,0.270,0.000,0.000,1.0000,25.000,51.193,10.031,11.57
19581.00,5.000,10.301,0.270,0.270,0.000,0.000,1.0000,25.000,51.193,10.031,11.57
19586.00,5.000,10.301,0.270,0.270,0.000,0.000,1.0000,25.000,51.193,10.031,11.56
19591.00,5.000,10.301,0.270,0.270,0.000,0.000,1.0000,25.000,51.193,10.031,11.56
19596.00,5.000,10.300,0.270,0.270,0.000,0.000,1.0000,25.000,51.193,10.031,11.55
19601.00,5.000,10.300,0.269,0.269,0.000,0.000,1.0000,25.000,51.193,10.031,11.54
19606.00,5.000,10.300,0.269,0.269,0.000,0.000,1.0000,25.000,51.193,10.031,11.54
19611.00,5.000,10.300,0.269,0.269,0.000,0.000,1.0000,25.000,51.193,10.031,11.53
19616.00,5.000,10.300,0.269,0.269,0.000,0.000,1.0000,25.000,51.193,10.031,11.53
19621.00,5.000,10.300,0.269,0.269,0.000,0.000,1.0000,25.000,51.193,10.031,11.52
19626.00,5.000,10.300,0.269,0.269,0.000,0.000,1.0000,25.000,51.193,10.031,11.51
19631.00,5.000,10.300,0.269,0.269,0.000,0.000,1.0000,25.000,51.193,10.031,11.51
19636.00,5.000,10.300,0.269,0.269,0.000,0.000,1.0000,25.000,51.193,10.031,11.50
19641.00,5.000,10.300,0.269,0.269,0.000,0.000,1.0000,25.000,51.193,10.031,11.50
19646.00,5.000,10.300,0.269,0.269,0.000,0.000,1.0000,25.000,51.193,10.031,11.49
19651.00,5.000,10.299,0.268,0.268,0.000,0.000,1.0000,25.000,51.193,10.031,11.48
19656.00,5.000,10.299,0.268,0.268,0.000,0.000,1.0000,25.000,51.193,10.031,11.48
19661.00,5.000,10.299,0.268,0.268,0.000,0.000,1.0000,25.000,51.193,10.031,11.47
19666.00,5.000,10.299,0.268,0.268,0.000,0.000,1.0000,25.000,51.193,10.031,11.47
19671.00,5.000,10.299,0.268,0.268,0.000,0.000,1.0000,25.000,51.193,10.031,11.46
19676.00,5.000,10.299,0.268,0.268,0.000,0.000,1.0000,25.000,51.193,10.031,11.45
19681.00,5.000,10.299,0.268,0.268,0.000,0.000,1.0000,25.000,51.193,10.031,11.45
19686.00,5.000,10.299,0.268,0.268,0.000,0.000,1.0000,25.000,51.193,10.031,11.44
19691.00,5.000,10.299,0.268,0.268,0.000,0.000,1.0000,25.000,51.193,10.031,11.44
19696.00,5.000,10.299,0.268,0.268,0.000,0.000,1.0000,25.000,51.193,10.031,11.43
19701.00,5.000,10.299,0.268,0.268,0.000,0.000,1.0000,25.000,51.193,10.031,11.42
19706.00,5.000,10.298,0.267,0.267,0.000,0.000,1.0000,25.000,51.193,10.031,11.42
19711.00,5.000,10.298,0.267,0.267,0.000,0.000,1.0000,25.000,51.193,10.031,11.41
19716.00,5.000,10.298,0.267,0.267,0.000,0.000,1.0000,25.000,51.193,10.031,11.41
19721.00,5.000,10.298,0.267,0.267,0.000,0.000,1.0000,25.000,51.193,10.031,11.40
19726.00,5.000,10.298,0.267,0.267,0.000,0.000,1.0000,25.000,51.193,10.031,11.40
19731.00,5.000,10.298,0.267,0.267,0.000,0.000,1.0000,25.000,51.193,10.031,11.39
19736.00,5.000,10.298,0.267,0.267,0.000,0.000,1.0000,25.000,51.193,10.031,11.38
19741.00,5.000,10.298,0.267,0.267,0.000,0.000,1.0000,25.000,51.193,10.031,11.38
19746.00,5.000,10.298,0.267,0.267,0.000,0.000,1.0000,25.000,51.193,10.031,11.37
19751.00,5.000,10.298,0.267,0.267,0.000,0.000,1.0000,25.000,51.193,10.031,11.37
19756.00,5.000,10.298,0.267,0.267,0.000,0.000,1.0000,25.000,51.193,10.031,11.36
19761.00,5.000,10.297,0.266,0.266,0.000,0.000,1.0000,25.000,51.193,10.031,11.35
19766.00,5.000,10.297,0.266,0.266,0.000,0.000,1.0000,25.000,51.193,10.031,11.35
19771.00,5.000,10.297,0.266,0.266,0.000,0.000,1.0000,25.000,51.193,10.031,11.34
19776.00,5.000,10.297,0.266,0.266,0.000,0.000,1.0000,25.000,51.193,10.031,11.34
19781.00,5.000,10.297,0.266,0.266,0.000,0.000,1.0000,25.000,51.193,10.031,11.33
19786.00,5.000,10.297,0.266,0.266,0.000,0.000,1.0000,25.000,51.193,10.031,11.33
19791.00,5.000,10.297,0.266,0.266,0.000,0.000,1.0000,25.000,51.193,10.031,11.32
19796.00,5.000,10.297,0.266,0.266,0.000,0.000,1.0000,25.000,51.193,10.031,11.31
19801.00,5.000,10.297,0.266,0.266,0.000,0.000,1.0000,25.000,51.193,10.031,11.31
19806.00,5.000,10.297,0.266,0.266,0.000,0.000,1.0000,25.000,51.193,10.031,11.30
19811.00,5.000,10.297,0.266,0.266,0.000,0.000,1.0000,25.000,51.193,10.031,11.30
19816.00,5.000,10.296,0.265,0.265,0.000,0.000,1.0000,25.000,51.193,10.031,11.29
19821.00,5.000,10.296,0.265,0.265,0.000,0.000,1.0000,25.000,51.193,10.031,11.29
19826.00,5.000,10.296,0.265,0.265,0.000,0.000,1.0000,25.000,51.193,10.031,11.28
19831.00,5.000,10.296,0.265,0.265,0.000,0.000,1.0000,25.000,51.193,10.031,11.27
19836.00,5.000,10.296,0.265,0.265,0.000,0.000,1.0000,25.000,51.193,10.031,11.27
19841.00,5.000,10.296,0.265,0.265,0.000,0.000,1.0000,25.000,51.193,10.031,11.26
19846.00,5.000,10.296,0.265,0.265,0.000,0.000,1.0000,25.000,51.193,10.031,11.26
19851.00,5.000,10.296,0.265,0.265,0.000,0.000,1.0000,25.000,51.193,10.031,11.25
19856.00,5.000,10.296,0.265,0.265,0.000,0.000,1.0000,25.000,51.193,10.031,11.25
19861.00,5.000,10.296,0.265,0.265,0.000,0.000,1.0000,25.000,51.193,10.031,11.24
19866.00,5.000,10.296,0.265,0.265,0.000,0.000,1.0000,25.000,51.193,10.031,11.23
19871.00,5.000,10.295,0.265,0.265,0.000,0.000,1.0000,25.000,51.193,10.031,11.23
19876.00,5.000,10.295,0.264,0.264,0.000,0.000,1.0000,25.000,51.193,10.031,11.22
19881.00,5.000,10.295,0.264,0.264,0.000,0.000,1.0000,25.000,51.193,10.031,11.22
19886.00,5.000,10.295,0.264,0.264,0.000,0.000,1.0000,25.000,51.193,10.031,11.21
19891.00,5.000,10.295,0.264,0.264,0.000,0.000,1.0000,25.000,51.193,10.031,11.21
19896.00,5.000,10.295,0.264,0.264,0.000,0.000,1.0000,25.000,51.193,10.031,11.20
19901.00,5.000,10.295,0.264,0.264,0.000,0.000,1.0000,25.000,51.193,10.031,11.19
19906.00,5.000,10.295,0.264,0.264,0.000,0.000,1.0000,25.000,51.193,10.031,11.19
19911.00,5.000,10.295,0.264,0.264,0.000,0.000,1.0000,25.000,51.193,10.031,11.18
19916.00,5.000,10.295,0.264,0.264,0.000,0.000,1.0000,25.000,51.193,10.031,11.18
19921.00,5.000,10.295,0.264,0.264,0.000,0.000,1.0000,25.000,51.193,10.031,11.17
19926.00,5.000,10.294,0.264,0.264,0.000,0.000,1.0000,25.000,51.193,10.031,11.17
19931.00,5.000,10.294,0.263,0.263,0.000,0.000,1.0000,25.000,51.193,10.031,11.16
19936.00,5.000,10.294,0.263,0.263,0.000,0.000,1.0000,25.000,51.193,10.031,11.16
19941.00,5.000,10.294,0.263,0.263,0.000,0.000,1.0000,25.000,51.193,10.031,11.15
19946.00,5.000,10.294,0.263,0.263,0.000,0.000,1.0000,25.000,51.193,10.031,11.14
19951.00,5.000,10.294,0.263,0.263,0.000,0.000,1.0000,25.000,51.193,10.031,11.14
19956.00,5.000,10.294,0.263,0.263,0.000,0.000,1.0000,25.000,51.193,10.031,11.13
19961.00,5.000,10.294,0.263,0.263,0.000,0.000,1.0000,25.000,51.193,10.031,11.13
19966.00,5.000,10.294,0.263,0.263,0.000,0.000,1.0000,25.000,51.193,10.031,11.12
19971.00,5.000,10.294,0.263,0.263,0.000,0.000,1.0000,25.000,51.193,10.031,11.12
19976.00,5.000,10.294,0.263,0.263,0.000,0.000,1.0000,25.000,51.193,10.031,11.11
19981.00,5.000,10.294,0.263,0.263,0.000,0.000,1.0000,25.000,51.193,10.031,11.11
19986.00,5.000,10.293,0.262,0.262,0.000,0.000,1.0000,25.000,51.193,10.031,11.10
19991.00,5.000,10.293,0.262,0.262,0.000,0.000,1.0000,25.000,51.193,10.031,11.09
19996.00,5.000,10.293,0.262,0.262,0.000,0.000,1.0000,25.000,51.193,10.031,11.09
20001.00,5.000,10.293,0.262,0.262,0.000,0.000,1.0000,25.000,51.193,10.031,11.08
20006.00,5.000,10.293,0.262,0.262,0.000,0.000,1.0000,25.000,51.193,10.031,11.08
20011.00,5.000,10.293,0.262,0.262,0.000,0.000,1.0000,25.000,51.193,10.031,11.07
20016.00,5.000,10.293,0.262,0.262,0.000,0.000,1.0000,25.000,51.193,10.031,11.07
20021.00,5.000,10.293,0.262,0.262,0.000,0.000,1.0000,25.000,51.193,10.031,11.06
20026.00,5.000,10.293,0.262,0.262,0.000,0.000,1.0000,25.000,51.193,10.031,11.06
20031.00,5.000,10.293,0.262,0.262,0.000,0.000,1.0000,25.000,51.193,10.031,11.05
20036.00,5.000,10.293,0.262,0.262,0.000,0.000,1.0000,25.000,51.193,10.031,11.04
20041.00,5.000,10.292,0.262,0.262,0.000,0.000,1.0000,25.000,51.193,10.031,11.04
20046.00,5.000,10.292,0.261,0.261,0.000,0.000,1.0000,25.000,51.193,10.031,11.03
20051.00,5.000,10.292,0.261,0.261,0.000,0.000,1.0000,25.000,51.193,10.031,11.03
20056.00,5.000,10.292,0.261,0.261,0.000,0.000,1.0000,25.000,51.193,10.031,11.02
20061.00,5.000,10.292,0.261,0.261,0.000,0.000,1.0000,25.000,51.193,10.031,11.02
20066.00,5.000,10.292,0.261,0.261,0.000,0.000,1.0000,25.000,51.193,10.031,11.01
20071.00,5.000,10.292,0.261,0.261,0.000,0.000,1.0000,25.000,51.193,10.031,11.01
20076.00,5.000,10.292,0.261,0.261,0.000,0.000,1.0000,25.000,51.193,10.031,11.00
20081.00,5.000,10.292,0.261,0.261,0.000,0.000,1.0000,25.000,51.193,10.031,11.00
20086.00,5.000,10.292,0.261,0.261,0.000,0.000,1.0000,25.000,51.193,10.031,10.99
20091.00,5.000,10.292,0.261,0.261,0.000,0.000,1.0000,25.000,51.193,10.031,10.98
20096.00,5.000,10.292,0.261,0.261,0.000,0.000,1.0000,25.000,51.193,10.031,10.98
20101.00,5.000,10.291,0.261,0.261,0.000,0.000,1.0000,25.000,51.193,10.031,10.97
20106.00,5.000,10.291,0.260,0.260,0.000,0.000,1.0000,25.000,51.193,10.031,10.97
20111.00,5.000,10.291,0.260,0.260,0.000,0.000,1.0000,25.000,51.193,10.031,10.96
20116.00,5.000,10.291,0.260,0.260,0.000,0.000,1.0000,25.000,51.193,10.031,10.96
20121.00,5.000,10.291,0.260,0.260,0.000,0.000,1.0000,25.000,51.193,10.031,10.95
20126.00,5.000,10.291,0.260,0.260,0.000,0.000,1.0000,25.000,51.193,10.031,10.95
20131.00,5.000,10.291,0.260,0.260,0.000,0.000,1.0000,25.000,51.193,10.031,10.94
20136.00,5.000,10.291,0.260,0.260,0.000,0.000,1.0000,25.000,51.193,10.031,10.94
20141.00,5.000,10.291,0.260,0.260,0.000,0.000,1.0000,25.000,51.193,10.031,10.93
20146.00,5.000,10.291,0.260,0.260,0.000,0.000,1.0000,25.000,51.193,10.031,10.93
20151.00,5.000,10.291,0.260,0.260,0.000,0.000,1.0000,25.000,51.193,10.031,10.92
20156.00,5.000,10.291,0.260,0.260,0.000,0.000,1.0000,25.000,51.193,10.031,10.92
20161.00,5.000,10.290,0.260,0.260,0.000,0.000,1.0000,25.000,51.193,10.031,10.91
20166.00,5.000,10.290,0.259,0.259,0.000,0.000,1.0000,25.000,51.193,10.031,10.90
20171.00,5.000,10.290,0.259,0.259,0.000,0.000,1.0000,25.000,51.193,10.031,10.90
20176.00,5.000,10.290,0.259,0.259,0.000,0.000,1.0000,25.000,51.193,10.031,10.89
20181.00,5.000,10.290,0.259,0.259,0.000,0.000,1.0000,25.000,51.193,10.031,10.89
20186.00,5.000,10.290,0.259,0.259,0.000,0.000,1.0000,25.000,51.193,10.031,10.88
20191.00,5.000,10.290,0.259,0.259,0.000,0.000,1.0000,25.000,51.193,10.031,10.88
20196.00,5.000,10.290,0.259,0.259,0.000,0.000,1.0000,25.000,51.193,10.031,10.87
20201.00,5.000,10.290,0.259,0.259,0.000,0.000,1.0000,25.000,51.193,10.031,10.87
20206.00,5.000,10.290,0.259,0.259,0.000,0.000,1.0000,25.000,51.193,10.031,10.86
20211.00,5.000,10.290,0.259,0.259,0.000,0.000,1.0000,25.000,51.193,10.031,10.86
20216.00,5.000,10.290,0.259,0.259,0.000,0.000,1.0000,25.000,51.193,10.031,10.85
20221.00,5.000,10.289,0.259,0.259,0.000,0.000,1.0000,25.000,51.193,10.031,10.85
20226.00,5.000,10.289,0.258,0.258,0.000,0.000,1.0000,25.000,51.193,10.031,10.84
20231.00,5.000,10.289,0.258,0.258,0.000,0.000,1.0000,25.000,51.193,10.031,10.84
20236.00,5.000,10.289,0.258,0.258,0.000,0.000,1.0000,25.000,51.193,10.031,10.83
20241.00,5.000,10.289,0.258,0.258,0.000,0.000,1.0000,25.000,51.193,10.031,10.83
20246.00,5.000,10.289,0.258,0.258,0.000,0.000,1.0000,25.000,51.193,10.031,10.82
20251.00,5.000,10.289,0.258,0.258,0.000,0.000,1.0000,25.000,51.193,10.031,10.81
20256.00,5.000,10.289,0.258,0.258,0.000,0.000,1.0000,25.000,51.193,10.031,10.81
20261.00,5.000,10.289,0.258,0.258,0.000,0.000,1.0000,25.000,51.193,10.031,10.80
20266.00,5.000,10.289,0.258,0.258,0.000,0.000,1.0000,25.000,51.193,10.031,10.80
20271.00,5.000,10.289,0.258,0.258,0.000,0.000,1.0000,25.000,51.193,10.031,10.79
20276.00,5.000,10.289,0.258,0.258,0.000,0.000,1.0000,25.000,51.193,10.031,10.79
20281.00,5.000,10.288,0.258,0.258,0.000,0.000,1.0000,25.000,51.193,10.031,10.78
20286.00,5.000,10.288,0.257,0.257,0.000,0.000,1.0000,25.000,51.193,10.031,10.78
20291.00,5.000,10.288,0.257,0.257,0.000,0.000,1.0000,25.000,51.193,10.031,10.77
20296.00,5.000,10.288,0.257,0.257,0.000,0.000,1.0000,25.000,51.193,10.031,10.77
20301.00,5.000,10.288,0.257,0.257,0.000,0.000,1.0000,25.000,51.193,10.031,10.76
20306.00,5.000,10.288,0.257,0.257,0.000,0.000,1.0000,25.000,51.193,10.031,10.76
20311.00,5.000,10.288,0.257,0.257,0.000,0.000,1.0000,25.000,51.193,10.031,10.75
20316.00,5.000,10.288,0.257,0.257,0.000,0.000,1.0000,25.000,51.193,10.031,10.75
20321.00,5.000,10.288,0.257,0.257,0.000,0.000,1.0000,25.000,51.193,10.031,10.74
20326.00,5.000,10.288,0.257,0.257,0.000,0.000,1.0000,25.000,51.193,10.031,10.74
20331.00,5.000,10.288,0.257,0.257,0.000,0.000,1.0000,25.000,51.193,10.031,10.73
20336.00,5.000,10.288,0.257,0.257,0.000,0.000,1.0000,25.000,51.193,10.031,10.73
20341.00,5.000,10.287,0.257,0.257,0.000,0.000,1.0000,25.000,51.193,10.031,10.72
20346.00,5.000,10.287,0.256,0.256,0.000,0.000,1.0000,25.000,51.193,10.031,10.72
20351.00,5.000,10.287,0.256,0.256,0.000,0.000,1.0000,25.000,51.193,10.031,10.71
20356.00,5.000,10.287,0.256,0.256,0.000,0.000,1.0000,25.000,51.193,10.031,10.71
20361.00,5.000,10.287,0.256,0.256,0.000,0.000,1.0000,25.000,51.193,10.031,10.70
20366.00,5.000,10.287,0.256,0.256,0.000,0.000,1.0000,25.000,51.193,10.031,10.70
20371.00,5.000,10.287,0.256,0.256,0.000,0.000,1.0000,25.000,51.193,10.031,10.69
20376.00,5.000,10.287,0.256,0.256,0.000,0.000,1.0000,25.000,51.193,10.031,10.69
20381.00,5.000,10.287,0.256,0.256,0.000,0.000,1.0000,25.000,51.193,10.031,10.68
20386.00,5.000,10.287,0.256,0.256,0.000,0.000,1.0000,25.000,51.193,10.031,10.68
20391.00,5.000,10.287,0.256,0.256,0.000,0.000,1.0000,25.000,51.193,10.031,10.67
20396.00,5.000,10.287,0.256,0.256,0.000,0.000,1.0000,25.000,51.193,10.031,10.67
20401.00,5.000,10.286,0.256,0.256,0.000,0.000,1.0000,25.000,51.193,10.031,10.66
20406.00,5.000,10.286,0.255,0.255,0.000,0.000,1.0000,25.000,51.193,10.031,10.66
20411.00,5.000,10.286,0.255,0.255,0.000,0.000,1.0000,25.000,51.193,10.031,10.65
20416.00,5.000,10.286,0.255,0.255,0.000,0.000,1.0000,25.000,51.193,10.031,10.65
20421.00,5.000,10.286,0.255,0.255,0.000,0.000,1.0000,25.000,51.193,10.031,10.64
20426.00,5.000,10.286,0.255,0.255,0.000,0.000,1.0000,25.000,51.193,10.031,10.64
20431.00,5.000,10.286,0.255,0.255,0.000,0.000,1.0000,25.000,51.193,10.031,10.63
20436.00,5.000,10.286,0.255,0.255,0.000,0.000,1.0000,25.000,51.193,10.031,10.63
20441.00,5.000,10.286,0.255,0.255,0.000,0.000,1.0000,25.000,51.193,10.031,10.62
20446.00,5.000,10.286,0.255,0.255,0.000,0.000,1.0000,25.000,51.193,10.031,10.62
20451.00,5.000,10.286,0.255,0.255,0.000,0.000,1.0000,25.000,51.193,10.031,10.61
20456.00,5.000,10.286,0.255,0.255,0.000,0.000,1.0000,25.000,51.193,10.031,10.60
20461.00,5.000,10.286,0.255,0.255,0.000,0.000,1.0000,25.000,51.193,10.031,10.60
20466.00,5.000,10.285,0.255,0.255,0.000,0.000,1.0000,25.000,51.193,10.031,10.59
20471.00,5.000,10.285,0.254,0.254,0.000,0.000,1.0000,25.000,51.193,10.031,10.59
20476.00,5.000,10.285,0.254,0.254,0.000,0.000,1.0000,25.000,51.193,10.031,10.59
20481.00,5.000,10.285,0.254,0.254,0.000,0.000,1.0000,25.000,51.193,10.031,10.58
20486.00,5.000,10.285,0.254,0.254,0.000,0.000,1.0000,25.000,51.193,10.031,10.58
20491.00,5.000,10.285,0.254,0.254,0.000,0.000,1.0000,25.000,51.193,10.031,10.57
20496.00,5.000,10.285,0.254,0.254,0.000,0.000,1.0000,25.000,51.193,10.031,10.57
20501.00,5.000,10.285,0.254,0.254,0.000,0.000,1.0000,25.000,51.193,10.031,10.56
20506.00,5.000,10.285,0.254,0.254,0.000,0.000,1.0000,25.000,51.193,10.031,10.56
20511.00,5.000,10.285,0.254,0.254,0.000,0.000,1.0000,25.000,51.193,10.031,10.55
20516.00,5.000,10.285,0.254,0.254,0.000,0.000,1.0000,25.000,51.193,10.031,10.55
20521.00,5.000,10.285,0.254,0.254,0.000,0.000,1.0000,25.000,51.193,10.031,10.54
20526.00,5.000,10.285,0.254,0.254,0.000,0.000,1.0000,25.000,51.193,10.031,10.54
20531.00,5.000,10.284,0.253,0.253,0.000,0.000,1.0000,25.000,51.193,10.031,10.53
20536.00,5.000,10.284,0.253,0.253,0.000,0.000,1.0000,25.000,51.193,10.031,10.53
20541.00,5.000,10.284,0.253,0.253,0.000,0.000,1.0000,25.000,51.193,10.031,10.52
20546.00,5.000,10.284,0.253,0.253,0.000,0.000,1.0000,25.000,51.193,10.031,10.52
20551.00,5.000,10.284,0.253,0.253,0.000,0.000,1.0000,25.000,51.193,10.031,10.51
20556.00,5.000,10.284,0.253,0.253,0.000,0.000,1.0000,25.000,51.193,10.031,10.51
20561.00,5.000,10.284,0.253,0.253,0.000,0.000,1.0000,25.000,51.193,10.031,10.50
20566.00,5.000,10.284,0.253,0.253,0.000,0.000,1.0000,25.000,51.193,10.031,10.50
20571.00,5.000,10.284,0.253,0.253,0.000,0.000,1.0000,25.000,51.193,10.031,10.49
20576.00,5.000,10.284,0.253,0.253,0.000,0.000,1.0000,25.000,51.193,10.031,10.49
20581.00,5.000,10.284,0.253,0.253,0.000,0.000,1.0000,25.000,51.193,10.031,10.48
20586.00,5.000,10.284,0.253,0.253,0.000,0.000,1.0000,25.000,51.193,10.031,10.48
20591.00,5.000,10.283,0.253,0.253,0.000,0.000,1.0000,25.000,51.193,10.031,10.47
20596.00,5.000,10.283,0.252,0.252,0.000,0.000,1.0000,25.000,51.193,10.031,10.47
20601.00,5.000,10.283,0.252,0.252,0.000,0.000,1.0000,25.000,51.193,10.031,10.46
20606.00,5.000,10.283,0.252,0.252,0.000,0.000,1.0000,25.000,51.193,10.031,10.46
20611.00,5.000,10.283,0.252,0.252,0.000,0.000,1.0000,25.000,51.193,10.031,10.45
20616.00,5.000,10.283,0.252,0.252,0.000,0.000,1.0000,25.000,51.193,10.031,10.45
20621.00,5.000,10.283,0.252,0.252,0.000,0.000,1.0000,25.000,51.193,10.031,10.44
20626.00,5.000,10.283,0.252,0.252,0.000,0.000,1.0000,25.000,51.193,10.031,10.44
20631.00,5.000,10.283,0.252,0.252,0.000,0.000,1.0000,25.000,51.193,10.031,10.43
20636.00,5.000,10.283,0.252,0.252,0.000,0.000,1.0000,25.000,51.193,10.031,10.43
20641.00,5.000,10.283,0.252,0.252,0.000,0.000,1.0000,25.000,51.193,10.031,10.42
20646.00,5.000,10.283,0.252,0.252,0.000,0.000,1.0000,25.000,51.193,10.031,10.42
20651.00,5.000,10.283,0.252,0.252,0.000,0.000,1.0000,25.000,51.193,10.031,10.41
20656.00,5.000,10.282,0.252,0.252,0.000,0.000,1.0000,25.000,51.193,10.031,10.41
20661.00,5.000,10.282,0.251,0.251,0.000,0.000,1.0000,25.000,51.193,10.031,10.40
20666.00,5.000,10.282,0.251,0.251,0.000,0.000,1.0000,25.000,51.193,10.031,10.40
20671.00,5.000,10.282,0.251,0.251,0.000,0.000,1.0000,25.000,51.193,10.031,10.39
20676.00,5.000,10.282,0.251,0.251,0.000,0.000,1.0000,25.000,51.193,10.031,10.39
20681.00,5.000,10.282,0.251,0.251,0.000,0.000,1.0000,25.000,51.193,10.031,10.38
20686.00,5.000,10.282,0.251,0.251,0.000,0.000,1.0000,25.000,51.193,10.031,10.38
20691.00,5.000,10.282,0.251,0.251,0.000,0.000,1.0000,25.000,51.193,10.031,10.38
20696.00,5.000,10.282,0.251,0.251,0.000,0.000,1.0000,25.000,51.193,10.031,10.37
20701.00,5.000,10.282,0.251,0.251,0.000,0.000,1.0000,25.000,51.193,10.031,10.37
20706.00,5.000,10.282,0.251,0.251,0.000,0.000,1.0000,25.000,51.193,10.031,10.36
20711.00,5.000,10.282,0.251,0.251,0.000,0.000,1.0000,25.000,51.193,10.031,10.36
20716.00,5.000,10.282,0.251,0.251,0.000,0.000,1.0000,25.000,51.193,10.031,10.35
20721.00,5.000,10.281,0.251,0.251,0.000,0.000,1.0000,25.000,51.193,10.031,10.35
20726.00,5.000,10.281,0.250,0.250,0.000,0.000,1.0000,25.000,51.193,10.031,10.34
20731.00,5.000,10.281,0.250,0.250,0.000,0.000,1.0000,25.000,51.193,10.031,10.34
20736.00,5.000,10.281,0.250,0.250,0.000,0.000,1.0000,25.000,51.193,10.031,10.33
20741.00,5.000,10.281,0.250,0.250,0.000,0.000,1.0000,25.000,51.193,10.031,10.33
20746.00,5.000,10.281,0.250,0.250,0.000,0.000,1.0000,25.000,51.193,10.031,10.32
20751.00,5.000,10.281,0.250,0.250,0.000,0.000,1.0000,25.000,51.193,10.031,10.32
20756.00,5.000,10.281,0.250,0.250,0.000,0.000,1.0000,25.000,51.193,10.031,10.31
20761.00,5.000,10.281,0.250,0.250,0.000,0.000,1.0000,25.000,51.193,10.031,10.31
20766.00,5.000,10.281,0.250,0.250,0.000,0.000,1.0000,25.000,51.193,10.031,10.30
20771.00,5.000,10.281,0.250,0.250,0.000,0.000,1.0000,25.000,51.193,10.031,10.30
20776.00,5.000,10.281,0.250,0.250,0.000,0.000,1.0000,25.000,51.193,10.031,10.30
20781.00,5.000,10.281,0.250,0.250,0.000,0.000,1.0000,25.000,51.193,10.031,10.29
20786.00,5.000,10.281,0.250,0.250,0.000,0.000,1.0000,25.000,51.193,10.031,10.29
20791.00,5.000,10.280,0.249,0.249,0.000,0.000,1.0000,25.000,51.193,10.031,10.28
20796.00,5.000,10.280,0.249,0.249,0.000,0.000,1.0000,25.000,51.193,10.031,10.28
20801.00,5.000,10.280,0.249,0.249,0.000,0.000,1.0000,25.000,51.193,10.031,10.27
20806.00,5.000,10.280,0.249,0.249,0.000,0.000,1.0000,25.000,51.193,10.031,10.27
20811.00,5.000,10.280,0.249,0.249,0.000,0.000,1.0000,25.000,51.193,10.031,10.26
20816.00,5.000,10.280,0.249,0.249,0.000,0.000,1.0000,25.000,51.193,10.031,10.26
20821.00,5.000,10.280,0.249,0.249,0.000,0.000,1.0000,25.000,51.193,10.031,10.25
20826.00,5.000,10.280,0.249,0.249,0.000,0.000,1.0000,25.000,51.193,10.031,10.25
20831.00,5.000,10.280,0.249,0.249,0.000,0.000,1.0000,25.000,51.193,10.031,10.24
20836.00,5.000,10.280,0.249,0.249,0.000,0.000,1.0000,25.000,51.193,10.031,10.24
20841.00,5.000,10.280,0.249,0.249,0.000,0.000,1.0000,25.000,51.193,10.031,10.23
20846.00,5.000,10.280,0.249,0.249,0.000,0.000,1.0000,25.000,51.193,10.031,10.23
20851.00,5.000,10.280,0.249,0.249,0.000,0.000,1.0000,25.000,51.193,10.031,10.23
20856.00,5.000,10.279,0.249,0.249,0.000,0.000,1.0000,25.000,51.193,10.031,10.22
20861.00,5.000,10.279,0.248,0.248,0.000,0.000,1.0000,25.000,51.193,10.031,10.22
20866.00,5.000,10.279,0.248,0.248,0.000,0.000,1.0000,25.000,51.193,10.031,10.21
20871.00,5.000,10.279,0.248,0.248,0.000,0.000,1.0000,25.000,51.193,10.031,10.21
20876.00,5.000,10.279,0.248,0.248,0.000,0.000,1.0000,25.000,51.193,10.031,10.20
20881.00,5.000,10.279,0.248,0.248,0.000,0.000,1.0000,25.000,51.193,10.031,10.20
20886.00,5.000,10.279,0.248,0.248,0.000,0.000,1.0000,25.000,51.193,10.031,10.19
20891.00,5.000,10.279,0.248,0.248,0.000,0.000,1.0000,25.000,51.193,10.031,10.19
20896.00,5.000,10.279,0.248,0.248,0.000,0.000,1.0000,25.000,51.193,10.031,10.18
20901.00,5.000,10.279,0.248,0.248,0.000,0.000,1.0000,25.000,51.193,10.031,10.18
20906.00,5.000,10.279,0.248,0.248,0.000,0.000,1.0000,25.000,51.193,10.031,10.17
20911.00,5.000,10.279,0.248,0.248,0.000,0.000,1.0000,25.000,51.193,10.031,10.17
20916.00,5.000,10.279,0.248,0.248,0.000,0.000,1.0000,25.000,51.193,10.031,10.17
20921.00,5.000,10.278,0.248,0.248,0.000,0.000,1.0000,25.000,51.193,10.031,10.16
20926.00,5.000,10.278,0.247,0.247,0.000,0.000,1.0000,25.000,51.193,10.031,10.16
20931.00,5.000,10.278,0.247,0.247,0.000,0.000,1.0000,25.000,51.193,10.031,10.15
20936.00,5.000,10.278,0.247,0.247,0.000,0.000,1.0000,25.000,51.193,10.031,10.15
20941.00,5.000,10.278,0.247,0.247,0.000,0.000,1.0000,25.000,51.193,10.031,10.14
20946.00,5.000,10.278,0.247,0.247,0.000,0.000,1.0000,25.000,51.193,10.031,10.14
20951.00,5.000,10.278,0.247,0.247,0.000,0.000,1.0000,25.000,51.193,10.031,10.13
20956.00,5.000,10.278,0.247,0.247,0.000,0.000,1.0000,25.000,51.193,10.031,10.13
20961.00,5.000,10.278,0.247,0.247,0.000,0.000,1.0000,25.000,51.193,10.031,10.12
20966.00,5.000,10.278,0.247,0.247,0.000,0.000,1.0000,25.000,51.193,10.031,10.12
20971.00,5.000,10.278,0.247,0.247,0.000,0.000,1.0000,25.000,51.193,10.031,10.12
20976.00,5.000,10.278,0.247,0.247,0.000,0.000,1.0000,25.000,51.193,10.031,10.11
20981.00,5.000,10.278,0.247,0.247,0.000,0.000,1.0000,25.000,51.193,10.031,10.11
20986.00,5.000,10.278,0.247,0.247,0.000,0.000,1.0000,25.000,51.193,10.031,10.10
20991.00,5.000,10.277,0.247,0.247,0.000,0.000,1.0000,25.000,51.193,10.031,10.10
20996.00,5.000,10.277,0.246,0.246,0.000,0.000,1.0000,25.000,51.193,10.031,10.09
21001.00,5.000,10.277,0.246,0.246,0.000,0.000,1.0000,25.000,51.193,10.031,10.09
21006.00,5.000,10.277,0.246,0.246,0.000,0.000,1.0000,25.000,51.193,10.031,10.08
21011.00,5.000,10.277,0.246,0.246,0.000,0.000,1.0000,25.000,51.193,10.031,10.08
21016.00,5.000,10.277,0.246,0.246,0.000,0.000,1.0000,25.000,51.193,10.031,10.08
21021.00,5.000,10.277,0.246,0.246,0.000,0.000,1.0000,25.000,51.193,10.031,10.07
21026.00,5.000,10.277,0.246,0.246,0.000,0.000,1.0000,25.000,51.193,10.031,10.07
21031.00,5.000,10.277,0.246,0.246,0.000,0.000,1.0000,25.000,51.193,10.031,10.06
21036.00,5.000,10.277,0.246,0.246,0.000,0.000,1.0000,25.000,51.193,10.031,10.06
21041.00,5.000,10.277,0.246,0.246,0.000,0.000,1.0000,25.000,51.193,10.031,10.05
21046.00,5.000,10.277,0.246,0.246,0.000,0.000,1.0000,25.000,51.193,10.031,10.05
21051.00,5.000,10.277,0.246,0.246,0.000,0.000,1.0000,25.000,51.193,10.031,10.04
21056.00,5.000,10.277,0.246,0.246,0.000,0.000,1.0000,25.000,51.193,10.031,10.04
21061.00,5.000,10.276,0.246,0.246,0.000,0.000,1.0000,25.000,51.193,10.031,10.04
21066.00,5.000,10.276,0.245,0.245,0.000,0.000,1.0000,25.000,51.193,10.031,10.03
21071.00,5.000,10.276,0.245,0.245,0.000,0.000,1.0000,25.000,51.193,10.031,10.03
21076.00,5.000,10.276,0.245,0.245,0.000,0.000,1.0000,25.000,51.193,10.031,10.02
21081.00,5.000,10.276,0.245,0.245,0.000,0.000,1.0000,25.000,51.193,10.031,10.02
21086.00,5.000,10.276,0.245,0.245,0.000,0.000,1.0000,25.000,51.193,10.031,10.01
21091.00,5.000,10.276,0.245,0.245,0.000,0.000,1.0000,25.000,51.193,10.031,10.01
21096.00,5.000,10.276,0.245,0.245,0.000,0.000,1.0000,25.000,51.193,10.031,10.00
21101.00,5.000,10.276,0.245,0.245,0.000,0.000,1.0000,25.000,51.193,10.031,10.00
21106.00,5.000,10.276,0.245,0.245,0.000,0.000,1.0000,25.000,51.193,10.031,10.00
21111.00,5.000,10.276,0.245,0.245,0.000,0.000,1.0000,25.000,51.193,10.031,9.99
21116.00,5.000,10.276,0.245,0.245,0.000,0.000,1.0000,25.000,51.193,10.031,9.99
21121.00,5.000,10.276,0.245,0.245,0.000,0.000,1.0000,25.000,51.193,10.031,9.98
21126.00,5.000,10.276,0.245,0.245,0.000,0.000,1.0000,25.000,51.193,10.031,9.98
21131.00,5.000,10.275,0.245,0.245,0.000,0.000,1.0000,25.000,51.193,10.031,9.97
21136.00,5.000,10.275,0.244,0.244,0.000,0.000,1.0000,25.000,51.193,10.031,9.97
21141.00,5.000,10.275,0.244,0.244,0.000,0.000,1.0000,25.000,51.193,10.031,9.97
21146.00,5.000,10.275,0.244,0.244,0.000,0.000,1.0000,25.000,51.193,10.031,9.96
21151.00,5.000,10.275,0.244,0.244,0.000,0.000,1.0000,25.000,51.193,10.031,9.96
21156.00,5.000,10.275,0.244,0.244,0.000,0.000,1.0000,25.000,51.193,10.031,9.95
21161.00,5.000,10.275,0.244,0.244,0.000,0.000,1.0000,25.000,51.193,10.031,9.95
21166.00,5.000,10.275,0.244,0.244,0.000,0.000,1.0000,25.000,51.193,10.031,9.94
21171.00,5.000,10.275,0.244,0.244,0.000,0.000,1.0000,25.000,51.193,10.031,9.94
21176.00,5.000,10.275,0.244,0.244,0.000,0.000,1.0000,25.000,51.193,10.031,9.94
21181.00,5.000,10.275,0.244,0.244,0.000,0.000,1.0000,25.000,51.193,10.031,9.93
21186.00,5.000,10.275,0.244,0.244,0.000,0.000,1.0000,25.000,51.193,10.031,9.93
21191.00,5.000,10.275,0.244,0.244,0.000,0.000,1.0000,25.000,51.193,10.031,9.92
21196.00,5.000,10.275,0.244,0.244,0.000,0.000,1.0000,25.000,51.193,10.031,9.92
21201.00,5.000,10.274,0.244,0.244,0.000,0.000,1.0000,25.000,51.193,10.031,9.91
21206.00,5.000,10.274,0.243,0.243,0.000,0.000,1.0000,25.000,51.193,10.031,9.91
21211.00,5.000,10.274,0.243,0.243,0.000,0.000,1.0000,25.000,51.193,10.031,9.91
21216.00,5.000,10.274,0.243,0.243,0.000,0.000,1.0000,25.000,51.193,10.031,9.90
21221.00,5.000,10.274,0.243,0.243,0.000,0.000,1.0000,25.000,51.193,10.031,9.90
21226.00,5.000,10.274,0.243,0.243,0.000,0.000,1.0000,25.000,51.193,10.031,9.89
21231.00,5.000,10.274,0.243,0.243,0.000,0.000,1.0000,25.000,51.193,10.031,9.89
21236.00,5.000,10.274,0.243,0.243,0.000,0.000,1.0000,25.000,51.193,10.031,9.88
21241.00,5.000,10.274,0.243,0.243,0.000,0.000,1.0000,25.000,51.193,10.031,9.88
21246.00,5.000,10.274,0.243,0.243,0.000,0.000,1.0000,25.000,51.193,10.031,9.88
21251.00,5.000,10.274,0.243,0.243,0.000,0.000,1.0000,25.000,51.193,10.031,9.87
21256.00,5.000,10.274,0.243,0.243,0.000,0.000,1.0000,25.000,51.193,10.031,9.87
21261.00,5.000,10.274,0.243,0.243,0.000,0.000,1.0000,25.000,51.193,10.031,9.86
21266.00,5.000,10.274,0.243,0.243,0.000,0.000,1.0000,25.000,51.193,10.031,9.86
21271.00,5.000,10.274,0.243,0.243,0.000,0.000,1.0000,25.000,51.193,10.031,9.85
21276.00,5.000,10.273,0.242,0.242,0.000,0.000,1.0000,25.000,51.193,10.031,9.85
21281.00,5.000,10.273,0.242,0.242,0.000,0.000,1.0000,25.000,51.193,10.031,9.85
21286.00,5.000,10.273,0.242,0.242,0.000,0.000,1.0000,25.000,51.193,10.031,9.84
21291.00,5.000,10.273,0.242,0.242,0.000,0.000,1.0000,25.000,51.193,10.031,9.84
21296.00,5.000,10.273,0.242,0.242,0.000,0.000,1.0000,25.000,51.193,10.031,9.83
21301.00,5.000,10.273,0.242,0.242,0.000,0.000,1.0000,25.000,51.193,10.031,9.83
21306.00,5.000,10.273,0.242,0.242,0.000,0.000,1.0000,25.000,51.193,10.031,9.82
21311.00,5.000,10.273,0.242,0.242,0.000,0.000,1.0000,25.000,51.193,10.031,9.82
21316.00,5.000,10.273,0.242,0.242,0.000,0.000,1.0000,25.000,51.193,10.031,9.82
21321.00,5.000,10.273,0.242,0.242,0.000,0.000,1.0000,25.000,51.193,10.031,9.81
21326.00,5.000,10.273,0.242,0.242,0.000,0.000,1.0000,25.000,51.193,10.031,9.81
21331.00,5.000,10.273,0.242,0.242,0.000,0.000,1.0000,25.000,51.193,10.031,9.80
21336.00,5.000,10.273,0.242,0.242,0.000,0.000,1.0000,25.000,51.193,10.031,9.80
21341.00,5.000,10.273,0.242,0.242,0.000,0.000,1.0000,25.000,51.193,10.031,9.80
21346.00,5.000,10.272,0.242,0.242,0.000,0.000,1.0000,25.000,51.193,10.031,9.79
21351.00,5.000,10.272,0.241,0.241,0.000,0.000,1.0000,25.000,51.193,10.031,9.79
21356.00,5.000,10.272,0.241,0.241,0.000,0.000,1.0000,25.000,51.193,10.031,9.78
21361.00,5.000,10.272,0.241,0.241,0.000,0.000,1.0000,25.000,51.193,10.031,9.78
21366.00,5.000,10.272,0.241,0.241,0.000,0.000,1.0000,25.000,51.193,10.031,9.77
21371.00,5.000,10.272,0.241,0.241,0.000,0.000,1.0000,25.000,51.193,10.031,9.77
21376.00,5.000,10.272,0.241,0.241,0.000,0.000,1.0000,25.000,51.193,10.031,9.77
21381.00,5.000,10.272,0.241,0.241,0.000,0.000,1.0000,25.000,51.193,10.031,9.76
21386.00,5.000,10.272,0.241,0.241,0.000,0.000,1.0000,25.000,51.193,10.031,9.76
21391.00,5.000,10.272,0.241,0.241,0.000,0.000,1.0000,25.000,51.193,10.031,9.75
21396.00,5.000,10.272,0.241,0.241,0.000,0.000,1.0000,25.000,51.193,10.031,9.75
21401.00,5.000,10.272,0.241,0.241,0.000,0.000,1.0000,25.000,51.193,10.031,9.75
21406.00,5.000,10.272,0.241,0.241,0.000,0.000,1.0000,25.000,51.193,10.031,9.74
21411.00,5.000,10.272,0.241,0.241,0.000,0.000,1.0000,25.000,51.193,10.031,9.74
21416.00,5.000,10.272,0.241,0.241,0.000,0.000,1.0000,25.000,51.193,10.031,9.73
21421.00,5.000,10.271,0.241,0.241,0.000,0.000,1.0000,25.000,51.193,10.031,9.73
21426.00,5.000,10.271,0.240,0.240,0.000,0.000,1.0000,25.000,51.193,10.031,9.72
21431.00,5.000,10.271,0.240,0.240,0.000,0.000,1.0000,25.000,51.193,10.031,9.72
21436.00,5.000,10.271,0.240,0.240,0.000,0.000,1.0000,25.000,51.193,10.031,9.72
21441.00,5.000,10.271,0.240,0.240,0.000,0.000,1.0000,25.000,51.193,10.031,9.71
21446.00,5.000,10.271,0.240,0.240,0.000,0.000,1.0000,25.000,51.193,10.031,9.71
21451.00,5.000,10.271,0.240,0.240,0.000,0.000,1.0000,25.000,51.193,10.031,9.70
21456.00,5.000,10.271,0.240,0.240,0.000,0.000,1.0000,25.000,51.193,10.031,9.70
21461.00,5.000,10.271,0.240,0.240,0.000,0.000,1.0000,25.000,51.193,10.031,9.70
21466.00,5.000,10.271,0.240,0.240,0.000,0.000,1.0000,25.000,51.193,10.031,9.69
21471.00,5.000,10.271,0.240,0.240,0.000,0.000,1.0000,25.000,51.193,10.031,9.69
21476.00,5.000,10.271,0.240,0.240,0.000,0.000,1.0000,25.000,51.193,10.031,9.68
21481.00,5.000,10.271,0.240,0.240,0.000,0.000,1.0000,25.000,51.193,10.031,9.68
21486.00,5.000,10.271,0.240,0.240,0.000,0.000,1.0000,25.000,51.193,10.031,9.68
21491.00,5.000,10.271,0.240,0.240,0.000,0.000,1.0000,25.000,51.193,10.031,9.67
21496.00,5.000,10.270,0.240,0.240,0.000,0.000,1.0000,25.000,51.193,10.031,9.67
21501.00,5.000,10.270,0.239,0.239,0.000,0.000,1.0000,25.000,51.193,10.031,9.66
21506.00,5.000,10.270,0.239,0.239,0.000,0.000,1.0000,25.000,51.193,10.031,9.66
21511.00,5.000,10.270,0.239,0.239,0.000,0.000,1.0000,25.000,51.193,10.031,9.66
21516.00,5.000,10.270,0.239,0.239,0.000,0.000,1.0000,25.000,51.193,10.031,9.65
21521.00,5.000,10.270,0.239,0.239,0.000,0.000,1.0000,25.000,51.193,10.031,9.65
21526.00,5.000,10.270,0.239,0.239,0.000,0.000,1.0000,25.000,51.193,10.031,9.64
21531.00,5.000,10.270,0.239,0.239,0.000,0.000,1.0000,25.000,51.193,10.031,9.64
21536.00,5.000,10.270,0.239,0.239,0.000,0.000,1.0000,25.000,51.193,10.031,9.64
21541.00,5.000,10.270,0.239,0.239,0.000,0.000,1.0000,25.000,51.193,10.031,9.63
21546.00,5.000,10.270,0.239,0.239,0.000,0.000,1.0000,25.000,51.193,10.031,9.63
21551.00,5.000,10.270,0.239,0.239,0.000,0.000,1.0000,25.000,51.193,10.031,9.62
21556.00,5.000,10.270,0.239,0.239,0.000,0.000,1.0000,25.000,51.193,10.031,9.62
21561.00,5.000,10.270,0.239,0.239,0.000,0.000,1.0000,25.000,51.193,10.031,9.62
21566.00,5.000,10.270,0.239,0.239,0.000,0.000,1.0000,25.000,51.193,10.031,9.61
21571.00,5.000,10.269,0.239,0.239,0.000,0.000,1.0000,25.000,51.193,10.031,9.61
21576.00,5.000,10.269,0.238,0.238,0.000,0.000,1.0000,25.000,51.193,10.031,9.60
21581.00,5.000,10.269,0.238,0.238,0.000,0.000,1.0000,25.000,51.193,10.031,9.60
21586.00,5.000,10.269,0.238,0.238,0.000,0.000,1.0000,25.000,51.193,10.031,9.60
21591.00,5.000,10.269,0.238,0.238,0.000,0.000,1.0000,25.000,51.193,10.031,9.59
21596.00,5.000,10.269,0.238,0.238,0.000,0.000,1.0000,25.000,51.193,10.031,9.59
21601.00,5.000,10.269,0.238,0.238,0.000,0.000,1.0000,25.000,51.193,10.031,9.58
21606.00,5.000,10.269,0.238,0.238,0.000,0.000,1.0000,25.000,51.193,10.031,9.58
21611.00,5.000,10.269,0.238,0.238,0.000,0.000,1.0000,25.000,51.193,10.031,9.58
21616.00,5.000,10.269,0.238,0.238,0.000,0.000,1.0000,25.000,51.193,10.031,9.57
21621.00,5.000,10.269,0.238,0.238,0.000,0.000,1.0000,25.000,51.193,10.031,9.57
21626.00,5.000,10.269,0.238,0.238,0.000,0.000,1.0000,25.000,51.193,10.031,9.56
21631.00,5.000,10.269,0.238,0.238,0.000,0.000,1.0000,25.000,51.193,10.031,9.56
21636.00,5.000,10.269,0.238,0.238,0.000,0.000,1.0000,25.000,51.193,10.031,9.56
21641.00,5.000,10.269,0.238,0.238,0.000,0.000,1.0000,25.000,51.193,10.031,9.55
21646.00,5.000,10.268,0.238,0.238,0.000,0.000,1.0000,25.000,51.193,10.031,9.55
21651.00,5.000,10.268,0.237,0.237,0.000,0.000,1.0000,25.000,51.193,10.031,9.54
21656.00,5.000,10.268,0.237,0.237,0.000,0.000,1.0000,25.000,51.193,10.031,9.54
21661.00,5.000,10.268,0.237,0.237,0.000,0.000,1.0000,25.000,51.193,10.031,9.54
21666.00,5.000,10.268,0.237,0.237,0.000,0.000,1.0000,25.000,51.193,10.031,9.53
21671.00,5.000,10.268,0.237,0.237,0.000,0.000,1.0000,25.000,51.193,10.031,9.53
21676.00,5.000,10.268,0.237,0.237,0.000,0.000,1.0000,25.000,51.193,10.031,9.52
21681.00,5.000,10.268,0.237,0.237,0.000,0.000,1.0000,25.000,51.193,10.031,9.52
21686.00,5.000,10.268,0.237,0.237,0.000,0.000,1.0000,25.000,51.193,10.031,9.52
21691.00,5.000,10.268,0.237,0.237,0.000,0.000,1.0000,25.000,51.193,10.031,9.51
21696.00,5.000,10.268,0.237,0.237,0.000,0.000,1.0000,25.000,51.193,10.031,9.51
21701.00,5.000,10.268,0.237,0.237,0.000,0.000,1.0000,25.000,51.193,10.031,9.51
21706.00,5.000,10.268,0.237,0.237,0.000,0.000,1.0000,25.000,51.193,10.031,9.50
21711.00,5.000,10.268,0.237,0.237,0.000,0.000,1.0000,25.000,51.193,10.031,9.50
21716.00,5.000,10.268,0.237,0.237,0.000,0.000,1.0000,25.000,51.193,10.031,9.49
21721.00,5.000,10.268,0.237,0.237,0.000,0.000,1.0000,25.000,51.193,10.031,9.49
21726.00,5.000,10.267,0.237,0.237,0.000,0.000,1.0000,25.000,51.193,10.031,9.49
21731.00,5.000,10.267,0.236,0.236,0.000,0.000,1.0000,25.000,51.193,10.031,9.48
21736.00,5.000,10.267,0.236,0.236,0.000,0.000,1.0000,25.000,51.193,10.031,9.48
21741.00,5.000,10.267,0.236,0.236,0.000,0.000,1.0000,25.000,51.193,10.031,9.47
21746.00,5.000,10.267,0.236,0.236,0.000,0.000,1.0000,25.000,51.193,10.031,9.47
21751.00,5.000,10.267,0.236,0.236,0.000,0.000,1.0000,25.000,51.193,10.031,9.47
21756.00,5.000,10.267,0.236,0.236,0.000,0.000,1.0000,25.000,51.193,10.031,9.46
21761.00,5.000,10.267,0.236,0.236,0.000,0.000,1.0000,25.000,51.193,10.031,9.46
21766.00,5.000,10.267,0.236,0.236,0.000,0.000,1.0000,25.000,51.193,10.031,9.46
21771.00,5.000,10.267,0.236,0.236,0.000,0.000,1.0000,25.000,51.193,10.031,9.45
21776.00,5.000,10.267,0.236,0.236,0.000,0.000,1.0000,25.000,51.193,10.031,9.45
21781.00,5.000,10.267,0.236,0.236,0.000,0.000,1.0000,25.000,51.193,10.031,9.44
21786.00,5.000,10.267,0.236,0.236,0.000,0.000,1.0000,25.000,51.193,10.031,9.44
21791.00,5.000,10.267,0.236,0.236,0.000,0.000,1.0000,25.000,51.193,10.031,9.44
21796.00,5.000,10.267,0.236,0.236,0.000,0.000,1.0000,25.000,51.193,10.031,9.43
21801.00,5.000,10.267,0.236,0.236,0.000,0.000,1.0000,25.000,51.193,10.031,9.43
21806.00,5.000,10.266,0.235,0.235,0.000,0.000,1.0000,25.000,51.193,10.031,9.42
21811.00,5.000,10.266,0.235,0.235,0.000,0.000,1.0000,25.000,51.193,10.031,9.42
21816.00,5.000,10.266,0.235,0.235,0.000,0.000,1.0000,25.000,51.193,10.031,9.42
21821.00,5.000,10.266,0.235,0.235,0.000,0.000,1.0000,25.000,51.193,10.031,9.41
21826.00,5.000,10.266,0.235,0.235,0.000,0.000,1.0000,25.000,51.193,10.031,9.41
21831.00,5.000,10.266,0.235,0.235,0.000,0.000,1.0000,25.000,51.193,10.031,9.41
21836.00,5.000,10.266,0.235,0.235,0.000,0.000,1.0000,25.000,51.193,10.031,9.40
21841.00,5.000,10.266,0.235,0.235,0.000,0.000,1.0000,25.000,51.193,10.031,9.40
21846.00,5.000,10.266,0.235,0.235,0.000,0.000,1.0000,25.000,51.193,10.031,9.39
21851.00,5.000,10.266,0.235,0.235,0.000,0.000,1.0000,25.000,51.193,10.031,9.39
21856.00,5.000,10.266,0.235,0.235,0.000,0.000,1.0000,25.000,51.193,10.031,9.39
21861.00,5.000,10.266,0.235,0.235,0.000,0.000,1.0000,25.000,51.193,10.031,9.38
21866.00,5.000,10.266,0.235,0.235,0.000,0.000,1.0000,25.000,51.193,10.031,9.38
21871.00,5.000,10.266,0.235,0.235,0.000,0.000,1.0000,25.000,51.193,10.031,9.38
21876.00,5.000,10.266,0.235,0.235,0.000,0.000,1.0000,25.000,51.193,10.031,9.37
21881.00,5.000,10.265,0.235,0.235,0.000,0.000,1.0000,25.000,51.193,10.031,9.37
21886.00,5.000,10.265,0.234,0.234,0.000,0.000,1.0000,25.000,51.193,10.031,9.36
21891.00,5.000,10.265,0.234,0.234,0.000,0.000,1.0000,25.000,51.193,10.031,9.36
21896.00,5.000,10.265,0.234,0.234,0.000,0.000,1.0000,25.000,51.193,10.031,9.36
21901.00,5.000,10.265,0.234,0.234,0.000,0.000,1.0000,25.000,51.193,10.031,9.35
21906.00,5.000,10.265,0.234,0.234,0.000,0.000,1.0000,25.000,51.193,10.031,9.35
21911.00,5.000,10.265,0.234,0.234,0.000,0.000,1.0000,25.000,51.193,10.031,9.35
21916.00,5.000,10.265,0.234,0.234,0.000,0.000,1.0000,25.000,51.193,10.031,9.34
21921.00,5.000,10.265,0.234,0.234,0.000,0.000,1.0000,25.000,51.193,10.031,9.34
21926.00,5.000,10.265,0.234,0.234,0.000,0.000,1.0000,25.000,51.193,10.031,9.33
21931.00,5.000,10.265,0.234,0.234,0.000,0.000,1.0000,25.000,51.193,10.031,9.33
21936.00,5.000,10.265,0.234,0.234,0.000,0.000,1.0000,25.000,51.193,10.031,9.33
21941.00,5.000,10.265,0.234,0.234,0.000,0.000,1.0000,25.000,51.193,10.031,9.32
21946.00,5.000,10.265,0.234,0.234,0.000,0.000,1.0000,25.000,51.193,10.031,9.32
21951.00,5.000,10.265,0.234,0.234,0.000,0.000,1.0000,25.000,51.193,10.031,9.32
21956.00,5.000,10.265,0.234,0.234,0.000,0.000,1.0000,25.000,51.193,10.031,9.31
21961.00,5.000,10.265,0.234,0.234,0.000,0.000,1.0000,25.000,51.193,10.031,9.31
21966.00,5.000,10.264,0.234,0.234,0.000,0.000,1.0000,25.000,51.193,10.031,9.30
21971.00,5.000,10.264,0.233,0.233,0.000,0.000,1.0000,25.000,51.193,10.031,9.30
21976.00,5.000,10.264,0.233,0.233,0.000,0.000,1.0000,25.000,51.193,10.031,9.30
21981.00,5.000,10.264,0.233,0.233,0.000,0.000,1.0000,25.000,51.193,10.031,9.29
21986.00,5.000,10.264,0.233,0.233,0.000,0.000,1.0000,25.000,51.193,10.031,9.29
21991.00,5.000,10.264,0.233,0.233,0.000,0.000,1.0000,25.000,51.193,10.031,9.29
21996.00,5.000,10.264,0.233,0.233,0.000,0.000,1.0000,25.000,51.193,10.031,9.28
22001.00,5.000,10.264,0.233,0.233,0.000,0.000,1.0000,25.000,51.193,10.031,9.28
22006.00,5.000,10.264,0.233,0.233,0.000,0.000,1.0000,25.000,51.193,10.031,9.28
22011.00,5.000,10.264,0.233,0.233,0.000,0.000,1.0000,25.000,51.193,10.031,9.27
22016.00,5.000,10.264,0.233,0.233,0.000,0.000,1.0000,25.000,51.193,10.031,9.27
22021.00,5.000,10.264,0.233,0.233,0.000,0.000,1.0000,25.000,51.193,10.031,9.26
22026.00,5.000,10.264,0.233,0.233,0.000,0.000,1.0000,25.000,51.193,10.031,9.26
22031.00,5.000,10.264,0.233,0.233,0.000,0.000,1.0000,25.000,51.193,10.031,9.26
22036.00,5.000,10.264,0.233,0.233,0.000,0.000,1.0000,25.000,51.193,10.031,9.25
22041.00,5.000,10.264,0.233,0.233,0.000,0.000,1.0000,25.000,51.193,10.031,9.25
22046.00,5.000,10.263,0.233,0.233,0.000,0.000,1.0000,25.000,51.193,10.031,9.25
22051.00,5.000,10.263,0.232,0.232,0.000,0.000,1.0000,25.000,51.193,10.031,9.24
22056.00,5.000,10.263,0.232,0.232,0.000,0.000,1.0000,25.000,51.193,10.031,9.24
22061.00,5.000,10.263,0.232,0.232,0.000,0.000,1.0000,25.000,51.193,10.031,9.24
22066.00,5.000,10.263,0.232,0.232,0.000,0.000,1.0000,25.000,51.193,10.031,9.23
22071.00,5.000,10.263,0.232,0.232,0.000,0.000,1.0000,25.000,51.193,10.031,9.23
22076.00,5.000,10.263,0.232,0.232,0.000,0.000,1.0000,25.000,51.193,10.031,9.22
22081.00,5.000,10.263,0.232,0.232,0.000,0.000,1.0000,25.000,51.193,10.031,9.22
22086.00,5.000,10.263,0.232,0.232,0.000,0.000,1.0000,25.000,51.193,10.031,9.22
22091.00,5.000,10.263,0.232,0.232,0.000,0.000,1.0000,25.000,51.193,10.031,9.21
22096.00,5.000,10.263,0.232,0.232,0.000,0.000,1.0000,25.000,51.193,10.031,9.21
22101.00,5.000,10.263,0.232,0.232,0.000,0.000,1.0000,25.000,51.193,10.031,9.21
22106.00,5.000,10.263,0.232,0.232,0.000,0.000,1.0000,25.000,51.193,10.031,9.20
22111.00,5.000,10.263,0.232,0.232,0.000,0.000,1.0000,25.000,51.193,10.031,9.20
22116.00,5.000,10.263,0.232,0.232,0.000,0.000,1.0000,25.000,51.193,10.031,9.20
22121.00,5.000,10.263,0.232,0.232,0.000,0.000,1.0000,25.000,51.193,10.031,9.19
22126.00,5.000,10.263,0.232,0.232,0.000,0.000,1.0000,25.000,51.193,10.031,9.19
22131.00,5.000,10.262,0.232,0.232,0.000,0.000,1.0000,25.000,51.193,10.031,9.19
22136.00,5.000,10.262,0.231,0.231,0.000,0.000,1.0000,25.000,51.193,10.031,9.18
22141.00,5.000,10.262,0.231,0.231,0.000,0.000,1.0000,25.000,51.193,10.031,9.18
22146.00,5.000,10.262,0.231,0.231,0.000,0.000,1.0000,25.000,51.193,10.031,9.17
22151.00,5.000,10.262,0.231,0.231,0.000,0.000,1.0000,25.000,51.193,10.031,9.17
22156.00,5.000,10.262,0.231,0.231,0.000,0.000,1.0000,25.000,51.193,10.031,9.17
22161.00,5.000,10.262,0.231,0.231,0.000,0.000,1.0000,25.000,51.193,10.031,9.16
22166.00,5.000,10.262,0.231,0.231,0.000,0.000,1.0000,25.000,51.193,10.031,9.16
22171.00,5.000,10.262,0.231,0.231,0.000,0.000,1.0000,25.000,51.193,10.031,9.16
22176.00,5.000,10.262,0.231,0.231,0.000,0.000,1.0000,25.000,51.193,10.031,9.15
22181.00,5.000,10.262,0.231,0.231,0.000,0.000,1.0000,25.000,51.193,10.031,9.15
22186.00,5.000,10.262,0.231,0.231,0.000,0.000,1.0000,25.000,51.193,10.031,9.15
22191.00,5.000,10.262,0.231,0.231,0.000,0.000,1.0000,25.000,51.193,10.031,9.14
22196.00,5.000,10.262,0.231,0.231,0.000,0.000,1.0000,25.000,51.193,10.031,9.14
22201.00,5.000,10.262,0.231,0.231,0.000,0.000,1.0000,25.000,51.193,10.031,9.14
22206.00,5.000,10.262,0.231,0.231,0.000,0.000,1.0000,25.000,51.193,10.031,9.13
22211.00,5.000,10.262,0.231,0.231,0.000,0.000,1.0000,25.000,51.193,10.031,9.13
22216.00,5.000,10.261,0.231,0.231,0.000,0.000,1.0000,25.000,51.193,10.031,9.13
22221.00,5.000,10.261,0.230,0.230,0.000,0.000,1.0000,25.000,51.193,10.031,9.12
22226.00,5.000,10.261,0.230,0.230,0.000,0.000,1.0000,25.000,51.193,10.031,9.12
22231.00,5.000,10.261,0.230,0.230,0.000,0.000,1.0000,25.000,51.193,10.031,9.11
22236.00,5.000,10.261,0.230,0.230,0.000,0.000,1.0000,25.000,51.193,10.031,9.11
22241.00,5.000,10.261,0.230,0.230,0.000,0.000,1.0000,25.000,51.193,10.031,9.11
22246.00,5.000,10.261,0.230,0.230,0.000,0.000,1.0000,25.000,51.193,10.031,9.10
22251.00,5.000,10.261,0.230,0.230,0.000,0.000,1.0000,25.000,51.193,10.031,9.10
22256.00,5.000,10.261,0.230,0.230,0.000,0.000,1.0000,25.000,51.193,10.031,9.10
22261.00,5.000,10.261,0.230,0.230,0.000,0.000,1.0000,25.000,51.193,10.031,9.09
22266.00,5.000,10.261,0.230,0.230,0.000,0.000,1.0000,25.000,51.193,10.031,9.09
22271.00,5.000,10.261,0.230,0.230,0.000,0.000,1.0000,25.000,51.193,10.031,9.09
22276.00,5.000,10.261,0.230,0.230,0.000,0.000,1.0000,25.000,51.193,10.031,9.08
22281.00,5.000,10.261,0.230,0.230,0.000,0.000,1.0000,25.000,51.193,10.031,9.08
22286.00,5.000,10.261,0.230,0.230,0.000,0.000,1.0000,25.000,51.193,10.031,9.08
22291.00,5.000,10.261,0.230,0.230,0.000,0.000,1.0000,25.000,51.193,10.031,9.07
22296.00,5.000,10.261,0.230,0.230,0.000,0.000,1.0000,25.000,51.193,10.031,9.07
22301.00,5.000,10.260,0.230,0.230,0.000,0.000,1.0000,25.000,51.193,10.031,9.07
22306.00,5.000,10.260,0.229,0.229,0.000,0.000,1.0000,25.000,51.193,10.031,9.06
22311.00,5.000,10.260,0.229,0.229,0.000,0.000,1.0000,25.000,51.193,10.031,9.06
22316.00,5.000,10.260,0.229,0.229,0.000,0.000,1.0000,25.000,51.193,10.031,9.06
22321.00,5.000,10.260,0.229,0.229,0.000,0.000,1.0000,25.000,51.193,10.031,9.05
22326.00,5.000,10.260,0.229,0.229,0.000,0.000,1.0000,25.000,51.193,10.031,9.05
22331.00,5.000,10.260,0.229,0.229,0.000,0.000,1.0000,25.000,51.193,10.031,9.05
22336.00,5.000,10.260,0.229,0.229,0.000,0.000,1.0000,25.000,51.193,10.031,9.04
22341.00,5.000,10.260,0.229,0.229,0.000,0.000,1.0000,25.000,51.193,10.031,9.04
22346.00,5.000,10.260,0.229,0.229,0.000,0.000,1.0000,25.000,51.193,10.031,9.04
22351.00,5.000,10.260,0.229,0.229,0.000,0.000,1.0000,25.000,51.193,10.031,9.03
22356.00,5.000,10.260,0.229,0.229,0.000,0.000,1.0000,25.000,51.193,10.031,9.03
22361.00,5.000,10.260,0.229,0.229,0.000,0.000,1.0000,25.000,51.193,10.031,9.02
22366.00,5.000,10.260,0.229,0.229,0.000,0.000,1.0000,25.000,51.193,10.031,9.02
22371.00,5.000,10.260,0.229,0.229,0.000,0.000,1.0000,25.000,51.193,10.031,9.02
22376.00,5.000,10.260,0.229,0.229,0.000,0.000,1.0000,25.000,51.193,10.031,9.01
22381.00,5.000,10.260,0.229,0.229,0.000,0.000,1.0000,25.000,51.193,10.031,9.01
22386.00,5.000,10.259,0.229,0.229,0.000,0.000,1.0000,25.000,51.193,10.031,9.01
22391.00,5.000,10.259,0.228,0.228,0.000,0.000,1.0000,25.000,51.193,10.031,9.00
22396.00,5.000,10.259,0.228,0.228,0.000,0.000,1.0000,25.000,51.193,10.031,9.00
22401.00,5.000,10.259,0.228,0.228,0.000,0.000,1.0000,25.000,51.193,10.031,9.00
22406.00,5.000,10.259,0.228,0.228,0.000,0.000,1.0000,25.000,51.193,10.031,8.99
22411.00,5.000,10.259,0.228,0.228,0.000,0.000,1.0000,25.000,51.193,10.031,8.99
22416.00,5.000,10.259,0.228,0.228,0.000,0.000,1.0000,25.000,51.193,10.031,8.99
22421.00,5.000,10.259,0.228,0.228,0.000,0.000,1.0000,25.000,51.193,10.031,8.98
22426.00,5.000,10.259,0.228,0.228,0.000,0.000,1.0000,25.000,51.193,10.031,8.98
22431.00,5.000,10.259,0.228,0.228,0.000,0.000,1.0000,25.000,51.193,10.031,8.98
22436.00,5.000,10.259,0.228,0.228,0.000,0.000,1.0000,25.000,51.193,10.031,8.97
22441.00,5.000,10.259,0.228,0.228,0.000,0.000,1.0000,25.000,51.193,10.031,8.97
22446.00,5.000,10.259,0.228,0.228,0.000,0.000,1.0000,25.000,51.193,10.031,8.97
22451.00,5.000,10.259,0.228,0.228,0.000,0.000,1.0000,25.000,51.193,10.031,8.96
22456.00,5.000,10.259,0.228,0.228,0.000,0.000,1.0000,25.000,51.193,10.031,8.96
22461.00,5.000,10.259,0.228,0.228,0.000,0.000,1.0000,25.000,51.193,10.031,8.96
22466.00,5.000,10.259,0.228,0.228,0.000,0.000,1.0000,25.000,51.193,10.031,8.95
22471.00,5.000,10.259,0.228,0.228,0.000,0.000,1.0000,25.000,51.193,10.031,8.95
22476.00,5.000,10.258,0.228,0.228,0.000,0.000,1.0000,25.000,51.193,10.031,8.95
22481.00,5.000,10.258,0.227,0.227,0.000,0.000,1.0000,25.000,51.193,10.031,8.94
22486.00,5.000,10.258,0.227,0.227,0.000,0.000,1.0000,25.000,51.193,10.031,8.94
22491.00,5.000,10.258,0.227,0.227,0.000,0.000,1.0000,25.000,51.193,10.031,8.94
22496.00,5.000,10.258,0.227,0.227,0.000,0.000,1.0000,25.000,51.193,10.031,8.93
22501.00,5.000,10.258,0.227,0.227,0.000,0.000,1.0000,25.000,51.193,10.031,8.93
22506.00,5.000,10.258,0.227,0.227,0.000,0.000,1.0000,25.000,51.193,10.031,8.93
22511.00,5.000,10.258,0.227,0.227,0.000,0.000,1.0000,25.000,51.193,10.031,8.92
22516.00,5.000,10.258,0.227,0.227,0.000,0.000,1.0000,25.000,51.193,10.031,8.92
22521.00,5.000,10.258,0.227,0.227,0.000,0.000,1.0000,25.000,51.193,10.031,8.92
22526.00,5.000,10.258,0.227,0.227,0.000,0.000,1.0000,25.000,51.193,10.031,8.91
22531.00,5.000,10.258,0.227,0.227,0.000,0.000,1.0000,25.000,51.193,10.031,8.91
22536.00,5.000,10.258,0.227,0.227,0.000,0.000,1.0000,25.000,51.193,10.031,8.91
22541.00,5.000,10.258,0.227,0.227,0.000,0.000,1.0000,25.000,51.193,10.031,8.90
22546.00,5.000,10.258,0.227,0.227,0.000,0.000,1.0000,25.000,51.193,10.031,8.90
22551.00,5.000,10.258,0.227,0.227,0.000,0.000,1.0000,25.000,51.193,10.031,8.90
22556.00,5.000,10.258,0.227,0.227,0.000,0.000,1.0000,25.000,51.193,10.031,8.89
22561.00,5.000,10.258,0.227,0.227,0.000,0.000,1.0000,25.000,51.193,10.031,8.89
22566.00,5.000,10.257,0.227,0.227,0.000,0.000,1.0000,25.000,51.193,10.031,8.89
22571.00,5.000,10.257,0.226,0.226,0.000,0.000,1.0000,25.000,51.193,10.031,8.88
22576.00,5.000,10.257,0.226,0.226,0.000,0.000,1.0000,25.000,51.193,10.031,8.88
22581.00,5.000,10.257,0.226,0.226,0.000,0.000,1.0000,25.000,51.193,10.031,8.88
22586.00,5.000,10.257,0.226,0.226,0.000,0.000,1.0000,25.000,51.193,10.031,8.87
22591.00,5.000,10.257,0.226,0.226,0.000,0.000,1.0000,25.000,51.193,10.031,8.87
22596.00,5.000,10.257,0.226,0.226,0.000,0.000,1.0000,25.000,51.193,10.031,8.87
22601.00,5.000,10.257,0.226,0.226,0.000,0.000,1.0000,25.000,51.193,10.031,8.86
22606.00,5.000,10.257,0.226,0.226,0.000,0.000,1.0000,25.000,51.193,10.031,8.86
22611.00,5.000,10.257,0.226,0.226,0.000,0.000,1.0000,25.000,51.193,10.031,8.86
22616.00,5.000,10.257,0.226,0.226,0.000,0.000,1.0000,25.000,51.193,10.031,8.86
22621.00,5.000,10.257,0.226,0.226,0.000,0.000,1.0000,25.000,51.193,10.031,8.85
22626.00,5.000,10.257,0.226,0.226,0.000,0.000,1.0000,25.000,51.193,10.031,8.85
22631.00,5.000,10.257,0.226,0.226,0.000,0.000,1.0000,25.000,51.193,10.031,8.85
22636.00,5.000,10.257,0.226,0.226,0.000,0.000,1.0000,25.000,51.193,10.031,8.84
22641.00,5.000,10.257,0.226,0.226,0.000,0.000,1.0000,25.000,51.193,10.031,8.84
22646.00,5.000,10.257,0.226,0.226,0.000,0.000,1.0000,25.000,51.193,10.031,8.84
22651.00,5.000,10.257,0.226,0.226,0.000,0.000,1.0000,25.000,51.193,10.031,8.83
22656.00,5.000,10.256,0.226,0.226,0.000,0.000,1.0000,25.000,51.193,10.031,8.83
22661.00,5.000,10.256,0.225,0.225,0.000,0.000,1.0000,25.000,51.193,10.031,8.83
22666.00,5.000,10.256,0.225,0.225,0.000,0.000,1.0000,25.000,51.193,10.031,8.82
22671.00,5.000,10.256,0.225,0.225,0.000,0.000,1.0000,25.000,51.193,10.031,8.82
22676.00,5.000,10.256,0.225,0.225,0.000,0.000,1.0000,25.000,51.193,10.031,8.82
22681.00,5.000,10.256,0.225,0.225,0.000,0.000,1.0000,25.000,51.193,10.031,8.81
22686.00,5.000,10.256,0.225,0.225,0.000,0.000,1.0000,25.000,51.193,10.031,8.81
22691.00,5.000,10.256,0.225,0.225,0.000,0.000,1.0000,25.000,51.193,10.031,8.81
22696.00,5.000,10.256,0.225,0.225,0.000,0.000,1.0000,25.000,51.193,10.031,8.80
22701.00,5.000,10.256,0.225,0.225,0.000,0.000,1.0000,25.000,51.193,10.031,8.80
22706.00,5.000,10.256,0.225,0.225,0.000,0.000,1.0000,25.000,51.193,10.031,8.80
22711.00,5.000,10.256,0.225,0.225,0.000,0.000,1.0000,25.000,51.193,10.031,8.79
22716.00,5.000,10.256,0.225,0.225,0.000,0.000,1.0000,25.000,51.193,10.031,8.79
22721.00,5.000,10.256,0.225,0.225,0.000,0.000,1.0000,25.000,51.193,10.031,8.79
22726.00,5.000,10.256,0.225,0.225,0.000,0.000,1.0000,25.000,51.193,10.031,8.78
22731.00,5.000,10.256,0.225,0.225,0.000,0.000,1.0000,25.000,51.193,10.031,8.78
22736.00,5.000,10.256,0.225,0.225,0.000,0.000,1.0000,25.000,51.193,10.031,8.78
22741.00,5.000,10.256,0.225,0.225,0.000,0.000,1.0000,25.000,51.193,10.031,8.77
22746.00,5.000,10.255,0.225,0.225,0.000,0.000,1.0000,25.000,51.193,10.031,8.77
22751.00,5.000,10.255,0.224,0.224,0.000,0.000,1.0000,25.000,51.193,10.031,8.77
22756.00,5.000,10.255,0.224,0.224,0.000,0.000,1.0000,25.000,51.193,10.031,8.77
22761.00,5.000,10.255,0.224,0.224,0.000,0.000,1.0000,25.000,51.193,10.031,8.76
22766.00,5.000,10.255,0.224,0.224,0.000,0.000,1.0000,25.000,51.193,10.031,8.76
22771.00,5.000,10.255,0.224,0.224,0.000,0.000,1.0000,25.000,51.193,10.031,8.76
22776.00,5.000,10.255,0.224,0.224,0.000,0.000,1.0000,25.000,51.193,10.031,8.75
22781.00,5.000,10.255,0.224,0.224,0.000,0.000,1.0000,25.000,51.193,10.031,8.75
22786.00,5.000,10.255,0.224,0.224,0.000,0.000,1.0000,25.000,51.193,10.031,8.75
22791.00,5.000,10.255,0.224,0.224,0.000,0.000,1.0000,25.000,51.193,10.031,8.74
22796.00,5.000,10.255,0.224,0.224,0.000,0.000,1.0000,25.000,51.193,10.031,8.74
22801.00,5.000,10.255,0.224,0.224,0.000,0.000,1.0000,25.000,51.193,10.031,8.74
22806.00,5.000,10.255,0.224,0.224,0.000,0.000,1.0000,25.000,51.193,10.031,8.73
22811.00,5.000,10.255,0.224,0.224,0.000,0.000,1.0000,25.000,51.193,10.031,8.73
22816.00,5.000,10.255,0.224,0.224,0.000,0.000,1.0000,25.000,51.193,10.031,8.73
22821.00,5.000,10.255,0.224,0.224,0.000,0.000,1.0000,25.000,51.193,10.031,8.72
22826.00,5.000,10.255,0.224,0.224,0.000,0.000,1.0000,25.000,51.193,10.031,8.72
22831.00,5.000,10.255,0.224,0.224,0.000,0.000,1.0000,25.000,51.193,10.031,8.72
22836.00,5.000,10.255,0.224,0.224,0.000,0.000,1.0000,25.000,51.193,10.031,8.72
22841.00,5.000,10.254,0.224,0.224,0.000,0.000,1.0000,25.000,51.193,10.031,8.71
22846.00,5.000,10.254,0.223,0.223,0.000,0.000,1.0000,25.000,51.193,10.031,8.71
22851.00,5.000,10.254,0.223,0.223,0.000,0.000,1.0000,25.000,51.193,10.031,8.71
22856.00,5.000,10.254,0.223,0.223,0.000,0.000,1.0000,25.000,51.193,10.031,8.70
22861.00,5.000,10.254,0.223,0.223,0.000,0.000,1.0000,25.000,51.193,10.031,8.70
22866.00,5.000,10.254,0.223,0.223,0.000,0.000,1.0000,25.000,51.193,10.031,8.70
22871.00,5.000,10.254,0.223,0.223,0.000,0.000,1.0000,25.000,51.193,10.031,8.69
22876.00,5.000,10.254,0.223,0.223,0.000,0.000,1.0000,25.000,51.193,10.031,8.69
22881.00,5.000,10.254,0.223,0.223,0.000,0.000,1.0000,25.000,51.193,10.031,8.69
22886.00,5.000,10.254,0.223,0.223,0.000,0.000,1.0000,25.000,51.193,10.031,8.68
22891.00,5.000,10.254,0.223,0.223,0.000,0.000,1.0000,25.000,51.193,10.031,8.68
22896.00,5.000,10.254,0.223,0.223,0.000,0.000,1.0000,25.000,51.193,10.031,8.68
22901.00,5.000,10.254,0.223,0.223,0.000,0.000,1.0000,25.000,51.193,10.031,8.68
22906.00,5.000,10.254,0.223,0.223,0.000,0.000,1.0000,25.000,51.193,10.031,8.67
22911.00,5.000,10.254,0.223,0.223,0.000,0.000,1.0000,25.000,51.193,10.031,8.67
22916.00,5.000,10.254,0.223,0.223,0.000,0.000,1.0000,25.000,51.193,10.031,8.67
22921.00,5.000,10.254,0.223,0.223,0.000,0.000,1.0000,25.000,51.193,10.031,8.66
22926.00,5.000,10.254,0.223,0.223,0.000,0.000,1.0000,25.000,51.193,10.031,8.66
22931.00,5.000,10.254,0.223,0.223,0.000,0.000,1.0000,25.000,51.193,10.031,8.66
22936.00,5.000,10.253,0.223,0.223,0.000,0.000,1.0000,25.000,51.193,10.031,8.65
22941.00,5.000,10.253,0.222,0.222,0.000,0.000,1.0000,25.000,51.193,10.031,8.65
22946.00,5.000,10.253,0.222,0.222,0.000,0.000,1.0000,25.000,51.193,10.031,8.65
22951.00,5.000,10.253,0.222,0.222,0.000,0.000,1.0000,25.000,51.193,10.031,8.64
22956.00,5.000,10.253,0.222,0.222,0.000,0.000,1.0000,25.000,51.193,10.031,8.64
22961.00,5.000,10.253,0.222,0.222,0.000,0.000,1.0000,25.000,51.193,10.031,8.64
22966.00,5.000,10.253,0.222,0.222,0.000,0.000,1.0000,25.000,51.193,10.031,8.64
22971.00,5.000,10.253,0.222,0.222,0.000,0.000,1.0000,25.000,51.193,10.031,8.63
22976.00,5.000,10.253,0.222,0.222,0.000,0.000,1.0000,25.000,51.193,10.031,8.63
22981.00,5.000,10.253,0.222,0.222,0.000,0.000,1.0000,25.000,51.193,10.031,8.63
22986.00,5.000,10.253,0.222,0.222,0.000,0.000,1.0000,25.000,51.193,10.031,8.62
22991.00,5.000,10.253,0.222,0.222,0.000,0.000,1.0000,25.000,51.193,10.031,8.62
22996.00,5.000,10.253,0.222,0.222,0.000,0.000,1.0000,25.000,51.193,10.031,8.62
23001.00,5.000,10.253,0.222,0.222,0.000,0.000,1.0000,25.000,51.193,10.031,8.61
23006.00,5.000,10.253,0.222,0.222,0.000,0.000,1.0000,25.000,51.193,10.031,8.61
23011.00,5.000,10.253,0.222,0.222,0.000,0.000,1.0000,25.000,51.193,10.031,8.61
23016.00,5.000,10.253,0.222,0.222,0.000,0.000,1.0000,25.000,51.193,10.031,8.61
23021.00,5.000,10.253,0.222,0.222,0.000,0.000,1.0000,25.000,51.193,10.031,8.60
23026.00,5.000,10.253,0.222,0.222,0.000,0.000,1.0000,25.000,51.193,10.031,8.60
23031.00,5.000,10.252,0.222,0.222,0.000,0.000,1.0000,25.000,51.193,10.031,8.60
23036.00,5.000,10.252,0.221,0.221,0.000,0.000,1.0000,25.000,51.193,10.031,8.59
23041.00,5.000,10.252,0.221,0.221,0.000,0.000,1.0000,25.000,51.193,10.031,8.59
23046.00,5.000,10.252,0.221,0.221,0.000,0.000,1.0000,25.000,51.193,10.031,8.59
23051.00,5.000,10.252,0.221,0.221,0.000,0.000,1.0000,25.000,51.193,10.031,8.58
23056.00,5.000,10.252,0.221,0.221,0.000,0.000,1.0000,25.000,51.193,10.031,8.58
23061.00,5.000,10.252,0.221,0.221,0.000,0.000,1.0000,25.000,51.193,10.031,8.58
23066.00,5.000,10.252,0.221,0.221,0.000,0.000,1.0000,25.000,51.193,10.031,8.58
23071.00,5.000,10.252,0.221,0.221,0.000,0.000,1.0000,25.000,51.193,10.031,8.57
23076.00,5.000,10.252,0.221,0.221,0.000,0.000,1.0000,25.000,51.193,10.031,8.57
23081.00,5.000,10.252,0.221,0.221,0.000,0.000,1.0000,25.000,51.193,10.031,8.57
23086.00,5.000,10.252,0.221,0.221,0.000,0.000,1.0000,25.000,51.193,10.031,8.56
23091.00,5.000,10.252,0.221,0.221,0.000,0.000,1.0000,25.000,51.193,10.031,8.56
23096.00,5.000,10.252,0.221,0.221,0.000,0.000,1.0000,25.000,51.193,10.031,8.56
23101.00,5.000,10.252,0.221,0.221,0.000,0.000,1.0000,25.000,51.193,10.031,8.55
23106.00,5.000,10.252,0.221,0.221,0.000,0.000,1.0000,25.000,51.193,10.031,8.55
23111.00,5.000,10.252,0.221,0.221,0.000,0.000,1.0000,25.000,51.193,10.031,8.55
23116.00,5.000,10.252,0.221,0.221,0.000,0.000,1.0000,25.000,51.193,10.031,8.55
23121.00,5.000,10.252,0.221,0.221,0.000,0.000,1.0000,25.000,51.193,10.031,8.54
23126.00,5.000,10.252,0.221,0.221,0.000,0.000,1.0000,25.000,51.193,10.031,8.54
23131.00,5.000,10.251,0.221,0.221,0.000,0.000,1.0000,25.000,51.193,10.031,8.54
23136.00,5.000,10.251,0.220,0.220,0.000,0.000,1.0000,25.000,51.193,10.031,8.53
23141.00,5.000,10.251,0.220,0.220,0.000,0.000,1.0000,25.000,51.193,10.031,8.53
23146.00,5.000,10.251,0.220,0.220,0.000,0.000,1.0000,25.000,51.193,10.031,8.53
23151.00,5.000,10.251,0.220,0.220,0.000,0.000,1.0000,25.000,51.193,10.031,8.52
23156.00,5.000,10.251,0.220,0.220,0.000,0.000,1.0000,25.000,51.193,10.031,8.52
23161.00,5.000,10.251,0.220,0.220,0.000,0.000,1.0000,25.000,51.193,10.031,8.52
23166.00,5.000,10.251,0.220,0.220,0.000,0.000,1.0000,25.000,51.193,10.031,8.52
23171.00,5.000,10.251,0.220,0.220,0.000,0.000,1.0000,25.000,51.193,10.031,8.51
23176.00,5.000,10.251,0.220,0.220,0.000,0.000,1.0000,25.000,51.193,10.031,8.51
23181.00,5.000,10.251,0.220,0.220,0.000,0.000,1.0000,25.000,51.193,10.031,8.51
23186.00,5.000,10.251,0.220,0.220,0.000,0.000,1.0000,25.000,51.193,10.031,8.50
23191.00,5.000,10.251,0.220,0.220,0.000,0.000,1.0000,25.000,51.193,10.031,8.50
23196.00,5.000,10.251,0.220,0.220,0.000,0.000,1.0000,25.000,51.193,10.031,8.50
23201.00,5.000,10.251,0.220,0.220,0.000,0.000,1.0000,25.000,51.193,10.031,8.50
23206.00,5.000,10.251,0.220,0.220,0.000,0.000,1.0000,25.000,51.193,10.031,8.49
23211.00,5.000,10.251,0.220,0.220,0.000,0.000,1.0000,25.000,51.193,10.031,8.49
23216.00,5.000,10.251,0.220,0.220,0.000,0.000,1.0000,25.000,51.193,10.031,8.49
23221.00,5.000,10.251,0.220,0.220,0.000,0.000,1.0000,25.000,51.193,10.031,8.48
23226.00,5.000,10.251,0.220,0.220,0.000,0.000,1.0000,25.000,51.193,10.031,8.48
23231.00,5.000,10.250,0.220,0.220,0.000,0.000,1.0000,25.000,51.193,10.031,8.48
23236.00,5.000,10.250,0.219,0.219,0.000,0.000,1.0000,25.000,51.193,10.031,8.48
23241.00,5.000,10.250,0.219,0.219,0.000,0.000,1.0000,25.000,51.193,10.031,8.47
23246.00,5.000,10.250,0.219,0.219,0.000,0.000,1.0000,25.000,51.193,10.031,8.47
23251.00,5.000,10.250,0.219,0.219,0.000,0.000,1.0000,25.000,51.193,10.031,8.47
23256.00,5.000,10.250,0.219,0.219,0.000,0.000,1.0000,25.000,51.193,10.031,8.46
23261.00,5.000,10.250,0.219,0.219,0.000,0.000,1.0000,25.000,51.193,10.031,8.46
23266.00,5.000,10.250,0.219,0.219,0.000,0.000,1.0000,25.000,51.193,10.031,8.46
23271.00,5.000,10.250,0.219,0.219,0.000,0.000,1.0000,25.000,51.193,10.031,8.46
23276.00,5.000,10.250,0.219,0.219,0.000,0.000,1.0000,25.000,51.193,10.031,8.45
23281.00,5.000,10.250,0.219,0.219,0.000,0.000,1.0000,25.000,51.193,10.031,8.45
23286.00,5.000,10.250,0.219,0.219,0.000,0.000,1.0000,25.000,51.193,10.031,8.45
23291.00,5.000,10.250,0.219,0.219,0.000,0.000,1.0000,25.000,51.193,10.031,8.44
23296.00,5.000,10.250,0.219,0.219,0.000,0.000,1.0000,25.000,51.193,10.031,8.44
23301.00,5.000,10.250,0.219,0.219,0.000,0.000,1.0000,25.000,51.193,10.031,8.44
23306.00,5.000,10.250,0.219,0.219,0.000,0.000,1.0000,25.000,51.193,10.031,8.44
23311.00,5.000,10.250,0.219,0.219,0.000,0.000,1.0000,25.000,51.193,10.031,8.43
23316.00,5.000,10.250,0.219,0.219,0.000,0.000,1.0000,25.000,51.193,10.031,8.43
23321.00,5.000,10.250,0.219,0.219,0.000,0.000,1.0000,25.000,51.193,10.031,8.43
23326.00,5.000,10.250,0.219,0.219,0.000,0.000,1.0000,25.000,51.193,10.031,8.42
23331.00,5.000,10.249,0.219,0.219,0.000,0.000,1.0000,25.000,51.193,10.031,8.42
23336.00,5.000,10.249,0.218,0.218,0.000,0.000,1.0000,25.000,51.193,10.031,8.42
23341.00,5.000,10.249,0.218,0.218,0.000,0.000,1.0000,25.000,51.193,10.031,8.42
23346.00,5.000,10.249,0.218,0.218,0.000,0.000,1.0000,25.000,51.193,10.031,8.41
23351.00,5.000,10.249,0.218,0.218,0.000,0.000,1.0000,25.000,51.193,10.031,8.41
23356.00,5.000,10.249,0.218,0.218,0.000,0.000,1.0000,25.000,51.193,10.031,8.41
23361.00,5.000,10.249,0.218,0.218,0.000,0.000,1.0000,25.000,51.193,10.031,8.40
23366.00,5.000,10.249,0.218,0.218,0.000,0.000,1.0000,25.000,51.193,10.031,8.40
23371.00,5.000,10.249,0.218,0.218,0.000,0.000,1.0000,25.000,51.193,10.031,8.40
23376.00,5.000,10.249,0.218,0.218,0.000,0.000,1.0000,25.000,51.193,10.031,8.40
23381.00,5.000,10.249,0.218,0.218,0.000,0.000,1.0000,25.000,51.193,10.031,8.39
23386.00,5.000,10.249,0.218,0.218,0.000,0.000,1.0000,25.000,51.193,10.031,8.39
23391.00,5.000,10.249,0.218,0.218,0.000,0.000,1.0000,25.000,51.193,10.031,8.39
23396.00,5.000,10.249,0.218,0.218,0.000,0.000,1.0000,25.000,51.193,10.031,8.38
23401.00,5.000,10.249,0.218,0.218,0.000,0.000,1.0000,25.000,51.193,10.031,8.38
23406.00,5.000,10.249,0.218,0.218,0.000,0.000,1.0000,25.000,51.193,10.031,8.38
23411.00,5.000,10.249,0.218,0.218,0.000,0.000,1.0000,25.000,51.193,10.031,8.38
23416.00,5.000,10.249,0.218,0.218,0.000,0.000,1.0000,25.000,51.193,10.031,8.37
23421.00,5.000,10.249,0.218,0.218,0.000,0.000,1.0000,25.000,51.193,10.031,8.37
23426.00,5.000,10.249,0.218,0.218,0.000,0.000,1.0000,25.000,51.193,10.031,8.37
23431.00,5.000,10.249,0.218,0.218,0.000,0.000,1.0000,25.000,51.193,10.031,8.37
23436.00,5.000,10.248,0.218,0.218,0.000,0.000,1.0000,25.000,51.193,10.031,8.36
23441.00,5.000,10.248,0.217,0.217,0.000,0.000,1.0000,25.000,51.193,10.031,8.36
23446.00,5.000,10.248,0.217,0.217,0.000,0.000,1.0000,25.000,51.193,10.031,8.36
23451.00,5.000,10.248,0.217,0.217,0.000,0.000,1.0000,25.000,51.193,10.031,8.35
23456.00,5.000,10.248,0.217,0.217,0.000,0.000,1.0000,25.000,51.193,10.031,8.35
23461.00,5.000,10.248,0.217,0.217,0.000,0.000,1.0000,25.000,51.193,10.031,8.35
23466.00,5.000,10.248,0.217,0.217,0.000,0.000,1.0000,25.000,51.193,10.031,8.35
23471.00,5.000,10.248,0.217,0.217,0.000,0.000,1.0000,25.000,51.193,10.031,8.34
23476.00,5.000,10.248,0.217,0.217,0.000,0.000,1.0000,25.000,51.193,10.031,8.34
23481.00,5.000,10.248,0.217,0.217,0.000,0.000,1.0000,25.000,51.193,10.031,8.34
23486.00,5.000,10.248,0.217,0.217,0.000,0.000,1.0000,25.000,51.193,10.031,8.33
23491.00,5.000,10.248,0.217,0.217,0.000,0.000,1.0000,25.000,51.193,10.031,8.33
23496.00,5.000,10.248,0.217,0.217,0.000,0.000,1.0000,25.000,51.193,10.031,8.33
23501.00,5.000,10.248,0.217,0.217,0.000,0.000,1.0000,25.000,51.193,10.031,8.33
23506.00,5.000,10.248,0.217,0.217,0.000,0.000,1.0000,25.000,51.193,10.031,8.32
23511.00,5.000,10.248,0.217,0.217,0.000,0.000,1.0000,25.000,51.193,10.031,8.32
23516.00,5.000,10.248,0.217,0.217,0.000,0.000,1.0000,25.000,51.193,10.031,8.32
23521.00,5.000,10.248,0.217,0.217,0.000,0.000,1.0000,25.000,51.193,10.031,8.32
23526.00,5.000,10.248,0.217,0.217,0.000,0.000,1.0000,25.000,51.193,10.031,8.31
23531.00,5.000,10.248,0.217,0.217,0.000,0.000,1.0000,25.000,51.193,10.031,8.31
23536.00,5.000,10.248,0.217,0.217,0.000,0.000,1.0000,25.000,51.193,10.031,8.31
23541.00,5.000,10.247,0.217,0.217,0.000,0.000,1.0000,25.000,51.193,10.031,8.30
23546.00,5.000,10.247,0.216,0.216,0.000,0.000,1.0000,25.000,51.193,10.031,8.30
23551.00,5.000,10.247,0.216,0.216,0.000,0.000,1.0000,25.000,51.193,10.031,8.30
23556.00,5.000,10.247,0.216,0.216,0.000,0.000,1.0000,25.000,51.193,10.031,8.30
23561.00,5.000,10.247,0.216,0.216,0.000,0.000,1.0000,25.000,51.193,10.031,8.29
23566.00,5.000,10.247,0.216,0.216,0.000,0.000,1.0000,25.000,51.193,10.031,8.29
23571.00,5.000,10.247,0.216,0.216,0.000,0.000,1.0000,25.000,51.193,10.031,8.29
23576.00,5.000,10.247,0.216,0.216,0.000,0.000,1.0000,25.000,51.193,10.031,8.29
23581.00,5.000,10.247,0.216,0.216,0.000,0.000,1.0000,25.000,51.193,10.031,8.28
23586.00,5.000,10.247,0.216,0.216,0.000,0.000,1.0000,25.000,51.193,10.031,8.28
23591.00,5.000,10.247,0.216,0.216,0.000,0.000,1.0000,25.000,51.193,10.031,8.28
23596.00,5.000,10.247,0.216,0.216,0.000,0.000,1.0000,25.000,51.193,10.031,8.27
23601.00,5.000,10.247,0.216,0.216,0.000,0.000,1.0000,25.000,51.193,10.031,8.27
23606.00,5.000,10.247,0.216,0.216,0.000,0.000,1.0000,25.000,51.193,10.031,8.27
23611.00,5.000,10.247,0.216,0.216,0.000,0.000,1.0000,25.000,51.193,10.031,8.27
23616.00,5.000,10.247,0.216,0.216,0.000,0.000,1.0000,25.000,51.193,10.031,8.26
23621.00,5.000,10.247,0.216,0.216,0.000,0.000,1.0000,25.000,51.193,10.031,8.26
23626.00,5.000,10.247,0.216,0.216,0.000,0.000,1.0000,25.000,51.193,10.031,8.26
23631.00,5.000,10.247,0.216,0.216,0.000,0.000,1.0000,25.000,51.193,10.031,8.26
23636.00,5.000,10.247,0.216,0.216,0.000,0.000,1.0000,25.000,51.193,10.031,8.25
23641.00,5.000,10.247,0.216,0.216,0.000,0.000,1.0000,25.000,51.193,10.031,8.25
23646.00,5.000,10.246,0.216,0.216,0.000,0.000,1.0000,25.000,51.193,10.031,8.25
23651.00,5.000,10.246,0.215,0.215,0.000,0.000,1.0000,25.000,51.193,10.031,8.25
23656.00,5.000,10.246,0.215,0.215,0.000,0.000,1.0000,25.000,51.193,10.031,8.24
23661.00,5.000,10.246,0.215,0.215,0.000,0.000,1.0000,25.000,51.193,10.031,8.24
23666.00,5.000,10.246,0.215,0.215,0.000,0.000,1.0000,25.000,51.193,10.031,8.24
23671.00,5.000,10.246,0.215,0.215,0.000,0.000,1.0000,25.000,51.193,10.031,8.23
23676.00,5.000,10.246,0.215,0.215,0.000,0.000,1.0000,25.000,51.193,10.031,8.23
23681.00,5.000,10.246,0.215,0.215,0.000,0.000,1.0000,25.000,51.193,10.031,8.23
23686.00,5.000,10.246,0.215,0.215,0.000,0.000,1.0000,25.000,51.193,10.031,8.23
23691.00,5.000,10.246,0.215,0.215,0.000,0.000,1.0000,25.000,51.193,10.031,8.22
23696.00,5.000,10.246,0.215,0.215,0.000,0.000,1.0000,25.000,51.193,10.031,8.22
23701.00,5.000,10.246,0.215,0.215,0.000,0.000,1.0000,25.000,51.193,10.031,8.22
23706.00,5.000,10.246,0.215,0.215,0.000,0.000,1.0000,25.000,51.193,10.031,8.22
23711.00,5.000,10.246,0.215,0.215,0.000,0.000,1.0000,25.000,51.193,10.031,8.21
23716.00,5.000,10.246,0.215,0.215,0.000,0.000,1.0000,25.000,51.193,10.031,8.21
23721.00,5.000,10.246,0.215,0.215,0.000,0.000,1.0000,25.000,51.193,10.031,8.21
23726.00,5.000,10.246,0.215,0.215,0.000,0.000,1.0000,25.000,51.193,10.031,8.21
23731.00,5.000,10.246,0.215,0.215,0.000,0.000,1.0000,25.000,51.193,10.031,8.20
23736.00,5.000,10.246,0.215,0.215,0.000,0.000,1.0000,25.000,51.193,10.031,8.20
23741.00,5.000,10.246,0.215,0.215,0.000,0.000,1.0000,25.000,51.193,10.031,8.20
23746.00,5.000,10.246,0.215,0.215,0.000,0.000,1.0000,25.000,51.193,10.031,8.19
23751.00,5.000,10.246,0.215,0.215,0.000,0.000,1.0000,25.000,51.193,10.031,8.19
23756.00,5.000,10.245,0.215,0.215,0.000,0.000,1.0000,25.000,51.193,10.031,8.19
23761.00,5.000,10.245,0.214,0.214,0.000,0.000,1.0000,25.000,51.193,10.031,8.19
23766.00,5.000,10.245,0.214,0.214,0.000,0.000,1.0000,25.000,51.193,10.031,8.18
23771.00,5.000,10.245,0.214,0.214,0.000,0.000,1.0000,25.000,51.193,10.031,8.18
23776.00,5.000,10.245,0.214,0.214,0.000,0.000,1.0000,25.000,51.193,10.031,8.18
23781.00,5.000,10.245,0.214,0.214,0.000,0.000,1.0000,25.000,51.193,10.031,8.18
23786.00,5.000,10.245,0.214,0.214,0.000,0.000,1.0000,25.000,51.193,10.031,8.17
23791.00,5.000,10.245,0.214,0.214,0.000,0.000,1.0000,25.000,51.193,10.031,8.17
23796.00,5.000,10.245,0.214,0.214,0.000,0.000,1.0000,25.000,51.193,10.031,8.17
23801.00,5.000,10.245,0.214,0.214,0.000,0.000,1.0000,25.000,51.193,10.031,8.17
23806.00,5.000,10.245,0.214,0.214,0.000,0.000,1.0000,25.000,51.193,10.031,8.16
23811.00,5.000,10.245,0.214,0.214,0.000,0.000,1.0000,25.000,51.193,10.031,8.16
23816.00,5.000,10.245,0.214,0.214,0.000,0.000,1.0000,25.000,51.193,10.031,8.16
23821.00,5.000,10.245,0.214,0.214,0.000,0.000,1.0000,25.000,51.193,10.031,8.16
23826.00,5.000,10.245,0.214,0.214,0.000,0.000,1.0000,25.000,51.193,10.031,8.15
23831.00,5.000,10.245,0.214,0.214,0.000,0.000,1.0000,25.000,51.193,10.031,8.15
23836.00,5.000,10.245,0.214,0.214,0.000,0.000,1.0000,25.000,51.193,10.031,8.15
23841.00,5.000,10.245,0.214,0.214,0.000,0.000,1.0000,25.000,51.193,10.031,8.15
23846.00,5.000,10.245,0.214,0.214,0.000,0.000,1.0000,25.000,51.193,10.031,8.14
23851.00,5.000,10.245,0.214,0.214,0.000,0.000,1.0000,25.000,51.193,10.031,8.14
23856.00,5.000,10.245,0.214,0.214,0.000,0.000,1.0000,25.000,51.193,10.031,8.14
23861.00,5.000,10.245,0.214,0.214,0.000,0.000,1.0000,25.000,51.193,10.031,8.14
23866.00,5.000,10.244,0.214,0.214,0.000,0.000,1.0000,25.000,51.193,10.031,8.13
23871.00,5.000,10.244,0.213,0.213,0.000,0.000,1.0000,25.000,51.193,10.031,8.13
23876.00,5.000,10.244,0.213,0.213,0.000,0.000,1.0000,25.000,51.193,10.031,8.13
23881.00,5.000,10.244,0.213,0.213,0.000,0.000,1.0000,25.000,51.193,10.031,8.12
23886.00,5.000,10.244,0.213,0.213,0.000,0.000,1.0000,25.000,51.193,10.031,8.12
23891.00,5.000,10.244,0.213,0.213,0.000,0.000,1.0000,25.000,51.193,10.031,8.12
23896.00,5.000,10.244,0.213,0.213,0.000,0.000,1.0000,25.000,51.193,10.031,8.12
23901.00,5.000,10.244,0.213,0.213,0.000,0.000,1.0000,25.000,51.193,10.031,8.11
23906.00,5.000,10.244,0.213,0.213,0.000,0.000,1.0000,25.000,51.193,10.031,8.11
23911.00,5.000,10.244,0.213,0.213,0.000,0.000,1.0000,25.000,51.193,10.031,8.11
23916.00,5.000,10.244,0.213,0.213,0.000,0.000,1.0000,25.000,51.193,10.031,8.11
23921.00,5.000,10.244,0.213,0.213,0.000,0.000,1.0000,25.000,51.193,10.031,8.10
23926.00,5.000,10.244,0.213,0.213,0.000,0.000,1.0000,25.000,51.193,10.031,8.10
23931.00,5.000,10.244,0.213,0.213,0.000,0.000,1.0000,25.000,51.193,10.031,8.10
23936.00,5.000,10.244,0.213,0.213,0.000,0.000,1.0000,25.000,51.193,10.031,8.10
23941.00,5.000,10.244,0.213,0.213,0.000,0.000,1.0000,25.000,51.193,10.031,8.09
23946.00,5.000,10.244,0.213,0.213,0.000,0.000,1.0000,25.000,51.193,10.031,8.09
23951.00,5.000,10.244,0.213,0.213,0.000,0.000,1.0000,25.000,51.193,10.031,8.09
23956.00,5.000,10.244,0.213,0.213,0.000,0.000,1.0000,25.000,51.193,10.031,8.09
23961.00,5.000,10.244,0.213,0.213,0.000,0.000,1.0000,25.000,51.193,10.031,8.08
23966.00,5.000,10.244,0.213,0.213,0.000,0.000,1.0000,25.000,51.193,10.031,8.08
23971.00,5.000,10.244,0.213,0.213,0.000,0.000,1.0000,25.000,51.193,10.031,8.08
23976.00,5.000,10.244,0.213,0.213,0.000,0.000,1.0000,25.000,51.193,10.031,8.08
23981.00,5.000,10.243,0.213,0.213,0.000,0.000,1.0000,25.000,51.193,10.031,8.07
23986.00,5.000,10.243,0.212,0.212,0.000,0.000,1.0000,25.000,51.193,10.031,8.07
23991.00,5.000,10.243,0.212,0.212,0.000,0.000,1.0000,25.000,51.193,10.031,8.07
23996.00,5.000,10.243,0.212,0.212,0.000,0.000,1.0000,25.000,51.193,10.031,8.07
24001.00,5.000,10.243,0.212,0.212,0.000,0.000,1.0000,25.000,51.193,10.031,8.06
24006.00,5.000,10.243,0.212,0.212,0.000,0.000,1.0000,25.000,51.193,10.031,8.06
24011.00,5.000,10.243,0.212,0.212,0.000,0.000,1.0000,25.000,51.193,10.031,8.06
24016.00,5.000,10.243,0.212,0.212,0.000,0.000,1.0000,25.000,51.193,10.031,8.06
24021.00,5.000,10.243,0.212,0.212,0.000,0.000,1.0000,25.000,51.193,10.031,8.05
24026.00,5.000,10.243,0.212,0.212,0.000,0.000,1.0000,25.000,51.193,10.031,8.05
24031.00,5.000,10.243,0.212,0.212,0.000,0.000,1.0000,25.000,51.193,10.031,8.05
24036.00,5.000,10.243,0.212,0.212,0.000,0.000,1.0000,25.000,51.193,10.031,8.05
24041.00,5.000,10.243,0.212,0.212,0.000,0.000,1.0000,25.000,51.193,10.031,8.04
24046.00,5.000,10.243,0.212,0.212,0.000,0.000,1.0000,25.000,51.193,10.031,8.04
24051.00,5.000,10.243,0.212,0.212,0.000,0.000,1.0000,25.000,51.193,10.031,8.04
24056.00,5.000,10.243,0.212,0.212,0.000,0.000,1.0000,25.000,51.193,10.031,8.04
24061.00,5.000,10.243,0.212,0.212,0.000,0.000,1.0000,25.000,51.193,10.031,8.03
24066.00,5.000,10.243,0.212,0.212,0.000,0.000,1.0000,25.000,51.193,10.031,8.03
24071.00,5.000,10.243,0.212,0.212,0.000,0.000,1.0000,25.000,51.193,10.031,8.03
24076.00,5.000,10.243,0.212,0.212,0.000,0.000,1.0000,25.000,51.193,10.031,8.03
24081.00,5.000,10.243,0.212,0.212,0.000,0.000,1.0000,25.000,51.193,10.031,8.02
24086.00,5.000,10.243,0.212,0.212,0.000,0.000,1.0000,25.000,51.193,10.031,8.02
24091.00,5.000,10.243,0.212,0.212,0.000,0.000,1.0000,25.000,51.193,10.031,8.02
24096.00,5.000,10.242,0.212,0.212,0.000,0.000,1.0000,25.000,51.193,10.031,8.02
24101.00,5.000,10.242,0.211,0.211,0.000,0.000,1.0000,25.000,51.193,10.031,8.01
24106.00,5.000,10.242,0.211,0.211,0.000,0.000,1.0000,25.000,51.193,10.031,8.01
24111.00,5.000,10.242,0.211,0.211,0.000,0.000,1.0000,25.000,51.193,10.031,8.01
24116.00,5.000,10.242,0.211,0.211,0.000,0.000,1.0000,25.000,51.193,10.031,8.01
24121.00,5.000,10.242,0.211,0.211,0.000,0.000,1.0000,25.000,51.193,10.031,8.00
24126.00,5.000,10.242,0.211,0.211,0.000,0.000,1.0000,25.000,51.193,10.031,8.00
24131.00,5.000,10.242,0.211,0.211,0.000,0.000,1.0000,25.000,51.193,10.031,8.00
24136.00,5.000,10.242,0.211,0.211,0.000,0.000,1.0000,25.000,51.193,10.031,8.00
24141.00,5.000,10.242,0.211,0.211,0.000,0.000,1.0000,25.000,51.193,10.031,8.00
24146.00,5.000,10.242,0.211,0.211,0.000,0.000,1.0000,25.000,51.193,10.031,7.99
24151.00,5.000,10.242,0.211,0.211,0.000,0.000,1.0000,25.000,51.193,10.031,7.99
24156.00,5.000,10.242,0.211,0.211,0.000,0.000,1.0000,25.000,51.193,10.031,7.99
24161.00,5.000,10.242,0.211,0.211,0.000,0.000,1.0000,25.000,51.193,10.031,7.99
24166.00,5.000,10.242,0.211,0.211,0.000,0.000,1.0000,25.000,51.193,10.031,7.98
24171.00,5.000,10.242,0.211,0.211,0.000,0.000,1.0000,25.000,51.193,10.031,7.98
24176.00,5.000,10.242,0.211,0.211,0.000,0.000,1.0000,25.000,51.193,10.031,7.98
24181.00,5.000,10.242,0.211,0.211,0.000,0.000,1.0000,25.000,51.193,10.031,7.98
24186.00,5.000,10.242,0.211,0.211,0.000,0.000,1.0000,25.000,51.193,10.031,7.97
24191.00,5.000,10.242,0.211,0.211,0.000,0.000,1.0000,25.000,51.193,10.031,7.97
24196.00,5.000,10.242,0.211,0.211,0.000,0.000,1.0000,25.000,51.193,10.031,7.97
24201.00,5.000,10.242,0.211,0.211,0.000,0.000,1.0000,25.000,51.193,10.031,7.97
24206.00,5.000,10.242,0.211,0.211,0.000,0.000,1.0000,25.000,51.193,10.031,7.96
24211.00,5.000,10.241,0.211,0.211,0.000,0.000,1.0000,25.000,51.193,10.031,7.96
24216.00,5.000,10.241,0.210,0.210,0.000,0.000,1.0000,25.000,51.193,10.031,7.96
24221.00,5.000,10.241,0.210,0.210,0.000,0.000,1.0000,25.000,51.193,10.031,7.96
24226.00,5.000,10.241,0.210,0.210,0.000,0.000,1.0000,25.000,51.193,10.031,7.95
24231.00,5.000,10.241,0.210,0.210,0.000,0.000,1.0000,25.000,51.193,10.031,7.95
24236.00,5.000,10.241,0.210,0.210,0.000,0.000,1.0000,25.000,51.193,10.031,7.95
24241.00,5.000,10.241,0.210,0.210,0.000,0.000,1.0000,25.000,51.193,10.031,7.95
24246.00,5.000,10.241,0.210,0.210,0.000,0.000,1.0000,25.000,51.193,10.031,7.94
24251.00,5.000,10.241,0.210,0.210,0.000,0.000,1.0000,25.000,51.193,10.031,7.94
24256.00,5.000,10.241,0.210,0.210,0.000,0.000,1.0000,25.000,51.193,10.031,7.94
24261.00,5.000,10.241,0.210,0.210,0.000,0.000,1.0000,25.000,51.193,10.031,7.94
24266.00,5.000,10.241,0.210,0.210,0.000,0.000,1.0000,25.000,51.193,10.031,7.93
24271.00,5.000,10.241,0.210,0.210,0.000,0.000,1.0000,25.000,51.193,10.031,7.93
24276.00,5.000,10.241,0.210,0.210,0.000,0.000,1.0000,25.000,51.193,10.031,7.93
24281.00,5.000,10.241,0.210,0.210,0.000,0.000,1.0000,25.000,51.193,10.031,7.93
24286.00,5.000,10.241,0.210,0.210,0.000,0.000,1.0000,25.000,51.193,10.031,7.93
24291.00,5.000,10.241,0.210,0.210,0.000,0.000,1.0000,25.000,51.193,10.031,7.92
24296.00,5.000,10.241,0.210,0.210,0.000,0.000,1.0000,25.000,51.193,10.031,7.92
24301.00,5.000,10.241,0.210,0.210,0.000,0.000,1.0000,25.000,51.193,10.031,7.92
24306.00,5.000,10.241,0.210,0.210,0.000,0.000,1.0000,25.000,51.193,10.031,7.92
24311.00,5.000,10.241,0.210,0.210,0.000,0.000,1.0000,25.000,51.193,10.031,7.91
24316.00,5.000,10.241,0.210,0.210,0.000,0.000,1.0000,25.000,51.193,10.031,7.91
24321.00,5.000,10.241,0.210,0.210,0.000,0.000,1.0000,25.000,51.193,10.031,7.91
24326.00,5.000,10.241,0.210,0.210,0.000,0.000,1.0000,25.000,51.193,10.031,7.91
24331.00,5.000,10.240,0.210,0.210,0.000,0.000,1.0000,25.000,51.193,10.031,7.90
24336.00,5.000,10.240,0.209,0.209,0.000,0.000,1.0000,25.000,51.193,10.031,7.90
24341.00,5.000,10.240,0.209,0.209,0.000,0.000,1.0000,25.000,51.193,10.031,7.90
24346.00,5.000,10.240,0.209,0.209,0.000,0.000,1.0000,25.000,51.193,10.031,7.90
24351.00,5.000,10.240,0.209,0.209,0.000,0.000,1.0000,25.000,51.193,10.031,7.89
24356.00,5.000,10.240,0.209,0.209,0.000,0.000,1.0000,25.000,51.193,10.031,7.89
24361.00,5.000,10.240,0.209,0.209,0.000,0.000,1.0000,25.000,51.193,10.031,7.89
24366.00,5.000,10.240,0.209,0.209,0.000,0.000,1.0000,25.000,51.193,10.031,7.89
24371.00,5.000,10.240,0.209,0.209,0.000,0.000,1.0000,25.000,51.193,10.031,7.89
24376.00,5.000,10.240,0.209,0.209,0.000,0.000,1.0000,25.000,51.193,10.031,7.88
24381.00,5.000,10.240,0.209,0.209,0.000,0.000,1.0000,25.000,51.193,10.031,7.88
24386.00,5.000,10.240,0.209,0.209,0.000,0.000,1.0000,25.000,51.193,10.031,7.88
24391.00,5.000,10.240,0.209,0.209,0.000,0.000,1.0000,25.000,51.193,10.031,7.88
24396.00,5.000,10.240,0.209,0.209,0.000,0.000,1.0000,25.000,51.193,10.031,7.87
24401.00,5.000,10.240,0.209,0.209,0.000,0.000,1.0000,25.000,51.193,10.031,7.87
24406.00,5.000,10.240,0.209,0.209,0.000,0.000,1.0000,25.000,51.193,10.031,7.87
24411.00,5.000,10.240,0.209,0.209,0.000,0.000,1.0000,25.000,51.193,10.031,7.87
24416.00,5.000,10.240,0.209,0.209,0.000,0.000,1.0000,25.000,51.193,10.031,7.86
24421.00,5.000,10.240,0.209,0.209,0.000,0.000,1.0000,25.000,51.193,10.031,7.86
24426.00,5.000,10.240,0.209,0.209,0.000,0.000,1.0000,25.000,51.193,10.031,7.86
24431.00,5.000,10.240,0.209,0.209,0.000,0.000,1.0000,25.000,51.193,10.031,7.86
24436.00,5.000,10.240,0.209,0.209,0.000,0.000,1.0000,25.000,51.193,10.031,7.85
24441.00,5.000,10.240,0.209,0.209,0.000,0.000,1.0000,25.000,51.193,10.031,7.85
24446.00,5.000,10.240,0.209,0.209,0.000,0.000,1.0000,25.000,51.193,10.031,7.85
24451.00,5.000,10.239,0.209,0.209,0.000,0.000,1.0000,25.000,51.193,10.031,7.85
24456.00,5.000,10.239,0.209,0.209,0.000,0.000,1.0000,25.000,51.193,10.031,7.85
24461.00,5.000,10.239,0.208,0.208,0.000,0.000,1.0000,25.000,51.193,10.031,7.84
24466.00,5.000,10.239,0.208,0.208,0.000,0.000,1.0000,25.000,51.193,10.031,7.84
24471.00,5.000,10.239,0.208,0.208,0.000,0.000,1.0000,25.000,51.193,10.031,7.84
24476.00,5.000,10.239,0.208,0.208,0.000,0.000,1.0000,25.000,51.193,10.031,7.84
24481.00,5.000,10.239,0.208,0.208,0.000,0.000,1.0000,25.000,51.193,10.031,7.83
24486.00,5.000,10.239,0.208,0.208,0.000,0.000,1.0000,25.000,51.193,10.031,7.83
24491.00,5.000,10.239,0.208,0.208,0.000,0.000,1.0000,25.000,51.193,10.031,7.83
24496.00,5.000,10.239,0.208,0.208,0.000,0.000,1.0000,25.000,51.193,10.031,7.83
24501.00,5.000,10.239,0.208,0.208,0.000,0.000,1.0000,25.000,51.193,10.031,7.83
24506.00,5.000,10.239,0.208,0.208,0.000,0.000,1.0000,25.000,51.193,10.031,7.82
24511.00,5.000,10.239,0.208,0.208,0.000,0.000,1.0000,25.000,51.193,10.031,7.82
24516.00,5.000,10.239,0.208,0.208,0.000,0.000,1.0000,25.000,51.193,10.031,7.82
24521.00,5.000,10.239,0.208,0.208,0.000,0.000,1.0000,25.000,51.193,10.031,7.82
24526.00,5.000,10.239,0.208,0.208,0.000,0.000,1.0000,25.000,51.193,10.031,7.81
24531.00,5.000,10.239,0.208,0.208,0.000,0.000,1.0000,25.000,51.193,10.031,7.81
24536.00,5.000,10.239,0.208,0.208,0.000,0.000,1.0000,25.000,51.193,10.031,7.81
24541.00,5.000,10.239,0.208,0.208,0.000,0.000,1.0000,25.000,51.193,10.031,7.81
24546.00,5.000,10.239,0.208,0.208,0.000,0.000,1.0000,25.000,51.193,10.031,7.80
24551.00,5.000,10.239,0.208,0.208,0.000,0.000,1.0000,25.000,51.193,10.031,7.80
24556.00,5.000,10.239,0.208,0.208,0.000,0.000,1.0000,25.000,51.193,10.031,7.80
24561.00,5.000,10.239,0.208,0.208,0.000,0.000,1.0000,25.000,51.193,10.031,7.80
24566.00,5.000,10.239,0.208,0.208,0.000,0.000,1.0000,25.000,51.193,10.031,7.80
24571.00,5.000,10.239,0.208,0.208,0.000,0.000,1.0000,25.000,51.193,10.031,7.79
24576.00,5.000,10.238,0.208,0.208,0.000,0.000,1.0000,25.000,51.193,10.031,7.79
24581.00,5.000,10.238,0.208,0.208,0.000,0.000,1.0000,25.000,51.193,10.031,7.79
24586.00,5.000,10.238,0.207,0.207,0.000,0.000,1.0000,25.000,51.193,10.031,7.79
24591.00,5.000,10.238,0.207,0.207,0.000,0.000,1.0000,25.000,51.193,10.031,7.78
24596.00,5.000,10.238,0.207,0.207,0.000,0.000,1.0000,25.000,51.193,10.031,7.78
24601.00,5.000,10.238,0.207,0.207,0.000,0.000,1.0000,25.000,51.193,10.031,7.78
24606.00,5.000,10.238,0.207,0.207,0.000,0.000,1.0000,25.000,51.193,10.031,7.78
24611.00,5.000,10.238,0.207,0.207,0.000,0.000,1.0000,25.000,51.193,10.031,7.78
24616.00,5.000,10.238,0.207,0.207,0.000,0.000,1.0000,25.000,51.193,10.031,7.77
24621.00,5.000,10.238,0.207,0.207,0.000,0.000,1.0000,25.000,51.193,10.031,7.77
24626.00,5.000,10.238,0.207,0.207,0.000,0.000,1.0000,25.000,51.193,10.031,7.77
24631.00,5.000,10.238,0.207,0.207,0.000,0.000,1.0000,25.000,51.193,10.031,7.77
24636.00,5.000,10.238,0.207,0.207,0.000,0.000,1.0000,25.000,51.193,10.031,7.76
24641.00,5.000,10.238,0.207,0.207,0.000,0.000,1.0000,25.000,51.193,10.031,7.76
24646.00,5.000,10.238,0.207,0.207,0.000,0.000,1.0000,25.000,51.193,10.031,7.76
24651.00,5.000,10.238,0.207,0.207,0.000,0.000,1.0000,25.000,51.193,10.031,7.76
24656.00,5.000,10.238,0.207,0.207,0.000,0.000,1.0000,25.000,51.193,10.031,7.76
24661.00,5.000,10.238,0.207,0.207,0.000,0.000,1.0000,25.000,51.193,10.031,7.75
24666.00,5.000,10.238,0.207,0.207,0.000,0.000,1.0000,25.000,51.193,10.031,7.75
24671.00,5.000,10.238,0.207,0.207,0.000,0.000,1.0000,25.000,51.193,10.031,7.75
24676.00,5.000,10.238,0.207,0.207,0.000,0.000,1.0000,25.000,51.193,10.031,7.75
24681.00,5.000,10.238,0.207,0.207,0.000,0.000,1.0000,25.000,51.193,10.031,7.74
24686.00,5.000,10.238,0.207,0.207,0.000,0.000,1.0000,25.000,51.193,10.031,7.74
24691.00,5.000,10.238,0.207,0.207,0.000,0.000,1.0000,25.000,51.193,10.031,7.74
24696.00,5.000,10.238,0.207,0.207,0.000,0.000,1.0000,25.000,51.193,10.031,7.74
24701.00,5.000,10.237,0.207,0.207,0.000,0.000,1.0000,25.000,51.193,10.031,7.74
24706.00,5.000,10.237,0.207,0.207,0.000,0.000,1.0000,25.000,51.193,10.031,7.73
24711.00,5.000,10.237,0.206,0.206,0.000,0.000,1.0000,25.000,51.193,10.031,7.73
24716.00,5.000,10.237,0.206,0.206,0.000,0.000,1.0000,25.000,51.193,10.031,7.73
24721.00,5.000,10.237,0.206,0.206,0.000,0.000,1.0000,25.000,51.193,10.031,7.73
24726.00,5.000,10.237,0.206,0.206,0.000,0.000,1.0000,25.000,51.193,10.031,7.72
24731.00,5.000,10.237,0.206,0.206,0.000,0.000,1.0000,25.000,51.193,10.031,7.72
24736.00,5.000,10.237,0.206,0.206,0.000,0.000,1.0000,25.000,51.193,10.031,7.72
24741.00,5.000,10.237,0.206,0.206,0.000,0.000,1.0000,25.000,51.193,10.031,7.72
24746.00,5.000,10.237,0.206,0.206,0.000,0.000,1.0000,25.000,51.193,10.031,7.72
24751.00,5.000,10.237,0.206,0.206,0.000,0.000,1.0000,25.000,51.193,10.031,7.71
24756.00,5.000,10.237,0.206,0.206,0.000,0.000,1.0000,25.000,51.193,10.031,7.71
24761.00,5.000,10.237,0.206,0.206,0.000,0.000,1.0000,25.000,51.193,10.031,7.71
24766.00,5.000,10.237,0.206,0.206,0.000,0.000,1.0000,25.000,51.193,10.031,7.71
24771.00,5.000,10.237,0.206,0.206,0.000,0.000,1.0000,25.000,51.193,10.031,7.70
24776.00,5.000,10.237,0.206,0.206,0.000,0.000,1.0000,25.000,51.193,10.031,7.70
24781.00,5.000,10.237,0.206,0.206,0.000,0.000,1.0000,25.000,51.193,10.031,7.70
24786.00,5.000,10.237,0.206,0.206,0.000,0.000,1.0000,25.000,51.193,10.031,7.70
24791.00,5.000,10.237,0.206,0.206,0.000,0.000,1.0000,25.000,51.193,10.031,7.70
24796.00,5.000,10.237,0.206,0.206,0.000,0.000,1.0000,25.000,51.193,10.031,7.69
24801.00,5.000,10.237,0.206,0.206,0.000,0.000,1.0000,25.000,51.193,10.031,7.69
24806.00,5.000,10.237,0.206,0.206,0.000,0.000,1.0000,25.000,51.193,10.031,7.69
24811.00,5.000,10.237,0.206,0.206,0.000,0.000,1.0000,25.000,51.193,10.031,7.69
24816.00,5.000,10.237,0.206,0.206,0.000,0.000,1.0000,25.000,51.193,10.031,7.69
24821.00,5.000,10.237,0.206,0.206,0.000,0.000,1.0000,25.000,51.193,10.031,7.68
24826.00,5.000,10.237,0.206,0.206,0.000,0.000,1.0000,25.000,51.193,10.031,7.68
24831.00,5.000,10.236,0.206,0.206,0.000,0.000,1.0000,25.000,51.193,10.031,7.68
24836.00,5.000,10.236,0.206,0.206,0.000,0.000,1.0000,25.000,51.193,10.031,7.68
24841.00,5.000,10.236,0.205,0.205,0.000,0.000,1.0000,25.000,51.193,10.031,7.67
24846.00,5.000,10.236,0.205,0.205,0.000,0.000,1.0000,25.000,51.193,10.031,7.67
24851.00,5.000,10.236,0.205,0.205,0.000,0.000,1.0000,25.000,51.193,10.031,7.67
24856.00,5.000,10.236,0.205,0.205,0.000,0.000,1.0000,25.000,51.193,10.031,7.67
24861.00,5.000,10.236,0.205,0.205,0.000,0.000,1.0000,25.000,51.193,10.031,7.67
24866.00,5.000,10.236,0.205,0.205,0.000,0.000,1.0000,25.000,51.193,10.031,7.66
24871.00,5.000,10.236,0.205,0.205,0.000,0.000,1.0000,25.000,51.193,10.031,7.66
24876.00,5.000,10.236,0.205,0.205,0.000,0.000,1.0000,25.000,51.193,10.031,7.66
24881.00,5.000,10.236,0.205,0.205,0.000,0.000,1.0000,25.000,51.193,10.031,7.66
24886.00,5.000,10.236,0.205,0.205,0.000,0.000,1.0000,25.000,51.193,10.031,7.66
24891.00,5.000,10.236,0.205,0.205,0.000,0.000,1.0000,25.000,51.193,10.031,7.65
24896.00,5.000,10.236,0.205,0.205,0.000,0.000,1.0000,25.000,51.193,10.031,7.65
24901.00,5.000,10.236,0.205,0.205,0.000,0.000,1.0000,25.000,51.193,10.031,7.65
24906.00,5.000,10.236,0.205,0.205,0.000,0.000,1.0000,25.000,51.193,10.031,7.65
24911.00,5.000,10.236,0.205,0.205,0.000,0.000,1.0000,25.000,51.193,10.031,7.64
24916.00,5.000,10.236,0.205,0.205,0.000,0.000,1.0000,25.000,51.193,10.031,7.64
24921.00,5.000,10.236,0.205,0.205,0.000,0.000,1.0000,25.000,51.193,10.031,7.64
24926.00,5.000,10.236,0.205,0.205,0.000,0.000,1.0000,25.000,51.193,10.031,7.64
24931.00,5.000,10.236,0.205,0.205,0.000,0.000,1.0000,25.000,51.193,10.031,7.64
24936.00,5.000,10.236,0.205,0.205,0.000,0.000,1.0000,25.000,51.193,10.031,7.63
24941.00,5.000,10.236,0.205,0.205,0.000,0.000,1.0000,25.000,51.193,10.031,7.63
24946.00,5.000,10.236,0.205,0.205,0.000,0.000,1.0000,25.000,51.193,10.031,7.63
24951.00,5.000,10.236,0.205,0.205,0.000,0.000,1.0000,25.000,51.193,10.031,7.63
24956.00,5.000,10.236,0.205,0.205,0.000,0.000,1.0000,25.000,51.193,10.031,7.63
24961.00,5.000,10.236,0.205,0.205,0.000,0.000,1.0000,25.000,51.193,10.031,7.62
24966.00,5.000,10.235,0.205,0.205,0.000,0.000,1.0000,25.000,51.193,10.031,7.62
24971.00,5.000,10.235,0.204,0.204,0.000,0.000,1.0000,25.000,51.193,10.031,7.62
24976.00,5.000,10.235,0.204,0.204,0.000,0.000,1.0000,25.000,51.193,10.031,7.62
24981.00,5.000,10.235,0.204,0.204,0.000,0.000,1.0000,25.000,51.193,10.031,7.61
24986.00,5.000,10.235,0.204,0.204,0.000,0.000,1.0000,25.000,51.193,10.031,7.61
24991.00,5.000,10.235,0.204,0.204,0.000,0.000,1.0000,25.000,51.193,10.031,7.61
24996.00,5.000,10.235,0.204,0.204,0.000,0.000,1.0000,25.000,51.193,10.031,7.61
25001.00,5.000,10.235,0.204,0.204,0.000,0.000,1.0000,25.000,51.193,10.031,7.61
25006.00,5.000,10.235,0.204,0.204,0.000,0.000,1.0000,25.000,51.193,10.031,7.60
25011.00,5.000,10.235,0.204,0.204,0.000,0.000,1.0000,25.000,51.193,10.031,7.60
25016.00,5.000,10.235,0.204,0.204,0.000,0.000,1.0000,25.000,51.193,10.031,7.60
25021.00,5.000,10.235,0.204,0.204,0.000,0.000,1.0000,25.000,51.193,10.031,7.60
25026.00,5.000,10.235,0.204,0.204,0.000,0.000,1.0000,25.000,51.193,10.031,7.60
25031.00,5.000,10.235,0.204,0.204,0.000,0.000,1.0000,25.000,51.193,10.031,7.59
25036.00,5.000,10.235,0.204,0.204,0.000,0.000,1.0000,25.000,51.193,10.031,7.59
25041.00,5.000,10.235,0.204,0.204,0.000,0.000,1.0000,25.000,51.193,10.031,7.59
25046.00,5.000,10.235,0.204,0.204,0.000,0.000,1.0000,25.000,51.193,10.031,7.59
25051.00,5.000,10.235,0.204,0.204,0.000,0.000,1.0000,25.000,51.193,10.031,7.59
25056.00,5.000,10.235,0.204,0.204,0.000,0.000,1.0000,25.000,51.193,10.031,7.58
25061.00,5.000,10.235,0.204,0.204,0.000,0.000,1.0000,25.000,51.193,10.031,7.58
25066.00,5.000,10.235,0.204,0.204,0.000,0.000,1.0000,25.000,51.193,10.031,7.58
25071.00,5.000,10.235,0.204,0.204,0.000,0.000,1.0000,25.000,51.193,10.031,7.58
25076.00,5.000,10.235,0.204,0.204,0.000,0.000,1.0000,25.000,51.193,10.031,7.58
25081.00,5.000,10.235,0.204,0.204,0.000,0.000,1.0000,25.000,51.193,10.031,7.57
25086.00,5.000,10.235,0.204,0.204,0.000,0.000,1.0000,25.000,51.193,10.031,7.57
25091.00,5.000,10.235,0.204,0.204,0.000,0.000,1.0000,25.000,51.193,10.031,7.57
25096.00,5.000,10.235,0.204,0.204,0.000,0.000,1.0000,25.000,51.193,10.031,7.57
25101.00,5.000,10.234,0.204,0.204,0.000,0.000,1.0000,25.000,51.193,10.031,7.57
25106.00,5.000,10.234,0.203,0.203,0.000,0.000,1.0000,25.000,51.193,10.031,7.56
25111.00,5.000,10.234,0.203,0.203,0.000,0.000,1.0000,25.000,51.193,10.031,7.56
25116.00,5.000,10.234,0.203,0.203,0.000,0.000,1.0000,25.000,51.193,10.031,7.56
25121.00,5.000,10.234,0.203,0.203,0.000,0.000,1.0000,25.000,51.193,10.031,7.56
25126.00,5.000,10.234,0.203,0.203,0.000,0.000,1.0000,25.000,51.193,10.031,7.55
25131.00,5.000,10.234,0.203,0.203,0.000,0.000,1.0000,25.000,51.193,10.031,7.55
25136.00,5.000,10.234,0.203,0.203,0.000,0.000,1.0000,25.000,51.193,10.031,7.55
25141.00,5.000,10.234,0.203,0.203,0.000,0.000,1.0000,25.000,51.193,10.031,7.55
25146.00,5.000,10.234,0.203,0.203,0.000,0.000,1.0000,25.000,51.193,10.031,7.55
25151.00,5.000,10.234,0.203,0.203,0.000,0.000,1.0000,25.000,51.193,10.031,7.54
25156.00,5.000,10.234,0.203,0.203,0.000,0.000,1.0000,25.000,51.193,10.031,7.54
25161.00,5.000,10.234,0.203,0.203,0.000,0.000,1.0000,25.000,51.193,10.031,7.54
25166.00,5.000,10.234,0.203,0.203,0.000,0.000,1.0000,25.000,51.193,10.031,7.54
25171.00,5.000,10.234,0.203,0.203,0.000,0.000,1.0000,25.000,51.193,10.031,7.54
25176.00,5.000,10.234,0.203,0.203,0.000,0.000,1.0000,25.000,51.193,10.031,7.53
25181.00,5.000,10.234,0.203,0.203,0.000,0.000,1.0000,25.000,51.193,10.031,7.53
25186.00,5.000,10.234,0.203,0.203,0.000,0.000,1.0000,25.000,51.193,10.031,7.53
25191.00,5.000,10.234,0.203,0.203,0.000,0.000,1.0000,25.000,51.193,10.031,7.53
25196.00,5.000,10.234,0.203,0.203,0.000,0.000,1.0000,25.000,51.193,10.031,7.53
25201.00,5.000,10.234,0.203,0.203,0.000,0.000,1.0000,25.000,51.193,10.031,7.52
25206.00,5.000,10.234,0.203,0.203,0.000,0.000,1.0000,25.000,51.193,10.031,7.52
25211.00,5.000,10.234,0.203,0.203,0.000,0.000,1.0000,25.000,51.193,10.031,7.52
25216.00,5.000,10.234,0.203,0.203,0.000,0.000,1.0000,25.000,51.193,10.031,7.52
25221.00,5.000,10.234,0.203,0.203,0.000,0.000,1.0000,25.000,51.193,10.031,7.52
25226.00,5.000,10.234,0.203,0.203,0.000,0.000,1.0000,25.000,51.193,10.031,7.51
25231.00,5.000,10.234,0.203,0.203,0.000,0.000,1.0000,25.000,51.193,10.031,7.51
25236.00,5.000,10.233,0.203,0.203,0.000,0.000,1.0000,25.000,51.193,10.031,7.51
25241.00,5.000,10.233,0.203,0.203,0.000,0.000,1.0000,25.000,51.193,10.031,7.51
25246.00,5.000,10.233,0.202,0.202,0.000,0.000,1.0000,25.000,51.193,10.031,7.51
25251.00,5.000,10.233,0.202,0.202,0.000,0.000,1.0000,25.000,51.193,10.031,7.50
25256.00,5.000,10.233,0.202,0.202,0.000,0.000,1.0000,25.000,51.193,10.031,7.50
25261.00,5.000,10.233,0.202,0.202,0.000,0.000,1.0000,25.000,51.193,10.031,7.50
25266.00,5.000,10.233,0.202,0.202,0.000,0.000,1.0000,25.000,51.193,10.031,7.50
25271.00,5.000,10.233,0.202,0.202,0.000,0.000,1.0000,25.000,51.193,10.031,7.50
25276.00,5.000,10.233,0.202,0.202,0.000,0.000,1.0000,25.000,51.193,10.031,7.49
25281.00,5.000,10.233,0.202,0.202,0.000,0.000,1.0000,25.000,51.193,10.031,7.49
25286.00,5.000,10.233,0.202,0.202,0.000,0.000,1.0000,25.000,51.193,10.031,7.49
25291.00,5.000,10.233,0.202,0.202,0.000,0.000,1.0000,25.000,51.193,10.031,7.49
25296.00,5.000,10.233,0.202,0.202,0.000,0.000,1.0000,25.000,51.193,10.031,7.49
25301.00,5.000,10.233,0.202,0.202,0.000,0.000,1.0000,25.000,51.193,10.031,7.48
25306.00,5.000,10.233,0.202,0.202,0.000,0.000,1.0000,25.000,51.193,10.031,7.48
25311.00,5.000,10.233,0.202,0.202,0.000,0.000,1.0000,25.000,51.193,10.031,7.48
25316.00,5.000,10.233,0.202,0.202,0.000,0.000,1.0000,25.000,51.193,10.031,7.48
25321.00,5.000,10.233,0.202,0.202,0.000,0.000,1.0000,25.000,51.193,10.031,7.48
25326.00,5.000,10.233,0.202,0.202,0.000,0.000,1.0000,25.000,51.193,10.031,7.47
25331.00,5.000,10.233,0.202,0.202,0.000,0.000,1.0000,25.000,51.193,10.031,7.47
25336.00,5.000,10.233,0.202,0.202,0.000,0.000,1.0000,25.000,51.193,10.031,7.47
25341.00,5.000,10.233,0.202,0.202,0.000,0.000,1.0000,25.000,51.193,10.031,7.47
25346.00,5.000,10.233,0.202,0.202,0.000,0.000,1.0000,25.000,51.193,10.031,7.47
25351.00,5.000,10.233,0.202,0.202,0.000,0.000,1.0000,25.000,51.193,10.031,7.46
25356.00,5.000,10.233,0.202,0.202,0.000,0.000,1.0000,25.000,51.193,10.031,7.46
25361.00,5.000,10.233,0.202,0.202,0.000,0.000,1.0000,25.000,51.193,10.031,7.46
25366.00,5.000,10.233,0.202,0.202,0.000,0.000,1.0000,25.000,51.193,10.031,7.46
25371.00,5.000,10.233,0.202,0.202,0.000,0.000,1.0000,25.000,51.193,10.031,7.46
25376.00,5.000,10.232,0.202,0.202,0.000,0.000,1.0000,25.000,51.193,10.031,7.46
25381.00,5.000,10.232,0.202,0.202,0.000,0.000,1.0000,25.000,51.193,10.031,7.45
25386.00,5.000,10.232,0.201,0.201,0.000,0.000,1.0000,25.000,51.193,10.031,7.45
25391.00,5.000,10.232,0.201,0.201,0.000,0.000,1.0000,25.000,51.193,10.031,7.45
25396.00,5.000,10.232,0.201,0.201,0.000,0.000,1.0000,25.000,51.193,10.031,7.45
25401.00,5.000,10.232,0.201,0.201,0.000,0.000,1.0000,25.000,51.193,10.031,7.45
25406.00,5.000,10.232,0.201,0.201,0.000,0.000,1.0000,25.000,51.193,10.031,7.44
25411.00,5.000,10.232,0.201,0.201,0.000,0.000,1.0000,25.000,51.193,10.031,7.44
25416.00,5.000,10.232,0.201,0.201,0.000,0.000,1.0000,25.000,51.193,10.031,7.44
25421.00,5.000,10.232,0.201,0.201,0.000,0.000,1.0000,25.000,51.193,10.031,7.44
25426.00,5.000,10.232,0.201,0.201,0.000,0.000,1.0000,25.000,51.193,10.031,7.44
25431.00,5.000,10.232,0.201,0.201,0.000,0.000,1.0000,25.000,51.193,10.031,7.43
25436.00,5.000,10.232,0.201,0.201,0.000,0.000,1.0000,25.000,51.193,10.031,7.43
25441.00,5.000,10.232,0.201,0.201,0.000,0.000,1.0000,25.000,51.193,10.031,7.43
25446.00,5.000,10.232,0.201,0.201,0.000,0.000,1.0000,25.000,51.193,10.031,7.43
25451.00,5.000,10.232,0.201,0.201,0.000,0.000,1.0000,25.000,51.193,10.031,7.43
25456.00,5.000,10.232,0.201,0.201,0.000,0.000,1.0000,25.000,51.193,10.031,7.42
25461.00,5.000,10.232,0.201,0.201,0.000,0.000,1.0000,25.000,51.193,10.031,7.42
25466.00,5.000,10.232,0.201,0.201,0.000,0.000,1.0000,25.000,51.193,10.031,7.42
25471.00,5.000,10.232,0.201,0.201,0.000,0.000,1.0000,25.000,51.193,10.031,7.42
25476.00,5.000,10.232,0.201,0.201,0.000,0.000,1.0000,25.000,51.193,10.031,7.42
25481.00,5.000,10.232,0.201,0.201,0.000,0.000,1.0000,25.000,51.193,10.031,7.41
25486.00,5.000,10.232,0.201,0.201,0.000,0.000,1.0000,25.000,51.193,10.031,7.41
25491.00,5.000,10.232,0.201,0.201,0.000,0.000,1.0000,25.000,51.193,10.031,7.41
25496.00,5.000,10.232,0.201,0.201,0.000,0.000,1.0000,25.000,51.193,10.031,7.41
25501.00,5.000,10.232,0.201,0.201,0.000,0.000,1.0000,25.000,51.193,10.031,7.41
25506.00,5.000,10.232,0.201,0.201,0.000,0.000,1.0000,25.000,51.193,10.031,7.40
25511.00,5.000,10.232,0.201,0.201,0.000,0.000,1.0000,25.000,51.193,10.031,7.40
25516.00,5.000,10.232,0.201,0.201,0.000,0.000,1.0000,25.000,51.193,10.031,7.40
25521.00,5.000,10.231,0.201,0.201,0.000,0.000,1.0000,25.000,51.193,10.031,7.40
25526.00,5.000,10.231,0.201,0.201,0.000,0.000,1.0000,25.000,51.193,10.031,7.40
25531.00,5.000,10.231,0.200,0.200,0.000,0.000,1.0000,25.000,51.193,10.031,7.40
25536.00,5.000,10.231,0.200,0.200,0.000,0.000,1.0000,25.000,51.193,10.031,7.39
25541.00,5.000,10.231,0.200,0.200,0.000,0.000,1.0000,25.000,51.193,10.031,7.39
25546.00,5.000,10.231,0.200,0.200,0.000,0.000,1.0000,25.000,51.193,10.031,7.39
25551.00,5.000,10.231,0.200,0.200,0.000,0.000,1.0000,25.000,51.193,10.031,7.39
25556.00,5.000,10.231,0.200,0.200,0.000,0.000,1.0000,25.000,51.193,10.031,7.39
25561.00,5.000,10.231,0.200,0.200,0.000,0.000,1.0000,25.000,51.193,10.031,7.38
25566.00,5.000,10.231,0.200,0.200,0.000,0.000,1.0000,25.000,51.193,10.031,7.38
25571.00,5.000,10.231,0.200,0.200,0.000,0.000,1.0000,25.000,51.193,10.031,7.38
25576.00,5.000,10.231,0.200,0.200,0.000,0.000,1.0000,25.000,51.193,10.031,7.38
25581.00,5.000,10.231,0.200,0.200,0.000,0.000,1.0000,25.000,51.193,10.031,7.38
25586.00,5.000,10.231,0.200,0.200,0.000,0.000,1.0000,25.000,51.193,10.031,7.37
25591.00,5.000,10.231,0.200,0.200,0.000,0.000,1.0000,25.000,51.193,10.031,7.37
25596.00,5.000,10.231,0.200,0.200,0.000,0.000,1.0000,25.000,51.193,10.031,7.37
25601.00,5.000,10.231,0.200,0.200,0.000,0.000,1.0000,25.000,51.193,10.031,7.37
25606.00,5.000,10.231,0.200,0.200,0.000,0.000,1.0000,25.000,51.193,10.031,7.37
25611.00,5.000,10.231,0.200,0.200,0.000,0.000,1.0000,25.000,51.193,10.031,7.37
25616.00,5.000,10.231,0.200,0.200,0.000,0.000,1.0000,25.000,51.193,10.031,7.36
25621.00,5.000,10.231,0.200,0.200,0.000,0.000,1.0000,25.000,51.193,10.031,7.36
25626.00,5.000,10.231,0.200,0.200,0.000,0.000,1.0000,25.000,51.193,10.031,7.36
25631.00,5.000,10.231,0.200,0.200,0.000,0.000,1.0000,25.000,51.193,10.031,7.36
25636.00,5.000,10.231,0.200,0.200,0.000,0.000,1.0000,25.000,51.193,10.031,7.36
25641.00,5.000,10.231,0.200,0.200,0.000,0.000,1.0000,25.000,51.193,10.031,7.35
25646.00,5.000,10.231,0.200,0.200,0.000,0.000,1.0000,25.000,51.193,10.031,7.35
25651.00,5.000,10.231,0.200,0.200,0.000,0.000,1.0000,25.000,51.193,10.031,7.35
25656.00,5.000,10.231,0.200,0.200,0.000,0.000,1.0000,25.000,51.193,10.031,7.35
25661.00,5.000,10.231,0.200,0.200,0.000,0.000,1.0000,25.000,51.193,10.031,7.35
25666.00,5.000,10.231,0.200,0.200,0.000,0.000,1.0000,25.000,51.193,10.031,7.34
25671.00,5.000,10.230,0.200,0.200,0.000,0.000,1.0000,25.000,51.193,10.031,7.34
25676.00,5.000,10.230,0.199,0.199,0.000,0.000,1.0000,25.000,51.193,10.031,7.34
25681.00,5.000,10.230,0.199,0.199,0.000,0.000,1.0000,25.000,51.193,10.031,7.34
25686.00,5.000,10.230,0.199,0.199,0.000,0.000,1.0000,25.000,51.193,10.031,7.34
25691.00,5.000,10.230,0.199,0.199,0.000,0.000,1.0000,25.000,51.193,10.031,7.34
25696.00,5.000,10.230,0.199,0.199,0.000,0.000,1.0000,25.000,51.193,10.031,7.33
25701.00,5.000,10.230,0.199,0.199,0.000,0.000,1.0000,25.000,51.193,10.031,7.33
25706.00,5.000,10.230,0.199,0.199,0.000,0.000,1.0000,25.000,51.193,10.031,7.33
25711.00,5.000,10.230,0.199,0.199,0.000,0.000,1.0000,25.000,51.193,10.031,7.33
25716.00,5.000,10.230,0.199,0.199,0.000,0.000,1.0000,25.000,51.193,10.031,7.33
25721.00,5.000,10.230,0.199,0.199,0.000,0.000,1.0000,25.000,51.193,10.031,7.32
25726.00,5.000,10.230,0.199,0.199,0.000,0.000,1.0000,25.000,51.193,10.031,7.32
25731.00,5.000,10.230,0.199,0.199,0.000,0.000,1.0000,25.000,51.193,10.031,7.32
25736.00,5.000,10.230,0.199,0.199,0.000,0.000,1.0000,25.000,51.193,10.031,7.32
25741.00,5.000,10.230,0.199,0.199,0.000,0.000,1.0000,25.000,51.193,10.031,7.32
25746.00,5.000,10.230,0.199,0.199,0.000,0.000,1.0000,25.000,51.193,10.031,7.32
25751.00,5.000,10.230,0.199,0.199,0.000,0.000,1.0000,25.000,51.193,10.031,7.31
25756.00,5.000,10.230,0.199,0.199,0.000,0.000,1.0000,25.000,51.193,10.031,7.31
25761.00,5.000,10.230,0.199,0.199,0.000,0.000,1.0000,25.000,51.193,10.031,7.31
25766.00,5.000,10.230,0.199,0.199,0.000,0.000,1.0000,25.000,51.193,10.031,7.31
25771.00,5.000,10.230,0.199,0.199,0.000,0.000,1.0000,25.000,51.193,10.031,7.31
25776.00,5.000,10.230,0.199,0.199,0.000,0.000,1.0000,25.000,51.193,10.031,7.30
25781.00,5.000,10.230,0.199,0.199,0.000,0.000,1.0000,25.000,51.193,10.031,7.30
25786.00,5.000,10.230,0.199,0.199,0.000,0.000,1.0000,25.000,51.193,10.031,7.30
25791.00,5.000,10.230,0.199,0.199,0.000,0.000,1.0000,25.000,51.193,10.031,7.30
25796.00,5.000,10.230,0.199,0.199,0.000,0.000,1.0000,25.000,51.193,10.031,7.30
25801.00,5.000,10.230,0.199,0.199,0.000,0.000,1.0000,25.000,51.193,10.031,7.30
25806.00,5.000,10.230,0.199,0.199,0.000,0.000,1.0000,25.000,51.193,10.031,7.29
25811.00,5.000,10.230,0.199,0.199,0.000,0.000,1.0000,25.000,51.193,10.031,7.29
25816.00,5.000,10.230,0.199,0.199,0.000,0.000,1.0000,25.000,51.193,10.031,7.29
25821.00,5.000,10.229,0.199,0.199,0.000,0.000,1.0000,25.000,51.193,10.031,7.29
25826.00,5.000,10.229,0.199,0.199,0.000,0.000,1.0000,25.000,51.193,10.031,7.29
25831.00,5.000,10.229,0.198,0.198,0.000,0.000,1.0000,25.000,51.193,10.031,7.28
25836.00,5.000,10.229,0.198,0.198,0.000,0.000,1.0000,25.000,51.193,10.031,7.28
25841.00,5.000,10.229,0.198,0.198,0.000,0.000,1.0000,25.000,51.193,10.031,7.28
25846.00,5.000,10.229,0.198,0.198,0.000,0.000,1.0000,25.000,51.193,10.031,7.28
25851.00,5.000,10.229,0.198,0.198,0.000,0.000,1.0000,25.000,51.193,10.031,7.28
25856.00,5.000,10.229,0.198,0.198,0.000,0.000,1.0000,25.000,51.193,10.031,7.28
25861.00,5.000,10.229,0.198,0.198,0.000,0.000,1.0000,25.000,51.193,10.031,7.27
25866.00,5.000,10.229,0.198,0.198,0.000,0.000,1.0000,25.000,51.193,10.031,7.27
25871.00,5.000,10.229,0.198,0.198,0.000,0.000,1.0000,25.000,51.193,10.031,7.27
25876.00,5.000,10.229,0.198,0.198,0.000,0.000,1.0000,25.000,51.193,10.031,7.27
25881.00,5.000,10.229,0.198,0.198,0.000,0.000,1.0000,25.000,51.193,10.031,7.27
25886.00,5.000,10.229,0.198,0.198,0.000,0.000,1.0000,25.000,51.193,10.031,7.26
25891.00,5.000,10.229,0.198,0.198,0.000,0.000,1.0000,25.000,51.193,10.031,7.26
25896.00,5.000,10.229,0.198,0.198,0.000,0.000,1.0000,25.000,51.193,10.031,7.26
25901.00,5.000,10.229,0.198,0.198,0.000,0.000,1.0000,25.000,51.193,10.031,7.26
25906.00,5.000,10.229,0.198,0.198,0.000,0.000,1.0000,25.000,51.193,10.031,7.26
25911.00,5.000,10.229,0.198,0.198,0.000,0.000,1.0000,25.000,51.193,10.031,7.26
25916.00,5.000,10.229,0.198,0.198,0.000,0.000,1.0000,25.000,51.193,10.031,7.25
25921.00,5.000,10.229,0.198,0.198,0.000,0.000,1.0000,25.000,51.193,10.031,7.25
25926.00,5.000,10.229,0.198,0.198,0.000,0.000,1.0000,25.000,51.193,10.031,7.25
25931.00,5.000,10.229,0.198,0.198,0.000,0.000,1.0000,25.000,51.193,10.031,7.25
25936.00,5.000,10.229,0.198,0.198,0.000,0.000,1.0000,25.000,51.193,10.031,7.25
25941.00,5.000,10.229,0.198,0.198,0.000,0.000,1.0000,25.000,51.193,10.031,7.24
25946.00,5.000,10.229,0.198,0.198,0.000,0.000,1.0000,25.000,51.193,10.031,7.24
25951.00,5.000,10.229,0.198,0.198,0.000,0.000,1.0000,25.000,51.193,10.031,7.24
25956.00,5.000,10.229,0.198,0.198,0.000,0.000,1.0000,25.000,51.193,10.031,7.24
25961.00,5.000,10.229,0.198,0.198,0.000,0.000,1.0000,25.000,51.193,10.031,7.24
25966.00,5.000,10.229,0.198,0.198,0.000,0.000,1.0000,25.000,51.193,10.031,7.24
25971.00,5.000,10.229,0.198,0.198,0.000,0.000,1.0000,25.000,51.193,10.031,7.23
25976.00,5.000,10.228,0.198,0.198,0.000,0.000,1.0000,25.000,51.193,10.031,7.23
25981.00,5.000,10.228,0.198,0.198,0.000,0.000,1.0000,25.000,51.193,10.031,7.23
25986.00,5.000,10.228,0.197,0.197,0.000,0.000,1.0000,25.000,51.193,10.031,7.23
25991.00,5.000,10.228,0.197,0.197,0.000,0.000,1.0000,25.000,51.193,10.031,7.23
25996.00,5.000,10.228,0.197,0.197,0.000,0.000,1.0000,25.000,51.193,10.031,7.23
26001.00,5.000,10.228,0.197,0.197,0.000,0.000,1.0000,25.000,51.193,10.031,7.22
26006.00,5.000,10.228,0.197,0.197,0.000,0.000,1.0000,25.000,51.193,10.031,7.22
26011.00,5.000,10.228,0.197,0.197,0.000,0.000,1.0000,25.000,51.193,10.031,7.22
26016.00,5.000,10.228,0.197,0.197,0.000,0.000,1.0000,25.000,51.193,10.031,7.22
26021.00,5.000,10.228,0.197,0.197,0.000,0.000,1.0000,25.000,51.193,10.031,7.22
26026.00,5.000,10.228,0.197,0.197,0.000,0.000,1.0000,25.000,51.193,10.031,7.22
26031.00,5.000,10.228,0.197,0.197,0.000,0.000,1.0000,25.000,51.193,10.031,7.21
26036.00,5.000,10.228,0.197,0.197,0.000,0.000,1.0000,25.000,51.193,10.031,7.21
26041.00,5.000,10.228,0.197,0.197,0.000,0.000,1.0000,25.000,51.193,10.031,7.21
26046.00,5.000,10.228,0.197,0.197,0.000,0.000,1.0000,25.000,51.193,10.031,7.21
26051.00,5.000,10.228,0.197,0.197,0.000,0.000,1.0000,25.000,51.193,10.031,7.21
26056.00,5.000,10.228,0.197,0.197,0.000,0.000,1.0000,25.000,51.193,10.031,7.20
26061.00,5.000,10.228,0.197,0.197,0.000,0.000,1.0000,25.000,51.193,10.031,7.20
26066.00,5.000,10.228,0.197,0.197,0.000,0.000,1.0000,25.000,51.193,10.031,7.20
26071.00,5.000,10.228,0.197,0.197,0.000,0.000,1.0000,25.000,51.193,10.031,7.20
26076.00,5.000,10.228,0.197,0.197,0.000,0.000,1.0000,25.000,51.193,10.031,7.20
26081.00,5.000,10.228,0.197,0.197,0.000,0.000,1.0000,25.000,51.193,10.031,7.20
26086.00,5.000,10.228,0.197,0.197,0.000,0.000,1.0000,25.000,51.193,10.031,7.19
26091.00,5.000,10.228,0.197,0.197,0.000,0.000,1.0000,25.000,51.193,10.031,7.19
26096.00,5.000,10.228,0.197,0.197,0.000,0.000,1.0000,25.000,51.193,10.031,7.19
26101.00,5.000,10.228,0.197,0.197,0.000,0.000,1.0000,25.000,51.193,10.031,7.19
26106.00,5.000,10.228,0.197,0.197,0.000,0.000,1.0000,25.000,51.193,10.031,7.19
26111.00,5.000,10.228,0.197,0.197,0.000,0.000,1.0000,25.000,51.193,10.031,7.19
26116.00,5.000,10.228,0.197,0.197,0.000,0.000,1.0000,25.000,51.193,10.031,7.18
26121.00,5.000,10.228,0.197,0.197,0.000,0.000,1.0000,25.000,51.193,10.031,7.18
26126.00,5.000,10.228,0.197,0.197,0.000,0.000,1.0000,25.000,51.193,10.031,7.18
26131.00,5.000,10.228,0.197,0.197,0.000,0.000,1.0000,25.000,51.193,10.031,7.18
26136.00,5.000,10.227,0.197,0.197,0.000,0.000,1.0000,25.000,51.193,10.031,7.18
26141.00,5.000,10.227,0.196,0.196,0.000,0.000,1.0000,25.000,51.193,10.031,7.18
26146.00,5.000,10.227,0.196,0.196,0.000,0.000,1.0000,25.000,51.193,10.031,7.17
26151.00,5.000,10.227,0.196,0.196,0.000,0.000,1.0000,25.000,51.193,10.031,7.17
26156.00,5.000,10.227,0.196,0.196,0.000,0.000,1.0000,25.000,51.193,10.031,7.17
26161.00,5.000,10.227,0.196,0.196,0.000,0.000,1.0000,25.000,51.193,10.031,7.17
26166.00,5.000,10.227,0.196,0.196,0.000,0.000,1.0000,25.000,51.193,10.031,7.17
26171.00,5.000,10.227,0.196,0.196,0.000,0.000,1.0000,25.000,51.193,10.031,7.17
26176.00,5.000,10.227,0.196,0.196,0.000,0.000,1.0000,25.000,51.193,10.031,7.16
26181.00,5.000,10.227,0.196,0.196,0.000,0.000,1.0000,25.000,51.193,10.031,7.16
26186.00,5.000,10.227,0.196,0.196,0.000,0.000,1.0000,25.000,51.193,10.031,7.16
26191.00,5.000,10.227,0.196,0.196,0.000,0.000,1.0000,25.000,51.193,10.031,7.16
26196.00,5.000,10.227,0.196,0.196,0.000,0.000,1.0000,25.000,51.193,10.031,7.16
26201.00,5.000,10.227,0.196,0.196,0.000,0.000,1.0000,25.000,51.193,10.031,7.15
26206.00,5.000,10.227,0.196,0.196,0.000,0.000,1.0000,25.000,51.193,10.031,7.15
26211.00,5.000,10.227,0.196,0.196,0.000,0.000,1.0000,25.000,51.193,10.031,7.15
26216.00,5.000,10.227,0.196,0.196,0.000,0.000,1.0000,25.000,51.193,10.031,7.15
26221.00,5.000,10.227,0.196,0.196,0.000,0.000,1.0000,25.000,51.193,10.031,7.15
26226.00,5.000,10.227,0.196,0.196,0.000,0.000,1.0000,25.000,51.193,10.031,7.15
26231.00,5.000,10.227,0.196,0.196,0.000,0.000,1.0000,25.000,51.193,10.031,7.14
26236.00,5.000,10.227,0.196,0.196,0.000,0.000,1.0000,25.000,51.193,10.031,7.14
26241.00,5.000,10.227,0.196,0.196,0.000,0.000,1.0000,25.000,51.193,10.031,7.14
26246.00,5.000,10.227,0.196,0.196,0.000,0.000,1.0000,25.000,51.193,10.031,7.14
26251.00,5.000,10.227,0.196,0.196,0.000,0.000,1.0000,25.000,51.193,10.031,7.14
26256.00,5.000,10.227,0.196,0.196,0.000,0.000,1.0000,25.000,51.193,10.031,7.14
26261.00,5.000,10.227,0.196,0.196,0.000,0.000,1.0000,25.000,51.193,10.031,7.13
26266.00,5.000,10.227,0.196,0.196,0.000,0.000,1.0000,25.000,51.193,10.031,7.13
26271.00,5.000,10.227,0.196,0.196,0.000,0.000,1.0000,25.000,51.193,10.031,7.13
26276.00,5.000,10.227,0.196,0.196,0.000,0.000,1.0000,25.000,51.193,10.031,7.13
26281.00,5.000,10.227,0.196,0.196,0.000,0.000,1.0000,25.000,51.193,10.031,7.13
26286.00,5.000,10.227,0.196,0.196,0.000,0.000,1.0000,25.000,51.193,10.031,7.13
26291.00,5.000,10.227,0.196,0.196,0.000,0.000,1.0000,25.000,51.193,10.031,7.12
26296.00,5.000,10.226,0.196,0.196,0.000,0.000,1.0000,25.000,51.193,10.031,7.12
26301.00,5.000,10.226,0.196,0.196,0.000,0.000,1.0000,25.000,51.193,10.031,7.12
26306.00,5.000,10.226,0.195,0.195,0.000,0.000,1.0000,25.000,51.193,10.031,7.12
26311.00,5.000,10.226,0.195,0.195,0.000,0.000,1.0000,25.000,51.193,10.031,7.12
26316.00,5.000,10.226,0.195,0.195,0.000,0.000,1.0000,25.000,51.193,10.031,7.12
26321.00,5.000,10.226,0.195,0.195,0.000,0.000,1.0000,25.000,51.193,10.031,7.11
26326.00,5.000,10.226,0.195,0.195,0.000,0.000,1.0000,25.000,51.193,10.031,7.11
26331.00,5.000,10.226,0.195,0.195,0.000,0.000,1.0000,25.000,51.193,10.031,7.11
26336.00,5.000,10.226,0.195,0.195,0.000,0.000,1.0000,25.000,51.193,10.031,7.11
26341.00,5.000,10.226,0.195,0.195,0.000,0.000,1.0000,25.000,51.193,10.031,7.11
26346.00,5.000,10.226,0.195,0.195,0.000,0.000,1.0000,25.000,51.193,10.031,7.11
26351.00,5.000,10.226,0.195,0.195,0.000,0.000,1.0000,25.000,51.193,10.031,7.10
26356.00,5.000,10.226,0.195,0.195,0.000,0.000,1.0000,25.000,51.193,10.031,7.10
26361.00,5.000,10.226,0.195,0.195,0.000,0.000,1.0000,25.000,51.193,10.031,7.10
26366.00,5.000,10.226,0.195,0.195,0.000,0.000,1.0000,25.000,51.193,10.031,7.10
26371.00,5.000,10.226,0.195,0.195,0.000,0.000,1.0000,25.000,51.193,10.031,7.10
26376.00,5.000,10.226,0.195,0.195,0.000,0.000,1.0000,25.000,51.193,10.031,7.10
26381.00,5.000,10.226,0.195,0.195,0.000,0.000,1.0000,25.000,51.193,10.031,7.09
26386.00,5.000,10.226,0.195,0.195,0.000,0.000,1.0000,25.000,51.193,10.031,7.09
26391.00,5.000,10.226,0.195,0.195,0.000,0.000,1.0000,25.000,51.193,10.031,7.09
26396.00,5.000,10.226,0.195,0.195,0.000,0.000,1.0000,25.000,51.193,10.031,7.09
26401.00,5.000,10.226,0.195,0.195,0.000,0.000,1.0000,25.000,51.193,10.031,7.09
26406.00,5.000,10.226,0.195,0.195,0.000,0.000,1.0000,25.000,51.193,10.031,7.09
26411.00,5.000,10.226,0.195,0.195,0.000,0.000,1.0000,25.000,51.193,10.031,7.09
26416.00,5.000,10.226,0.195,0.195,0.000,0.000,1.0000,25.000,51.193,10.031,7.08
26421.00,5.000,10.226,0.195,0.195,0.000,0.000,1.0000,25.000,51.193,10.031,7.08
26426.00,5.000,10.226,0.195,0.195,0.000,0.000,1.0000,25.000,51.193,10.031,7.08
26431.00,5.000,10.226,0.195,0.195,0.000,0.000,1.0000,25.000,51.193,10.031,7.08
26436.00,5.000,10.226,0.195,0.195,0.000,0.000,1.0000,25.000,51.193,10.031,7.08
26441.00,5.000,10.226,0.195,0.195,0.000,0.000,1.0000,25.000,51.193,10.031,7.08
26446.00,5.000,10.226,0.195,0.195,0.000,0.000,1.0000,25.000,51.193,10.031,7.07
26451.00,5.000,10.226,0.195,0.195,0.000,0.000,1.0000,25.000,51.193,10.031,7.07
26456.00,5.000,10.226,0.195,0.195,0.000,0.000,1.0000,25.000,51.193,10.031,7.07
26461.00,5.000,10.225,0.195,0.195,0.000,0.000,1.0000,25.000,51.193,10.031,7.07
26466.00,5.000,10.225,0.195,0.195,0.000,0.000,1.0000,25.000,51.193,10.031,7.07
26471.00,5.000,10.225,0.194,0.194,0.000,0.000,1.0000,25.000,51.193,10.031,7.07
26476.00,5.000,10.225,0.194,0.194,0.000,0.000,1.0000,25.000,51.193,10.031,7.06
26481.00,5.000,10.225,0.194,0.194,0.000,0.000,1.0000,25.000,51.193,10.031,7.06
26486.00,5.000,10.225,0.194,0.194,0.000,0.000,1.0000,25.000,51.193,10.031,7.06
26491.00,5.000,10.225,0.194,0.194,0.000,0.000,1.0000,25.000,51.193,10.031,7.06
26496.00,5.000,10.225,0.194,0.194,0.000,0.000,1.0000,25.000,51.193,10.031,7.06
26501.00,5.000,10.225,0.194,0.194,0.000,0.000,1.0000,25.000,51.193,10.031,7.06
26506.00,5.000,10.225,0.194,0.194,0.000,0.000,1.0000,25.000,51.193,10.031,7.05
26511.00,5.000,10.225,0.194,0.194,0.000,0.000,1.0000,25.000,51.193,10.031,7.05
26516.00,5.000,10.225,0.194,0.194,0.000,0.000,1.0000,25.000,51.193,10.031,7.05
26521.00,5.000,10.225,0.194,0.194,0.000,0.000,1.0000,25.000,51.193,10.031,7.05
26526.00,5.000,10.225,0.194,0.194,0.000,0.000,1.0000,25.000,51.193,10.031,7.05
26531.00,5.000,10.225,0.194,0.194,0.000,0.000,1.0000,25.000,51.193,10.031,7.05
26536.00,5.000,10.225,0.194,0.194,0.000,0.000,1.0000,25.000,51.193,10.031,7.04
26541.00,5.000,10.225,0.194,0.194,0.000,0.000,1.0000,25.000,51.193,10.031,7.04
26546.00,5.000,10.225,0.194,0.194,0.000,0.000,1.0000,25.000,51.193,10.031,7.04
26551.00,5.000,10.225,0.194,0.194,0.000,0.000,1.0000,25.000,51.193,10.031,7.04
26556.00,5.000,10.225,0.194,0.194,0.000,0.000,1.0000,25.000,51.193,10.031,7.04
26561.00,5.000,10.225,0.194,0.194,0.000,0.000,1.0000,25.000,51.193,10.031,7.04
26566.00,5.000,10.225,0.194,0.194,0.000,0.000,1.0000,25.000,51.193,10.031,7.04
26571.00,5.000,10.225,0.194,0.194,0.000,0.000,1.0000,25.000,51.193,10.031,7.03
26576.00,5.000,10.225,0.194,0.194,0.000,0.000,1.0000,25.000,51.193,10.031,7.03
26581.00,5.000,10.225,0.194,0.194,0.000,0.000,1.0000,25.000,51.193,10.031,7.03
26586.00,5.000,10.225,0.194,0.194,0.000,0.000,1.0000,25.000,51.193,10.031,7.03
26591.00,5.000,10.225,0.194,0.194,0.000,0.000,1.0000,25.000,51.193,10.031,7.03
26596.00,5.000,10.225,0.194,0.194,0.000,0.000,1.0000,25.000,51.193,10.031,7.03
26601.00,5.000,10.225,0.194,0.194,0.000,0.000,1.0000,25.000,51.193,10.031,7.02
26606.00,5.000,10.225,0.194,0.194,0.000,0.000,1.0000,25.000,51.193,10.031,7.02
26611.00,5.000,10.225,0.194,0.194,0.000,0.000,1.0000,25.000,51.193,10.031,7.02
26616.00,5.000,10.225,0.194,0.194,0.000,0.000,1.0000,25.000,51.193,10.031,7.02
26621.00,5.000,10.225,0.194,0.194,0.000,0.000,1.0000,25.000,51.193,10.031,7.02
26626.00,5.000,10.225,0.194,0.194,0.000,0.000,1.0000,25.000,51.193,10.031,7.02
26631.00,5.000,10.225,0.194,0.194,0.000,0.000,1.0000,25.000,51.193,10.031,7.01
26636.00,5.000,10.224,0.194,0.194,0.000,0.000,1.0000,25.000,51.193,10.031,7.01
26641.00,5.000,10.224,0.194,0.194,0.000,0.000,1.0000,25.000,51.193,10.031,7.01
26646.00,5.000,10.224,0.193,0.193,0.000,0.000,1.0000,25.000,51.193,10.031,7.01
26651.00,5.000,10.224,0.193,0.193,0.000,0.000,1.0000,25.000,51.193,10.031,7.01
26656.00,5.000,10.224,0.193,0.193,0.000,0.000,1.0000,25.000,51.193,10.031,7.01
26661.00,5.000,10.224,0.193,0.193,0.000,0.000,1.0000,25.000,51.193,10.031,7.01
26666.00,5.000,10.224,0.193,0.193,0.000,0.000,1.0000,25.000,51.193,10.031,7.00
26671.00,5.000,10.224,0.193,0.193,0.000,0.000,1.0000,25.000,51.193,10.031,7.00
26676.00,5.000,10.224,0.193,0.193,0.000,0.000,1.0000,25.000,51.193,10.031,7.00
26681.00,5.000,10.224,0.193,0.193,0.000,0.000,1.0000,25.000,51.193,10.031,7.00
26686.00,5.000,10.224,0.193,0.193,0.000,0.000,1.0000,25.000,51.193,10.031,7.00
26691.00,5.000,10.224,0.193,0.193,0.000,0.000,1.0000,25.000,51.193,10.031,7.00
26696.00,5.000,10.224,0.193,0.193,0.000,0.000,1.0000,25.000,51.193,10.031,6.99
26701.00,5.000,10.224,0.193,0.193,0.000,0.000,1.0000,25.000,51.193,10.031,6.99
26706.00,5.000,10.224,0.193,0.193,0.000,0.000,1.0000,25.000,51.193,10.031,6.99
26711.00,5.000,10.224,0.193,0.193,0.000,0.000,1.0000,25.000,51.193,10.031,6.99
26716.00,5.000,10.224,0.193,0.193,0.000,0.000,1.0000,25.000,51.193,10.031,6.99
26721.00,5.000,10.224,0.193,0.193,0.000,0.000,1.0000,25.000,51.193,10.031,6.99
26726.00,5.000,10.224,0.193,0.193,0.000,0.000,1.0000,25.000,51.193,10.031,6.99
26731.00,5.000,10.224,0.193,0.193,0.000,0.000,1.0000,25.000,51.193,10.031,6.98
26736.00,5.000,10.224,0.193,0.193,0.000,0.000,1.0000,25.000,51.193,10.031,6.98
26741.00,5.000,10.224,0.193,0.193,0.000,0.000,1.0000,25.000,51.193,10.031,6.98
26746.00,5.000,10.224,0.193,0.193,0.000,0.000,1.0000,25.000,51.193,10.031,6.98
26751.00,5.000,10.224,0.193,0.193,0.000,0.000,1.0000,25.000,51.193,10.031,6.98
26756.00,5.000,10.224,0.193,0.193,0.000,0.000,1.0000,25.000,51.193,10.031,6.98
26761.00,5.000,10.224,0.193,0.193,0.000,0.000,1.0000,25.000,51.193,10.031,6.97
26766.00,5.000,10.224,0.193,0.193,0.000,0.000,1.0000,25.000,51.193,10.031,6.97
26771.00,5.000,10.224,0.193,0.193,0.000,0.000,1.0000,25.000,51.193,10.031,6.97
26776.00,5.000,10.224,0.193,0.193,0.000,0.000,1.0000,25.000,51.193,10.031,6.97
26781.00,5.000,10.224,0.193,0.193,0.000,0.000,1.0000,25.000,51.193,10.031,6.97
26786.00,5.000,10.224,0.193,0.193,0.000,0.000,1.0000,25.000,51.193,10.031,6.97
26791.00,5.000,10.224,0.193,0.193,0.000,0.000,1.0000,25.000,51.193,10.031,6.97
26796.00,5.000,10.224,0.193,0.193,0.000,0.000,1.0000,25.000,51.193,10.031,6.96
26801.00,5.000,10.224,0.193,0.193,0.000,0.000,1.0000,25.000,51.193,10.031,6.96
26806.00,5.000,10.224,0.193,0.193,0.000,0.000,1.0000,25.000,51.193,10.031,6.96
26811.00,5.000,10.223,0.193,0.193,0.000,0.000,1.0000,25.000,51.193,10.031,6.96
26816.00,5.000,10.223,0.193,0.193,0.000,0.000,1.0000,25.000,51.193,10.031,6.96
26821.00,5.000,10.223,0.192,0.192,0.000,0.000,1.0000,25.000,51.193,10.031,6.96
26826.00,5.000,10.223,0.192,0.192,0.000,0.000,1.0000,25.000,51.193,10.031,6.95
26831.00,5.000,10.223,0.192,0.192,0.000,0.000,1.0000,25.000,51.193,10.031,6.95
26836.00,5.000,10.223,0.192,0.192,0.000,0.000,1.0000,25.000,51.193,10.031,6.95
26841.00,5.000,10.223,0.192,0.192,0.000,0.000,1.0000,25.000,51.193,10.031,6.95
26846.00,5.000,10.223,0.192,0.192,0.000,0.000,1.0000,25.000,51.193,10.031,6.95
26851.00,5.000,10.223,0.192,0.192,0.000,0.000,1.0000,25.000,51.193,10.031,6.95
26856.00,5.000,10.223,0.192,0.192,0.000,0.000,1.0000,25.000,51.193,10.031,6.95
26861.00,5.000,10.223,0.192,0.192,0.000,0.000,1.0000,25.000,51.193,10.031,6.94
26866.00,5.000,10.223,0.192,0.192,0.000,0.000,1.0000,25.000,51.193,10.031,6.94
26871.00,5.000,10.223,0.192,0.192,0.000,0.000,1.0000,25.000,51.193,10.031,6.94
26876.00,5.000,10.223,0.192,0.192,0.000,0.000,1.0000,25.000,51.193,10.031,6.94
26881.00,5.000,10.223,0.192,0.192,0.000,0.000,1.0000,25.000,51.193,10.031,6.94
26886.00,5.000,10.223,0.192,0.192,0.000,0.000,1.0000,25.000,51.193,10.031,6.94
26891.00,5.000,10.223,0.192,0.192,0.000,0.000,1.0000,25.000,51.193,10.031,6.93
26896.00,5.000,10.223,0.192,0.192,0.000,0.000,1.0000,25.000,51.193,10.031,6.93
26901.00,5.000,10.223,0.192,0.192,0.000,0.000,1.0000,25.000,51.193,10.031,6.93
26906.00,5.000,10.223,0.192,0.192,0.000,0.000,1.0000,25.000,51.193,10.031,6.93
26911.00,5.000,10.223,0.192,0.192,0.000,0.000,1.0000,25.000,51.193,10.031,6.93
26916.00,5.000,10.223,0.192,0.192,0.000,0.000,1.0000,25.000,51.193,10.031,6.93
26921.00,5.000,10.223,0.192,0.192,0.000,0.000,1.0000,25.000,51.193,10.031,6.93
26926.00,5.000,10.223,0.192,0.192,0.000,0.000,1.0000,25.000,51.193,10.031,6.92
26931.00,5.000,10.223,0.192,0.192,0.000,0.000,1.0000,25.000,51.193,10.031,6.92
26936.00,5.000,10.223,0.192,0.192,0.000,0.000,1.0000,25.000,51.193,10.031,6.92
26941.00,5.000,10.223,0.192,0.192,0.000,0.000,1.0000,25.000,51.193,10.031,6.92
26946.00,5.000,10.223,0.192,0.192,0.000,0.000,1.0000,25.000,51.193,10.031,6.92
26951.00,5.000,10.223,0.192,0.192,0.000,0.000,1.0000,25.000,51.193,10.031,6.92
26956.00,5.000,10.223,0.192,0.192,0.000,0.000,1.0000,25.000,51.193,10.031,6.92
26961.00,5.000,10.223,0.192,0.192,0.000,0.000,1.0000,25.000,51.193,10.031,6.91
26966.00,5.000,10.223,0.192,0.192,0.000,0.000,1.0000,25.000,51.193,10.031,6.91
26971.00,5.000,10.223,0.192,0.192,0.000,0.000,1.0000,25.000,51.193,10.031,6.91
26976.00,5.000,10.223,0.192,0.192,0.000,0.000,1.0000,25.000,51.193,10.031,6.91
26981.00,5.000,10.223,0.192,0.192,0.000,0.000,1.0000,25.000,51.193,10.031,6.91
26986.00,5.000,10.223,0.192,0.192,0.000,0.000,1.0000,25.000,51.193,10.031,6.91
26991.00,5.000,10.222,0.192,0.192,0.000,0.000,1.0000,25.000,51.193,10.031,6.90
26996.00,5.000,10.222,0.192,0.192,0.000,0.000,1.0000,25.000,51.193,10.031,6.90
27001.00,5.000,10.222,0.191,0.191,0.000,0.000,1.0000,25.000,51.193,10.031,6.90
27006.00,5.000,10.222,0.191,0.191,0.000,0.000,1.0000,25.000,51.193,10.031,6.90
27011.00,5.000,10.222,0.191,0.191,0.000,0.000,1.0000,25.000,51.193,10.031,6.90
27016.00,5.000,10.222,0.191,0.191,0.000,0.000,1.0000,25.000,51.193,10.031,6.90
27021.00,5.000,10.222,0.191,0.191,0.000,0.000,1.0000,25.000,51.193,10.031,6.90
27026.00,5.000,10.222,0.191,0.191,0.000,0.000,1.0000,25.000,51.193,10.031,6.89
27031.00,5.000,10.222,0.191,0.191,0.000,0.000,1.0000,25.000,51.193,10.031,6.89
27036.00,5.000,10.222,0.191,0.191,0.000,0.000,1.0000,25.000,51.193,10.031,6.89
27041.00,5.000,10.222,0.191,0.191,0.000,0.000,1.0000,25.000,51.193,10.031,6.89
27046.00,5.000,10.222,0.191,0.191,0.000,0.000,1.0000,25.000,51.193,10.031,6.89
27051.00,5.000,10.222,0.191,0.191,0.000,0.000,1.0000,25.000,51.193,10.031,6.89
27056.00,5.000,10.222,0.191,0.191,0.000,0.000,1.0000,25.000,51.193,10.031,6.89
27061.00,5.000,10.222,0.191,0.191,0.000,0.000,1.0000,25.000,51.193,10.031,6.88
27066.00,5.000,10.222,0.191,0.191,0.000,0.000,1.0000,25.000,51.193,10.031,6.88
27071.00,5.000,10.222,0.191,0.191,0.000,0.000,1.0000,25.000,51.193,10.031,6.88
27076.00,5.000,10.222,0.191,0.191,0.000,0.000,1.0000,25.000,51.193,10.031,6.88
27081.00,5.000,10.222,0.191,0.191,0.000,0.000,1.0000,25.000,51.193,10.031,6.88
27086.00,5.000,10.222,0.191,0.191,0.000,0.000,1.0000,25.000,51.193,10.031,6.88
27091.00,5.000,10.222,0.191,0.191,0.000,0.000,1.0000,25.000,51.193,10.031,6.88
27096.00,5.000,10.222,0.191,0.191,0.000,0.000,1.0000,25.000,51.193,10.031,6.87
27101.00,5.000,10.222,0.191,0.191,0.000,0.000,1.0000,25.000,51.193,10.031,6.87
27106.00,5.000,10.222,0.191,0.191,0.000,0.000,1.0000,25.000,51.193,10.031,6.87
27111.00,5.000,10.222,0.191,0.191,0.000,0.000,1.0000,25.000,51.193,10.031,6.87
27116.00,5.000,10.222,0.191,0.191,0.000,0.000,1.0000,25.000,51.193,10.031,6.87
27121.00,5.000,10.222,0.191,0.191,0.000,0.000,1.0000,25.000,51.193,10.031,6.87
27126.00,5.000,10.222,0.191,0.191,0.000,0.000,1.0000,25.000,51.193,10.031,6.87
27131.00,5.000,10.222,0.191,0.191,0.000,0.000,1.0000,25.000,51.193,10.031,6.86
27136.00,5.000,10.222,0.191,0.191,0.000,0.000,1.0000,25.000,51.193,10.031,6.86
27141.00,5.000,10.222,0.191,0.191,0.000,0.000,1.0000,25.000,51.193,10.031,6.86
27146.00,5.000,10.222,0.191,0.191,0.000,0.000,1.0000,25.000,51.193,10.031,6.86
27151.00,5.000,10.222,0.191,0.191,0.000,0.000,1.0000,25.000,51.193,10.031,6.86
27156.00,5.000,10.222,0.191,0.191,0.000,0.000,1.0000,25.000,51.193,10.031,6.86
27161.00,5.000,10.222,0.191,0.191,0.000,0.000,1.0000,25.000,51.193,10.031,6.86
27166.00,5.000,10.222,0.191,0.191,0.000,0.000,1.0000,25.000,51.193,10.031,6.85
27171.00,5.000,10.222,0.191,0.191,0.000,0.000,1.0000,25.000,51.193,10.031,6.85
27176.00,5.000,10.221,0.191,0.191,0.000,0.000,1.0000,25.000,51.193,10.031,6.85
27181.00,5.000,10.221,0.191,0.191,0.000,0.000,1.0000,25.000,51.193,10.031,6.85
27186.00,5.000,10.221,0.191,0.191,0.000,0.000,1.0000,25.000,51.193,10.031,6.85
27191.00,5.000,10.221,0.190,0.190,0.000,0.000,1.0000,25.000,51.193,10.031,6.85
27196.00,5.000,10.221,0.190,0.190,0.000,0.000,1.0000,25.000,51.193,10.031,6.85
27201.00,5.000,10.221,0.190,0.190,0.000,0.000,1.0000,25.000,51.193,10.031,6.84
27206.00,5.000,10.221,0.190,0.190,0.000,0.000,1.0000,25.000,51.193,10.031,6.84
27211.00,5.000,10.221,0.190,0.190,0.000,0.000,1.0000,25.000,51.193,10.031,6.84
27216.00,5.000,10.221,0.190,0.190,0.000,0.000,1.0000,25.000,51.193,10.031,6.84
27221.00,5.000,10.221,0.190,0.190,0.000,0.000,1.0000,25.000,51.193,10.031,6.84
27226.00,5.000,10.221,0.190,0.190,0.000,0.000,1.0000,25.000,51.193,10.031,6.84
27231.00,5.000,10.221,0.190,0.190,0.000,0.000,1.0000,25.000,51.193,10.031,6.84
27236.00,5.000,10.221,0.190,0.190,0.000,0.000,1.0000,25.000,51.193,10.031,6.83
27241.00,5.000,10.221,0.190,0.190,0.000,0.000,1.0000,25.000,51.193,10.031,6.83
27246.00,5.000,10.221,0.190,0.190,0.000,0.000,1.0000,25.000,51.193,10.031,6.83
27251.00,5.000,10.221,0.190,0.190,0.000,0.000,1.0000,25.000,51.193,10.031,6.83
27256.00,5.000,10.221,0.190,0.190,0.000,0.000,1.0000,25.000,51.193,10.031,6.83
27261.00,5.000,10.221,0.190,0.190,0.000,0.000,1.0000,25.000,51.193,10.031,6.83
27266.00,5.000,10.221,0.190,0.190,0.000,0.000,1.0000,25.000,51.193,10.031,6.83
27271.00,5.000,10.221,0.190,0.190,0.000,0.000,1.0000,25.000,51.193,10.031,6.82
27276.00,5.000,10.221,0.190,0.190,0.000,0.000,1.0000,25.000,51.193,10.031,6.82
27281.00,5.000,10.221,0.190,0.190,0.000,0.000,1.0000,25.000,51.193,10.031,6.82
27286.00,5.000,10.221,0.190,0.190,0.000,0.000,1.0000,25.000,51.193,10.031,6.82
27291.00,5.000,10.221,0.190,0.190,0.000,0.000,1.0000,25.000,51.193,10.031,6.82
27296.00,5.000,10.221,0.190,0.190,0.000,0.000,1.0000,25.000,51.193,10.031,6.82
27301.00,5.000,10.221,0.190,0.190,0.000,0.000,1.0000,25.000,51.193,10.031,6.82
27306.00,5.000,10.221,0.190,0.190,0.000,0.000,1.0000,25.000,51.193,10.031,6.81
27311.00,5.000,10.221,0.190,0.190,0.000,0.000,1.0000,25.000,51.193,10.031,6.81
27316.00,5.000,10.221,0.190,0.190,0.000,0.000,1.0000,25.000,51.193,10.031,6.81
27321.00,5.000,10.221,0.190,0.190,0.000,0.000,1.0000,25.000,51.193,10.031,6.81
27326.00,5.000,10.221,0.190,0.190,0.000,0.000,1.0000,25.000,51.193,10.031,6.81
27331.00,5.000,10.221,0.190,0.190,0.000,0.000,1.0000,25.000,51.193,10.031,6.81
27336.00,5.000,10.221,0.190,0.190,0.000,0.000,1.0000,25.000,51.193,10.031,6.81
27341.00,5.000,10.221,0.190,0.190,0.000,0.000,1.0000,25.000,51.193,10.031,6.80
27346.00,5.000,10.221,0.190,0.190,0.000,0.000,1.0000,25.000,51.193,10.031,6.80
27351.00,5.000,10.221,0.190,0.190,0.000,0.000,1.0000,25.000,51.193,10.031,6.80
27356.00,5.000,10.221,0.190,0.190,0.000,0.000,1.0000,25.000,51.193,10.031,6.80
27361.00,5.000,10.221,0.190,0.190,0.000,0.000,1.0000,25.000,51.193,10.031,6.80
27366.00,5.000,10.221,0.190,0.190,0.000,0.000,1.0000,25.000,51.193,10.031,6.80
27371.00,5.000,10.220,0.190,0.190,0.000,0.000,1.0000,25.000,51.193,10.031,6.80
27376.00,5.000,10.220,0.190,0.190,0.000,0.000,1.0000,25.000,51.193,10.031,6.79
27381.00,5.000,10.220,0.189,0.189,0.000,0.000,1.0000,25.000,51.193,10.031,6.79
27386.00,5.000,10.220,0.189,0.189,0.000,0.000,1.0000,25.000,51.193,10.031,6.79
27391.00,5.000,10.220,0.189,0.189,0.000,0.000,1.0000,25.000,51.193,10.031,6.79
27396.00,5.000,10.220,0.189,0.189,0.000,0.000,1.0000,25.000,51.193,10.031,6.79
27401.00,5.000,10.220,0.189,0.189,0.000,0.000,1.0000,25.000,51.193,10.031,6.79
27406.00,5.000,10.220,0.189,0.189,0.000,0.000,1.0000,25.000,51.193,10.031,6.79
27411.00,5.000,10.220,0.189,0.189,0.000,0.000,1.0000,25.000,51.193,10.031,6.78
27416.00,5.000,10.220,0.189,0.189,0.000,0.000,1.0000,25.000,51.193,10.031,6.78
27421.00,5.000,10.220,0.189,0.189,0.000,0.000,1.0000,25.000,51.193,10.031,6.78
27426.00,5.000,10.220,0.189,0.189,0.000,0.000,1.0000,25.000,51.193,10.031,6.78
27431.00,5.000,10.220,0.189,0.189,0.000,0.000,1.0000,25.000,51.193,10.031,6.78
27436.00,5.000,10.220,0.189,0.189,0.000,0.000,1.0000,25.000,51.193,10.031,6.78
27441.00,5.000,10.220,0.189,0.189,0.000,0.000,1.0000,25.000,51.193,10.031,6.78
27446.00,5.000,10.220,0.189,0.189,0.000,0.000,1.0000,25.000,51.193,10.031,6.78
27451.00,5.000,10.220,0.189,0.189,0.000,0.000,1.0000,25.000,51.193,10.031,6.77
27456.00,5.000,10.220,0.189,0.189,0.000,0.000,1.0000,25.000,51.193,10.031,6.77
27461.00,5.000,10.220,0.189,0.189,0.000,0.000,1.0000,25.000,51.193,10.031,6.77
27466.00,5.000,10.220,0.189,0.189,0.000,0.000,1.0000,25.000,51.193,10.031,6.77
27471.00,5.000,10.220,0.189,0.189,0.000,0.000,1.0000,25.000,51.193,10.031,6.77
27476.00,5.000,10.220,0.189,0.189,0.000,0.000,1.0000,25.000,51.193,10.031,6.77
27481.00,5.000,10.220,0.189,0.189,0.000,0.000,1.0000,25.000,51.193,10.031,6.77
27486.00,5.000,10.220,0.189,0.189,0.000,0.000,1.0000,25.000,51.193,10.031,6.76
27491.00,5.000,10.220,0.189,0.189,0.000,0.000,1.0000,25.000,51.193,10.031,6.76
27496.00,5.000,10.220,0.189,0.189,0.000,0.000,1.0000,25.000,51.193,10.031,6.76
27501.00,5.000,10.220,0.189,0.189,0.000,0.000,1.0000,25.000,51.193,10.031,6.76
27506.00,5.000,10.220,0.189,0.189,0.000,0.000,1.0000,25.000,51.193,10.031,6.76
27511.00,5.000,10.220,0.189,0.189,0.000,0.000,1.0000,25.000,51.193,10.031,6.76
27516.00,5.000,10.220,0.189,0.189,0.000,0.000,1.0000,25.000,51.193,10.031,6.76
27521.00,5.000,10.220,0.189,0.189,0.000,0.000,1.0000,25.000,51.193,10.031,6.75
27526.00,5.000,10.220,0.189,0.189,0.000,0.000,1.0000,25.000,51.193,10.031,6.75
27531.00,5.000,10.220,0.189,0.189,0.000,0.000,1.0000,25.000,51.193,10.031,6.75
27536.00,5.000,10.220,0.189,0.189,0.000,0.000,1.0000,25.000,51.193,10.031,6.75
27541.00,5.000,10.220,0.189,0.189,0.000,0.000,1.0000,25.000,51.193,10.031,6.75
27546.00,5.000,10.220,0.189,0.189,0.000,0.000,1.0000,25.000,51.193,10.031,6.75
27551.00,5.000,10.220,0.189,0.189,0.000,0.000,1.0000,25.000,51.193,10.031,6.75
27556.00,5.000,10.220,0.189,0.189,0.000,0.000,1.0000,25.000,51.193,10.031,6.75
27561.00,5.000,10.220,0.189,0.189,0.000,0.000,1.0000,25.000,51.193,10.031,6.74
27566.00,5.000,10.219,0.189,0.189,0.000,0.000,1.0000,25.000,51.193,10.031,6.74
27571.00,5.000,10.219,0.189,0.189,0.000,0.000,1.0000,25.000,51.193,10.031,6.74
27576.00,5.000,10.219,0.189,0.189,0.000,0.000,1.0000,25.000,51.193,10.031,6.74
27581.00,5.000,10.219,0.188,0.188,0.000,0.000,1.0000,25.000,51.193,10.031,6.74
27586.00,5.000,10.219,0.188,0.188,0.000,0.000,1.0000,25.000,51.193,10.031,6.74
27591.00,5.000,10.219,0.188,0.188,0.000,0.000,1.0000,25.000,51.193,10.031,6.74
27596.00,5.000,10.219,0.188,0.188,0.000,0.000,1.0000,25.000,51.193,10.031,6.73
27601.00,5.000,10.219,0.188,0.188,0.000,0.000,1.0000,25.000,51.193,10.031,6.73
27606.00,5.000,10.219,0.188,0.188,0.000,0.000,1.0000,25.000,51.193,10.031,6.73
27611.00,5.000,10.219,0.188,0.188,0.000,0.000,1.0000,25.000,51.193,10.031,6.73
27616.00,5.000,10.219,0.188,0.188,0.000,0.000,1.0000,25.000,51.193,10.031,6.73
27621.00,5.000,10.219,0.188,0.188,0.000,0.000,1.0000,25.000,51.193,10.031,6.73
27626.00,5.000,10.219,0.188,0.188,0.000,0.000,1.0000,25.000,51.193,10.031,6.73
27631.00,5.000,10.219,0.188,0.188,0.000,0.000,1.0000,25.000,51.193,10.031,6.73
27636.00,5.000,10.219,0.188,0.188,0.000,0.000,1.0000,25.000,51.193,10.031,6.72
27641.00,5.000,10.219,0.188,0.188,0.000,0.000,1.0000,25.000,51.193,10.031,6.72
27646.00,5.000,10.219,0.188,0.188,0.000,0.000,1.0000,25.000,51.193,10.031,6.72
27651.00,5.000,10.219,0.188,0.188,0.000,0.000,1.0000,25.000,51.193,10.031,6.72
27656.00,5.000,10.219,0.188,0.188,0.000,0.000,1.0000,25.000,51.193,10.031,6.72
27661.00,5.000,10.219,0.188,0.188,0.000,0.000,1.0000,25.000,51.193,10.031,6.72
27666.00,5.000,10.219,0.188,0.188,0.000,0.000,1.0000,25.000,51.193,10.031,6.72
27671.00,5.000,10.219,0.188,0.188,0.000,0.000,1.0000,25.000,51.193,10.031,6.71
27676.00,5.000,10.219,0.188,0.188,0.000,0.000,1.0000,25.000,51.193,10.031,6.71
27681.00,5.000,10.219,0.188,0.188,0.000,0.000,1.0000,25.000,51.193,10.031,6.71
27686.00,5.000,10.219,0.188,0.188,0.000,0.000,1.0000,25.000,51.193,10.031,6.71
27691.00,5.000,10.219,0.188,0.188,0.000,0.000,1.0000,25.000,51.193,10.031,6.71
27696.00,5.000,10.219,0.188,0.188,0.000,0.000,1.0000,25.000,51.193,10.031,6.71
27701.00,5.000,10.219,0.188,0.188,0.000,0.000,1.0000,25.000,51.193,10.031,6.71
27706.00,5.000,10.219,0.188,0.188,0.000,0.000,1.0000,25.000,51.193,10.031,6.71
27711.00,5.000,10.219,0.188,0.188,0.000,0.000,1.0000,25.000,51.193,10.031,6.70
27716.00,5.000,10.219,0.188,0.188,0.000,0.000,1.0000,25.000,51.193,10.031,6.70
27721.00,5.000,10.219,0.188,0.188,0.000,0.000,1.0000,25.000,51.193,10.031,6.70
27726.00,5.000,10.219,0.188,0.188,0.000,0.000,1.0000,25.000,51.193,10.031,6.70
27731.00,5.000,10.219,0.188,0.188,0.000,0.000,1.0000,25.000,51.193,10.031,6.70
27736.00,5.000,10.219,0.188,0.188,0.000,0.000,1.0000,25.000,51.193,10.031,6.70
27741.00,5.000,10.219,0.188,0.188,0.000,0.000,1.0000,25.000,51.193,10.031,6.70
27746.00,5.000,10.219,0.188,0.188,0.000,0.000,1.0000,25.000,51.193,10.031,6.70
27751.00,5.000,10.219,0.188,0.188,0.000,0.000,1.0000,25.000,51.193,10.031,6.69
27756.00,5.000,10.219,0.188,0.188,0.000,0.000,1.0000,25.000,51.193,10.031,6.69
27761.00,5.000,10.219,0.188,0.188,0.000,0.000,1.0000,25.000,51.193,10.031,6.69
27766.00,5.000,10.219,0.188,0.188,0.000,0.000,1.0000,25.000,51.193,10.031,6.69
27771.00,5.000,10.218,0.188,0.188,0.000,0.000,1.0000,25.000,51.193,10.031,6.69
27776.00,5.000,10.218,0.188,0.188,0.000,0.000,1.0000,25.000,51.193,10.031,6.69
27781.00,5.000,10.218,0.187,0.187,0.000,0.000,1.0000,25.000,51.193,10.031,6.69
27786.00,5.000,10.218,0.187,0.187,0.000,0.000,1.0000,25.000,51.193,10.031,6.68
27791.00,5.000,10.218,0.187,0.187,0.000,0.000,1.0000,25.000,51.193,10.031,6.68
27796.00,5.000,10.218,0.187,0.187,0.000,0.000,1.0000,25.000,51.193,10.031,6.68
27801.00,5.000,10.218,0.187,0.187,0.000,0.000,1.0000,25.000,51.193,10.031,6.68
27806.00,5.000,10.218,0.187,0.187,0.000,0.000,1.0000,25.000,51.193,10.031,6.68
27811.00,5.000,10.218,0.187,0.187,0.000,0.000,1.0000,25.000,51.193,10.031,6.68
27816.00,5.000,10.218,0.187,0.187,0.000,0.000,1.0000,25.000,51.193,10.031,6.68
27821.00,5.000,10.218,0.187,0.187,0.000,0.000,1.0000,25.000,51.193,10.031,6.68
27826.00,5.000,10.218,0.187,0.187,0.000,0.000,1.0000,25.000,51.193,10.031,6.67
27831.00,5.000,10.218,0.187,0.187,0.000,0.000,1.0000,25.000,51.193,10.031,6.67
27836.00,5.000,10.218,0.187,0.187,0.000,0.000,1.0000,25.000,51.193,10.031,6.67
27841.00,5.000,10.218,0.187,0.187,0.000,0.000,1.0000,25.000,51.193,10.031,6.67
27846.00,5.000,10.218,0.187,0.187,0.000,0.000,1.0000,25.000,51.193,10.031,6.67
27851.00,5.000,10.218,0.187,0.187,0.000,0.000,1.0000,25.000,51.193,10.031,6.67
27856.00,5.000,10.218,0.187,0.187,0.000,0.000,1.0000,25.000,51.193,10.031,6.67
27861.00,5.000,10.218,0.187,0.187,0.000,0.000,1.0000,25.000,51.193,10.031,6.67
27866.00,5.000,10.218,0.187,0.187,0.000,0.000,1.0000,25.000,51.193,10.031,6.66
27871.00,5.000,10.218,0.187,0.187,0.000,0.000,1.0000,25.000,51.193,10.031,6.66
27876.00,5.000,10.218,0.187,0.187,0.000,0.000,1.0000,25.000,51.193,10.031,6.66
27881.00,5.000,10.218,0.187,0.187,0.000,0.000,1.0000,25.000,51.193,10.031,6.66
27886.00,5.000,10.218,0.187,0.187,0.000,0.000,1.0000,25.000,51.193,10.031,6.66
27891.00,5.000,10.218,0.187,0.187,0.000,0.000,1.0000,25.000,51.193,10.031,6.66
27896.00,5.000,10.218,0.187,0.187,0.000,0.000,1.0000,25.000,51.193,10.031,6.66
27901.00,5.000,10.218,0.187,0.187,0.000,0.000,1.0000,25.000,51.193,10.031,6.66
27906.00,5.000,10.218,0.187,0.187,0.000,0.000,1.0000,25.000,51.193,10.031,6.65
27911.00,5.000,10.218,0.187,0.187,0.000,0.000,1.0000,25.000,51.193,10.031,6.65
27916.00,5.000,10.218,0.187,0.187,0.000,0.000,1.0000,25.000,51.193,10.031,6.65
27921.00,5.000,10.218,0.187,0.187,0.000,0.000,1.0000,25.000,51.193,10.031,6.65
27926.00,5.000,10.218,0.187,0.187,0.000,0.000,1.0000,25.000,51.193,10.031,6.65
27931.00,5.000,10.218,0.187,0.187,0.000,0.000,1.0000,25.000,51.193,10.031,6.65
27936.00,5.000,10.218,0.187,0.187,0.000,0.000,1.0000,25.000,51.193,10.031,6.65
27941.00,5.000,10.218,0.187,0.187,0.000,0.000,1.0000,25.000,51.193,10.031,6.65
27946.00,5.000,10.218,0.187,0.187,0.000,0.000,1.0000,25.000,51.193,10.031,6.64
27951.00,5.000,10.218,0.187,0.187,0.000,0.000,1.0000,25.000,51.193,10.031,6.64
27956.00,5.000,10.218,0.187,0.187,0.000,0.000,1.0000,25.000,51.193,10.031,6.64
27961.00,5.000,10.218,0.187,0.187,0.000,0.000,1.0000,25.000,51.193,10.031,6.64
27966.00,5.000,10.218,0.187,0.187,0.000,0.000,1.0000,25.000,51.193,10.031,6.64
27971.00,5.000,10.218,0.187,0.187,0.000,0.000,1.0000,25.000,51.193,10.031,6.64
27976.00,5.000,10.218,0.187,0.187,0.000,0.000,1.0000,25.000,51.193,10.031,6.64
27981.00,5.000,10.217,0.187,0.187,0.000,0.000,1.0000,25.000,51.193,10.031,6.64
27986.00,5.000,10.217,0.187,0.187,0.000,0.000,1.0000,25.000,51.193,10.031,6.63
27991.00,5.000,10.217,0.186,0.186,0.000,0.000,1.0000,25.000,51.193,10.031,6.63
27996.00,5.000,10.217,0.186,0.186,0.000,0.000,1.0000,25.000,51.193,10.031,6.63
28001.00,5.000,10.217,0.186,0.186,0.000,0.000,1.0000,25.000,51.193,10.031,6.63
28006.00,5.000,10.217,0.186,0.186,0.000,0.000,1.0000,25.000,51.193,10.031,6.63
28011.00,5.000,10.217,0.186,0.186,0.000,0.000,1.0000,25.000,51.193,10.031,6.63
28016.00,5.000,10.217,0.186,0.186,0.000,0.000,1.0000,25.000,51.193,10.031,6.63
28021.00,5.000,10.217,0.186,0.186,0.000,0.000,1.0000,25.000,51.193,10.031,6.63
28026.00,5.000,10.217,0.186,0.186,0.000,0.000,1.0000,25.000,51.193,10.031,6.62
28031.00,5.000,10.217,0.186,0.186,0.000,0.000,1.0000,25.000,51.193,10.031,6.62
28036.00,5.000,10.217,0.186,0.186,0.000,0.000,1.0000,25.000,51.193,10.031,6.62
28041.00,5.000,10.217,0.186,0.186,0.000,0.000,1.0000,25.000,51.193,10.031,6.62
28046.00,5.000,10.217,0.186,0.186,0.000,0.000,1.0000,25.000,51.193,10.031,6.62
28051.00,5.000,10.217,0.186,0.186,0.000,0.000,1.0000,25.000,51.193,10.031,6.62
28056.00,5.000,10.217,0.186,0.186,0.000,0.000,1.0000,25.000,51.193,10.031,6.62
28061.00,5.000,10.217,0.186,0.186,0.000,0.000,1.0000,25.000,51.193,10.031,6.62
28066.00,5.000,10.217,0.186,0.186,0.000,0.000,1.0000,25.000,51.193,10.031,6.61
28071.00,5.000,10.217,0.186,0.186,0.000,0.000,1.0000,25.000,51.193,10.031,6.61
28076.00,5.000,10.217,0.186,0.186,0.000,0.000,1.0000,25.000,51.193,10.031,6.61
28081.00,5.000,10.217,0.186,0.186,0.000,0.000,1.0000,25.000,51.193,10.031,6.61
28086.00,5.000,10.217,0.186,0.186,0.000,0.000,1.0000,25.000,51.193,10.031,6.61
28091.00,5.000,10.217,0.186,0.186,0.000,0.000,1.0000,25.000,51.193,10.031,6.61
28096.00,5.000,10.217,0.186,0.186,0.000,0.000,1.0000,25.000,51.193,10.031,6.61
28101.00,5.000,10.217,0.186,0.186,0.000,0.000,1.0000,25.000,51.193,10.031,6.61
28106.00,5.000,10.217,0.186,0.186,0.000,0.000,1.0000,25.000,51.193,10.031,6.60
28111.00,5.000,10.217,0.186,0.186,0.000,0.000,1.0000,25.000,51.193,10.031,6.60
28116.00,5.000,10.217,0.186,0.186,0.000,0.000,1.0000,25.000,51.193,10.031,6.60
28121.00,5.000,10.217,0.186,0.186,0.000,0.000,1.0000,25.000,51.193,10.031,6.60
28126.00,5.000,10.217,0.186,0.186,0.000,0.000,1.0000,25.000,51.193,10.031,6.60
28131.00,5.000,10.217,0.186,0.186,0.000,0.000,1.0000,25.000,51.193,10.031,6.60
28136.00,5.000,10.217,0.186,0.186,0.000,0.000,1.0000,25.000,51.193,10.031,6.60
28141.00,5.000,10.217,0.186,0.186,0.000,0.000,1.0000,25.000,51.193,10.031,6.60
28146.00,5.000,10.217,0.186,0.186,0.000,0.000,1.0000,25.000,51.193,10.031,6.59
28151.00,5.000,10.217,0.186,0.186,0.000,0.000,1.0000,25.000,51.193,10.031,6.59
28156.00,5.000,10.217,0.186,0.186,0.000,0.000,1.0000,25.000,51.193,10.031,6.59
28161.00,5.000,10.217,0.186,0.186,0.000,0.000,1.0000,25.000,51.193,10.031,6.59
28166.00,5.000,10.217,0.186,0.186,0.000,0.000,1.0000,25.000,51.193,10.031,6.59
28171.00,5.000,10.217,0.186,0.186,0.000,0.000,1.0000,25.000,51.193,10.031,6.59
28176.00,5.000,10.217,0.186,0.186,0.000,0.000,1.0000,25.000,51.193,10.031,6.59
28181.00,5.000,10.217,0.186,0.186,0.000,0.000,1.0000,25.000,51.193,10.031,6.59
28186.00,5.000,10.217,0.186,0.186,0.000,0.000,1.0000,25.000,51.193,10.031,6.58
28191.00,5.000,10.217,0.186,0.186,0.000,0.000,1.0000,25.000,51.193,10.031,6.58
28196.00,5.000,10.216,0.186,0.186,0.000,0.000,1.0000,25.000,51.193,10.031,6.58
28201.00,5.000,10.216,0.186,0.186,0.000,0.000,1.0000,25.000,51.193,10.031,6.58
28206.00,5.000,10.216,0.186,0.186,0.000,0.000,1.0000,25.000,51.193,10.031,6.58
28211.00,5.000,10.216,0.185,0.185,0.000,0.000,1.0000,25.000,51.193,10.031,6.58
28216.00,5.000,10.216,0.185,0.185,0.000,0.000,1.0000,25.000,51.193,10.031,6.58
28221.00,5.000,10.216,0.185,0.185,0.000,0.000,1.0000,25.000,51.193,10.031,6.58
28226.00,5.000,10.216,0.185,0.185,0.000,0.000,1.0000,25.000,51.193,10.031,6.58
28231.00,5.000,10.216,0.185,0.185,0.000,0.000,1.0000,25.000,51.193,10.031,6.57
28236.00,5.000,10.216,0.185,0.185,0.000,0.000,1.0000,25.000,51.193,10.031,6.57
28241.00,5.000,10.216,0.185,0.185,0.000,0.000,1.0000,25.000,51.193,10.031,6.57
28246.00,5.000,10.216,0.185,0.185,0.000,0.000,1.0000,25.000,51.193,10.031,6.57
28251.00,5.000,10.216,0.185,0.185,0.000,0.000,1.0000,25.000,51.193,10.031,6.57
28256.00,5.000,10.216,0.185,0.185,0.000,0.000,1.0000,25.000,51.193,10.031,6.57
28261.00,5.000,10.216,0.185,0.185,0.000,0.000,1.0000,25.000,51.193,10.031,6.57
28266.00,5.000,10.216,0.185,0.185,0.000,0.000,1.0000,25.000,51.193,10.031,6.57
28271.00,5.000,10.216,0.185,0.185,0.000,0.000,1.0000,25.000,51.193,10.031,6.56
28276.00,5.000,10.216,0.185,0.185,0.000,0.000,1.0000,25.000,51.193,10.031,6.56
28281.00,5.000,10.216,0.185,0.185,0.000,0.000,1.0000,25.000,51.193,10.031,6.56
28286.00,5.000,10.216,0.185,0.185,0.000,0.000,1.0000,25.000,51.193,10.031,6.56
28291.00,5.000,10.216,0.185,0.185,0.000,0.000,1.0000,25.000,51.193,10.031,6.56
28296.00,5.000,10.216,0.185,0.185,0.000,0.000,1.0000,25.000,51.193,10.031,6.56
28301.00,5.000,10.216,0.185,0.185,0.000,0.000,1.0000,25.000,51.193,10.031,6.56
28306.00,5.000,10.216,0.185,0.185,0.000,0.000,1.0000,25.000,51.193,10.031,6.56
28311.00,5.000,10.216,0.185,0.185,0.000,0.000,1.0000,25.000,51.193,10.031,6.55
28316.00,5.000,10.216,0.185,0.185,0.000,0.000,1.0000,25.000,51.193,10.031,6.55
28321.00,5.000,10.216,0.185,0.185,0.000,0.000,1.0000,25.000,51.193,10.031,6.55
28326.00,5.000,10.216,0.185,0.185,0.000,0.000,1.0000,25.000,51.193,10.031,6.55
28331.00,5.000,10.216,0.185,0.185,0.000,0.000,1.0000,25.000,51.193,10.031,6.55
28336.00,5.000,10.216,0.185,0.185,0.000,0.000,1.0000,25.000,51.193,10.031,6.55
28341.00,5.000,10.216,0.185,0.185,0.000,0.000,1.0000,25.000,51.193,10.031,6.55
28346.00,5.000,10.216,0.185,0.185,0.000,0.000,1.0000,25.000,51.193,10.031,6.55
28351.00,5.000,10.216,0.185,0.185,0.000,0.000,1.0000,25.000,51.193,10.031,6.55
28356.00,5.000,10.216,0.185,0.185,0.000,0.000,1.0000,25.000,51.193,10.031,6.54
28361.00,5.000,10.216,0.185,0.185,0.000,0.000,1.0000,25.000,51.193,10.031,6.54
28366.00,5.000,10.216,0.185,0.185,0.000,0.000,1.0000,25.000,51.193,10.031,6.54
28371.00,5.000,10.216,0.185,0.185,0.000,0.000,1.0000,25.000,51.193,10.031,6.54
28376.00,5.000,10.216,0.185,0.185,0.000,0.000,1.0000,25.000,51.193,10.031,6.54
28381.00,5.000,10.216,0.185,0.185,0.000,0.000,1.0000,25.000,51.193,10.031,6.54
28386.00,5.000,10.216,0.185,0.185,0.000,0.000,1.0000,25.000,51.193,10.031,6.54
28391.00,5.000,10.216,0.185,0.185,0.000,0.000,1.0000,25.000,51.193,10.031,6.54
28396.00,5.000,10.216,0.185,0.185,0.000,0.000,1.0000,25.000,51.193,10.031,6.53
28401.00,5.000,10.216,0.185,0.185,0.000,0.000,1.0000,25.000,51.193,10.031,6.53
28406.00,5.000,10.216,0.185,0.185,0.000,0.000,1.0000,25.000,51.193,10.031,6.53
28411.00,5.000,10.216,0.185,0.185,0.000,0.000,1.0000,25.000,51.193,10.031,6.53
28416.00,5.000,10.216,0.185,0.185,0.000,0.000,1.0000,25.000,51.193,10.031,6.53
28421.00,5.000,10.215,0.185,0.185,0.000,0.000,1.0000,25.000,51.193,10.031,6.53
28426.00,5.000,10.215,0.185,0.185,0.000,0.000,1.0000,25.000,51.193,10.031,6.53
28431.00,5.000,10.215,0.185,0.185,0.000,0.000,1.0000,25.000,51.193,10.031,6.53
28436.00,5.000,10.215,0.184,0.184,0.000,0.000,1.0000,25.000,51.193,10.031,6.53
28441.00,5.000,10.215,0.184,0.184,0.000,0.000,1.0000,25.000,51.193,10.031,6.52
28446.00,5.000,10.215,0.184,0.184,0.000,0.000,1.0000,25.000,51.193,10.031,6.52
28451.00,5.000,10.215,0.184,0.184,0.000,0.000,1.0000,25.000,51.193,10.031,6.52
28456.00,5.000,10.215,0.184,0.184,0.000,0.000,1.0000,25.000,51.193,10.031,6.52
28461.00,5.000,10.215,0.184,0.184,0.000,0.000,1.0000,25.000,51.193,10.031,6.52
28466.00,5.000,10.215,0.184,0.184,0.000,0.000,1.0000,25.000,51.193,10.031,6.52
28471.00,5.000,10.215,0.184,0.184,0.000,0.000,1.0000,25.000,51.193,10.031,6.52
28476.00,5.000,10.215,0.184,0.184,0.000,0.000,1.0000,25.000,51.193,10.031,6.52
28481.00,5.000,10.215,0.184,0.184,0.000,0.000,1.0000,25.000,51.193,10.031,6.51
28486.00,5.000,10.215,0.184,0.184,0.000,0.000,1.0000,25.000,51.193,10.031,6.51
28491.00,5.000,10.215,0.184,0.184,0.000,0.000,1.0000,25.000,51.193,10.031,6.51
28496.00,5.000,10.215,0.184,0.184,0.000,0.000,1.0000,25.000,51.193,10.031,6.51
28501.00,5.000,10.215,0.184,0.184,0.000,0.000,1.0000,25.000,51.193,10.031,6.51
28506.00,5.000,10.215,0.184,0.184,0.000,0.000,1.0000,25.000,51.193,10.031,6.51
28511.00,5.000,10.215,0.184,0.184,0.000,0.000,1.0000,25.000,51.193,10.031,6.51
28516.00,5.000,10.215,0.184,0.184,0.000,0.000,1.0000,25.000,51.193,10.031,6.51
28521.00,5.000,10.215,0.184,0.184,0.000,0.000,1.0000,25.000,51.193,10.031,6.51
28526.00,5.000,10.215,0.184,0.184,0.000,0.000,1.0000,25.000,51.193,10.031,6.50
28531.00,5.000,10.215,0.184,0.184,0.000,0.000,1.0000,25.000,51.193,10.031,6.50
28536.00,5.000,10.215,0.184,0.184,0.000,0.000,1.0000,25.000,51.193,10.031,6.50
28541.00,5.000,10.215,0.184,0.184,0.000,0.000,1.0000,25.000,51.193,10.031,6.50
28546.00,5.000,10.215,0.184,0.184,0.000,0.000,1.0000,25.000,51.193,10.031,6.50
28551.00,5.000,10.215,0.184,0.184,0.000,0.000,1.0000,25.000,51.193,10.031,6.50
28556.00,5.000,10.215,0.184,0.184,0.000,0.000,1.0000,25.000,51.193,10.031,6.50
28561.00,5.000,10.215,0.184,0.184,0.000,0.000,1.0000,25.000,51.193,10.031,6.50
28566.00,5.000,10.215,0.184,0.184,0.000,0.000,1.0000,25.000,51.193,10.031,6.50
28571.00,5.000,10.215,0.184,0.184,0.000,0.000,1.0000,25.000,51.193,10.031,6.49
28576.00,5.000,10.215,0.184,0.184,0.000,0.000,1.0000,25.000,51.193,10.031,6.49
28581.00,5.000,10.215,0.184,0.184,0.000,0.000,1.0000,25.000,51.193,10.031,6.49
28586.00,5.000,10.215,0.184,0.184,0.000,0.000,1.0000,25.000,51.193,10.031,6.49
28591.00,5.000,10.215,0.184,0.184,0.000,0.000,1.0000,25.000,51.193,10.031,6.49
28596.00,5.000,10.215,0.184,0.184,0.000,0.000,1.0000,25.000,51.193,10.031,6.49
28601.00,5.000,10.215,0.184,0.184,0.000,0.000,1.0000,25.000,51.193,10.031,6.49
28606.00,5.000,10.215,0.184,0.184,0.000,0.000,1.0000,25.000,51.193,10.031,6.49
28611.00,5.000,10.215,0.184,0.184,0.000,0.000,1.0000,25.000,51.193,10.031,6.49
28616.00,5.000,10.215,0.184,0.184,0.000,0.000,1.0000,25.000,51.193,10.031,6.48
28621.00,5.000,10.215,0.184,0.184,0.000,0.000,1.0000,25.000,51.193,10.031,6.48
28626.00,5.000,10.215,0.184,0.184,0.000,0.000,1.0000,25.000,51.193,10.031,6.48
28631.00,5.000,10.215,0.184,0.184,0.000,0.000,1.0000,25.000,51.193,10.031,6.48
28636.00,5.000,10.215,0.184,0.184,0.000,0.000,1.0000,25.000,51.193,10.031,6.48
28641.00,5.000,10.215,0.184,0.184,0.000,0.000,1.0000,25.000,51.193,10.031,6.48
28646.00,5.000,10.215,0.184,0.184,0.000,0.000,1.0000,25.000,51.193,10.031,6.48
28651.00,5.000,10.215,0.184,0.184,0.000,0.000,1.0000,25.000,51.193,10.031,6.48
28656.00,5.000,10.214,0.184,0.184,0.000,0.000,1.0000,25.000,51.193,10.031,6.48
28661.00,5.000,10.214,0.184,0.184,0.000,0.000,1.0000,25.000,51.193,10.031,6.47
28666.00,5.000,10.214,0.184,0.184,0.000,0.000,1.0000,25.000,51.193,10.031,6.47
28671.00,5.000,10.214,0.183,0.183,0.000,0.000,1.0000,25.000,51.193,10.031,6.47
28676.00,5.000,10.214,0.183,0.183,0.000,0.000,1.0000,25.000,51.193,10.031,6.47
28681.00,5.000,10.214,0.183,0.183,0.000,0.000,1.0000,25.000,51.193,10.031,6.47
28686.00,5.000,10.214,0.183,0.183,0.000,0.000,1.0000,25.000,51.193,10.031,6.47
28691.00,5.000,10.214,0.183,0.183,0.000,0.000,1.0000,25.000,51.193,10.031,6.47
28696.00,5.000,10.214,0.183,0.183,0.000,0.000,1.0000,25.000,51.193,10.031,6.47
28701.00,5.000,10.214,0.183,0.183,0.000,0.000,1.0000,25.000,51.193,10.031,6.47
28706.00,5.000,10.214,0.183,0.183,0.000,0.000,1.0000,25.000,51.193,10.031,6.46
28711.00,5.000,10.214,0.183,0.183,0.000,0.000,1.0000,25.000,51.193,10.031,6.46
28716.00,5.000,10.214,0.183,0.183,0.000,0.000,1.0000,25.000,51.193,10.031,6.46
28721.00,5.000,10.214,0.183,0.183,0.000,0.000,1.0000,25.000,51.193,10.031,6.46
28726.00,5.000,10.214,0.183,0.183,0.000,0.000,1.0000,25.000,51.193,10.031,6.46
28731.00,5.000,10.214,0.183,0.183,0.000,0.000,1.0000,25.000,51.193,10.031,6.46
28736.00,5.000,10.214,0.183,0.183,0.000,0.000,1.0000,25.000,51.193,10.031,6.46
28741.00,5.000,10.214,0.183,0.183,0.000,0.000,1.0000,25.000,51.193,10.031,6.46
28746.00,5.000,10.214,0.183,0.183,0.000,0.000,1.0000,25.000,51.193,10.031,6.46
28751.00,5.000,10.214,0.183,0.183,0.000,0.000,1.0000,25.000,51.193,10.031,6.45
28756.00,5.000,10.214,0.183,0.183,0.000,0.000,1.0000,25.000,51.193,10.031,6.45
28761.00,5.000,10.214,0.183,0.183,0.000,0.000,1.0000,25.000,51.193,10.031,6.45
28766.00,5.000,10.214,0.183,0.183,0.000,0.000,1.0000,25.000,51.193,10.031,6.45
28771.00,5.000,10.214,0.183,0.183,0.000,0.000,1.0000,25.000,51.193,10.031,6.45
28776.00,5.000,10.214,0.183,0.183,0.000,0.000,1.0000,25.000,51.193,10.031,6.45
28781.00,5.000,10.214,0.183,0.183,0.000,0.000,1.0000,25.000,51.193,10.031,6.45
28786.00,5.000,10.214,0.183,0.183,0.000,0.000,1.0000,25.000,51.193,10.031,6.45
28791.00,5.000,10.214,0.183,0.183,0.000,0.000,1.0000,25.000,51.193,10.031,6.45
28796.00,5.000,10.214,0.183,0.183,0.000,0.000,1.0000,25.000,51.193,10.031,6.44
